Volatility 3 Framework 2.28.2

PID	Process	Offset	Start VPN	End VPN	Tag	Protection	CommitCharge	PrivateMemory	Parent	File	File output

1260	explorer.exe	0xffffe38ff9bda710	0x104b0000	0x1147ffff	VadS	PAGE_READWRITE	3987	1	0x0	N/A	Disabled
1260	explorer.exe	0xffffe38ff9b6df60	0x8d60000	0x8d62fff	Vad 	PAGE_READONLY	0	0	0xffffe38ff9bda710	N/A	Disabled
1260	explorer.exe	0xffffe38ff83d0b60	0x2b30000	0x2b76fff	Vad 	PAGE_WRITECOPY	71	0	0xffffe38ff9b6df60	N/A	Disabled
1260	explorer.exe	0xffffe38ffb2cbda0	0x24d0000	0x24dffff	VadS	PAGE_READWRITE	15	1	0xffffe38ff83d0b60	N/A	Disabled
1260	explorer.exe	0xffffe38ffb2cbbc0	0xb20000	0xb2cfff	VadS	PAGE_READWRITE	5	1	0xffffe38ffb2cbda0	N/A	Disabled
1260	explorer.exe	0xffffe38ffb2cac70	0x800000	0x9fffff	VadS	PAGE_READWRITE	49	1	0xffffe38ffb2cbbc0	N/A	Disabled
1260	explorer.exe	0xffffe38ff9b636a0	0x6f0000	0x6f2fff	Vad 	PAGE_READONLY	0	0	0xffffe38ffb2cac70	N/A	Disabled
1260	explorer.exe	0xffffe38ffb2cb210	0x660000	0x6dffff	VadS	PAGE_READWRITE	17	1	0xffffe38ff9b636a0	N/A	Disabled
1260	explorer.exe	0xffffe38ff9b645a0	0x630000	0x631fff	Vad 	PAGE_READONLY	0	0	0xffffe38ffb2cb210	N/A	Disabled
1260	explorer.exe	0xffffe38ff9b62e80	0x620000	0x62ffff	Vad 	PAGE_READWRITE	0	0	0xffffe38ff9b645a0	N/A	Disabled
1260	explorer.exe	0xffffe38ff9b63600	0x640000	0x65cfff	Vad 	PAGE_READONLY	0	0	0xffffe38ff9b645a0	N/A	Disabled
1260	explorer.exe	0xffffe38ff9b639c0	0x6e0000	0x6e3fff	Vad 	PAGE_READONLY	0	0	0xffffe38ffb2cb210	N/A	Disabled
1260	explorer.exe	0xffffe38ff9b648c0	0x710000	0x7d8fff	Vad 	PAGE_READONLY	0	0	0xffffe38ff9b636a0	\Windows\System32\locale.nls	Disabled
1260	explorer.exe	0xffffe38ffb2cbc10	0x700000	0x701fff	VadS	PAGE_READWRITE	2	1	0xffffe38ff9b648c0	N/A	Disabled
1260	explorer.exe	0xffffe38ff9dd9f90	0x7e0000	0x7ebfff	VadS	PAGE_READWRITE	12	1	0xffffe38ff9b648c0	N/A	Disabled
1260	explorer.exe	0xffffe38ffdc94b60	0x7f0000	0x7f2fff	Vad 	PAGE_READONLY	0	0	0xffffe38ff9dd9f90	\Windows\WinSxS\amd64_microsoft.windows.c..-controls.resources_6595b64144ccf1df_6.0.19041.1_en-gb_c3d871e478025c14\comctl32.dll.mui	Disabled
1260	explorer.exe	0xffffe38ffb2cb9e0	0xa80000	0xa8cfff	VadS	PAGE_READWRITE	10	1	0xffffe38ffb2cac70	N/A	Disabled
1260	explorer.exe	0xffffe38ff8da7ba0	0xa40000	0xa54fff	Vad 	PAGE_READONLY	0	0	0xffffe38ffb2cb9e0	\Program Files\WindowsApps\Microsoft.LanguageExperiencePacken-GB_19041.62.219.0_neutral__8wekyb3d8bbwe\Windows\System32\en-GB\wscui.cpl.mui	Disabled
1260	explorer.exe	0xffffe38ff8da7380	0xa10000	0xa11fff	Vad 	PAGE_READONLY	0	0	0xffffe38ff8da7ba0	N/A	Disabled
1260	explorer.exe	0xffffe38ff751d450	0xa00000	0xa03fff	Vad 	PAGE_READWRITE	0	0	0xffffe38ff8da7380	N/A	Disabled
1260	explorer.exe	0xffffe38ff8da7420	0xa20000	0xa34fff	Vad 	PAGE_READONLY	0	0	0xffffe38ff8da7380	\Windows\System32\wscui.cpl	Disabled
1260	explorer.exe	0xffffe38ff8da7f60	0xa60000	0xa62fff	Vad 	PAGE_READONLY	0	0	0xffffe38ff8da7ba0	N/A	Disabled
1260	explorer.exe	0xffffe38ffbb0d160	0xa70000	0xa73fff	Vad 	PAGE_READWRITE	0	0	0xffffe38ff8da7f60	\Users\Patrick\AppData\Local\Microsoft\Windows\Explorer\iconcache_idx.db	Disabled
1260	explorer.exe	0xffffe38ffdcaa460	0xae0000	0xae1fff	Vad 	PAGE_READONLY	0	0	0xffffe38ffb2cb9e0	N/A	Disabled
1260	explorer.exe	0xffffe38ffbb2d780	0xaa0000	0xaa2fff	Vad 	PAGE_READONLY	0	0	0xffffe38ffdcaa460	N/A	Disabled
1260	explorer.exe	0xffffe38ff9ed6930	0xa90000	0xa97fff	VadS	PAGE_READWRITE	8	1	0xffffe38ffbb2d780	N/A	Disabled
1260	explorer.exe	0xffffe38ffa7cea50	0xab0000	0xab0fff	VadS	PAGE_READWRITE	1	1	0xffffe38ffbb2d780	N/A	Disabled
1260	explorer.exe	0xffffe38ff9acbd50	0xac0000	0xaddfff	VadS	PAGE_READWRITE	30	1	0xffffe38ffa7cea50	N/A	Disabled
1260	explorer.exe	0xffffe38ff8847e00	0xb00000	0xb07fff	Vad 	PAGE_READONLY	0	0	0xffffe38ffdcaa460	\Windows\System32\en-US\ole32.dll.mui	Disabled
1260	explorer.exe	0xffffe38ffb2cb850	0xb10000	0xb1ffff	VadS	PAGE_READWRITE	15	1	0xffffe38ff8847e00	N/A	Disabled
1260	explorer.exe	0xffffe38ff83a9920	0x2430000	0x2431fff	Vad 	PAGE_READONLY	0	0	0xffffe38ffb2cbbc0	N/A	Disabled
1260	explorer.exe	0xffffe38ff9b66c60	0xe50000	0xfd0fff	Vad 	PAGE_READONLY	0	0	0xffffe38ff83a9920	N/A	Disabled
1260	explorer.exe	0xffffe38ffb2cb710	0xb50000	0xc4ffff	VadS	PAGE_READWRITE	255	1	0xffffe38ff9b66c60	N/A	Disabled
1260	explorer.exe	0xffffe38ff9b66bc0	0xb30000	0xb37fff	Vad 	PAGE_READONLY	0	0	0xffffe38ffb2cb710	N/A	Disabled
1260	explorer.exe	0xffffe38ff9b66800	0xb40000	0xb46fff	Vad 	PAGE_READONLY	0	0	0xffffe38ff9b66bc0	\Program Files\WindowsApps\Microsoft.LanguageExperiencePacken-GB_19041.62.219.0_neutral__8wekyb3d8bbwe\Windows\en-GB\explorer.exe.mui	Disabled
1260	explorer.exe	0xffffe38ff9b66440	0xc50000	0xe4ffff	Vad 	PAGE_READONLY	0	0	0xffffe38ffb2cb710	N/A	Disabled
1260	explorer.exe	0xffffe38ffb2cbb70	0x2410000	0x2410fff	VadS	PAGE_READWRITE	1	1	0xffffe38ff9b66c60	N/A	Disabled
1260	explorer.exe	0xffffe38ffb2de040	0x23f0000	0x23f0fff	VadS	PAGE_READWRITE	1	1	0xffffe38ffb2cbb70	N/A	Disabled
1260	explorer.exe	0xffffe38ff9b66580	0xfe0000	0x23e0fff	Vad 	PAGE_READONLY	0	0	0xffffe38ffb2de040	N/A	Disabled
1260	explorer.exe	0xffffe38ff83a7580	0x2400000	0x2400fff	Vad 	PAGE_READWRITE	0	0	0xffffe38ffb2de040	N/A	Disabled
1260	explorer.exe	0xffffe38ff83a8a20	0x2420000	0x2420fff	Vad 	PAGE_READONLY	0	0	0xffffe38ffb2cbb70	N/A	Disabled
1260	explorer.exe	0xffffe38ff83b48c0	0x2470000	0x2470fff	Vad 	PAGE_READWRITE	0	0	0xffffe38ff83a9920	N/A	Disabled
1260	explorer.exe	0xffffe38ff83ad480	0x2450000	0x2456fff	Vad 	PAGE_READONLY	0	0	0xffffe38ff83b48c0	\Windows\Registration\R000000000006.clb	Disabled
1260	explorer.exe	0xffffe38ff83aa960	0x2440000	0x2440fff	Vad 	PAGE_READONLY	0	0	0xffffe38ff83ad480	N/A	Disabled
1260	explorer.exe	0xffffe38ffb2cbc60	0x2460000	0x246ffff	VadS	PAGE_NOACCESS	1	1	0xffffe38ff83ad480	N/A	Disabled
1260	explorer.exe	0xffffe38ff83b4d20	0x2490000	0x24a6fff	Vad 	PAGE_READONLY	0	0	0xffffe38ff83b48c0	\Users\Patrick\AppData\Local\Microsoft\Windows\Caches\{AFBF9F1A-8EE8-4C77-AF34-C647E37CA0D9}.1.ver0x0000000000000001.db	Disabled
1260	explorer.exe	0xffffe38ffb2cc110	0x2480000	0x2480fff	VadS	PAGE_READWRITE	1	1	0xffffe38ff83b4d20	N/A	Disabled
1260	explorer.exe	0xffffe38ff83b4320	0x24b0000	0x24b0fff	Vad 	PAGE_READWRITE	0	0	0xffffe38ff83b4d20	N/A	Disabled
1260	explorer.exe	0xffffe38ffb2cc250	0x24c0000	0x24c0fff	VadS	PAGE_READWRITE	1	1	0xffffe38ff83b4320	N/A	Disabled
1260	explorer.exe	0xffffe38ff7aa5660	0x2930000	0x2932fff	Vad 	PAGE_READONLY	0	0	0xffffe38ffb2cbda0	N/A	Disabled
1260	explorer.exe	0xffffe38ff9b696e0	0x2880000	0x2881fff	Vad 	PAGE_READONLY	0	0	0xffffe38ff7aa5660	N/A	Disabled
1260	explorer.exe	0xffffe38ffd888540	0x2840000	0x2846fff	Vad 	PAGE_READONLY	0	0	0xffffe38ff9b696e0	\Windows\System32\en-GB\explorerframe.dll.mui	Disabled
1260	explorer.exe	0xffffe38ff9b66620	0x24e0000	0x2817fff	Vad 	PAGE_READONLY	0	0	0xffffe38ffd888540	\Windows\Globalization\Sorting\SortDefault.nls	Disabled
1260	explorer.exe	0xffffe38ff9ad1ed0	0x2860000	0x2860fff	VadS	PAGE_READWRITE	1	1	0xffffe38ffd888540	N/A	Disabled
1260	explorer.exe	0xffffe38ffdc8a2a0	0x2850000	0x2850fff	Vad 	PAGE_READWRITE	0	0	0xffffe38ff9ad1ed0	N/A	Disabled
1260	explorer.exe	0xffffe38ff9ad1520	0x2870000	0x2878fff	VadS	PAGE_READWRITE	9	1	0xffffe38ff9ad1ed0	N/A	Disabled
1260	explorer.exe	0xffffe38ff9dd6cf0	0x28d0000	0x28d7fff	VadS	PAGE_READWRITE	8	1	0xffffe38ff9b696e0	N/A	Disabled
1260	explorer.exe	0xffffe38ffdc89120	0x28b0000	0x28bffff	Vad 	PAGE_READWRITE	0	0	0xffffe38ff9dd6cf0	N/A	Disabled
1260	explorer.exe	0xffffe38ffdc87aa0	0x28a0000	0x28a0fff	Vad 	PAGE_READONLY	0	0	0xffffe38ffdc89120	N/A	Disabled
1260	explorer.exe	0xffffe38ff9ad11b0	0x2890000	0x2890fff	VadS	PAGE_READWRITE	1	1	0xffffe38ffdc87aa0	N/A	Disabled
1260	explorer.exe	0xffffe38ff9ad1980	0x28c0000	0x28c0fff	VadS	PAGE_READWRITE	1	1	0xffffe38ffdc89120	N/A	Disabled
1260	explorer.exe	0xffffe38ff9ad1570	0x2900000	0x2902fff	VadS	PAGE_READWRITE	3	1	0xffffe38ff9dd6cf0	N/A	Disabled
1260	explorer.exe	0xffffe38ff7959400	0x28f0000	0x28f0fff	VadS	PAGE_READWRITE	1	1	0xffffe38ff9ad1570	N/A	Disabled
1260	explorer.exe	0xffffe38ffdc8a520	0x28e0000	0x28e1fff	Vad 	PAGE_READWRITE	0	0	0xffffe38ff7959400	N/A	Disabled
1260	explorer.exe	0xffffe38ff67b9110	0x2910000	0x2911fff	Vad 	PAGE_READWRITE	0	0	0xfffffffffffffffc	N/A	Disabled
1260	explorer.exe	0xffffe38ffbb163a0	0x2ab0000	0x2ab1fff	Vad 	PAGE_READONLY	0	0	0xffffe38ff7aa5660	N/A	Disabled
1260	explorer.exe	0xffffe38ffbb2ecc0	0x2990000	0x2992fff	Vad 	PAGE_READONLY	0	0	0xffffe38ffbb163a0	N/A	Disabled
1260	explorer.exe	0xffffe38ffdc8aa20	0x2960000	0x2963fff	Vad 	PAGE_READWRITE	0	0	0xffffe38ffbb2ecc0	N/A	Disabled
1260	explorer.exe	0xffffe38ffd8b25c0	0x2940000	0x2950fff	Vad 	PAGE_READONLY	0	0	0xffffe38ffdc8aa20	\Windows\System32\C_20127.NLS	Disabled
1260	explorer.exe	0xffffe38ff9ad2330	0x2970000	0x2973fff	VadS	PAGE_READWRITE	4	1	0xffffe38ffdc8aa20	N/A	Disabled
1260	explorer.exe	0xffffe38ffb4ca590	0x2a20000	0x2a9ffff	VadS	PAGE_READWRITE	17	1	0xffffe38ffbb2ecc0	N/A	Disabled
1260	explorer.exe	0xffffe38ff74bb190	0x29a0000	0x2a1ffff	VadS	PAGE_READWRITE	17	1	0xffffe38ffb4ca590	N/A	Disabled
1260	explorer.exe	0xffffe38ffbb18a60	0x2af0000	0x2af0fff	Vad 	PAGE_READWRITE	0	0	0xffffe38ffbb163a0	N/A	Disabled
1260	explorer.exe	0xffffe38ffa7cef00	0x2ad0000	0x2ad1fff	VadS	PAGE_READWRITE	2	1	0xffffe38ffbb18a60	N/A	Disabled
1260	explorer.exe	0xffffe38ff9bccfc0	0x2ac0000	0x2ac2fff	VadS	PAGE_READWRITE	3	1	0xffffe38ffa7cef00	N/A	Disabled
1260	explorer.exe	0xffffe38ffd886420	0x2ae0000	0x2ae3fff	Vad 	PAGE_READWRITE	0	0	0xffffe38ffa7cef00	N/A	Disabled
1260	explorer.exe	0xffffe38ff9ecdd30	0x2b10000	0x2b10fff	VadS	PAGE_READWRITE	1	1	0xffffe38ffbb18a60	N/A	Disabled
1260	explorer.exe	0xffffe38ff9b68a60	0x2b20000	0x2b24fff	Vad 	PAGE_READONLY	0	0	0xffffe38ff9ecdd30	\Program Files\WindowsApps\Microsoft.LanguageExperiencePacken-GB_19041.62.219.0_neutral__8wekyb3d8bbwe\Windows\System32\en-GB\hcproviders.dll.mui	Disabled
1260	explorer.exe	0xffffe38ffb2cd240	0x3090000	0x318ffff	VadS	PAGE_READWRITE	1	1	0xffffe38ff83d0b60	N/A	Disabled
1260	explorer.exe	0xffffe38ff6f823b0	0x2e00000	0x2e63fff	Vad 	PAGE_READONLY	0	0	0xffffe38ffb2cd240	\Program Files\WindowsApps\Microsoft.LanguageExperiencePacken-GB_19041.62.219.0_neutral__8wekyb3d8bbwe\Windows\System32\en-GB\shell32.dll.mui	Disabled
1260	explorer.exe	0xffffe38ffbb07120	0x2d40000	0x2d45fff	Vad 	PAGE_READONLY	0	0	0xffffe38ff6f823b0	\Windows\Globalization\ICU\windowsZones.res	Disabled
1260	explorer.exe	0xffffe38ff9dce820	0x2cf0000	0x2cf7fff	VadS	PAGE_READWRITE	8	1	0xffffe38ffbb07120	N/A	Disabled
1260	explorer.exe	0xffffe38ff6fa4b70	0x2bc0000	0x2bc3fff	Vad 	PAGE_READONLY	0	0	0xffffe38ff9dce820	\Windows\rescache\_merged\1434251950\382455913.pri	Disabled
1260	explorer.exe	0xffffe38ff6fa2e10	0x2b90000	0x2bb0fff	Vad 	PAGE_READONLY	0	0	0xffffe38ff6fa4b70	\Windows\SystemResources\ShellComponents\ShellComponents.pri	Disabled
1260	explorer.exe	0xffffe38ff9b68b00	0x2b80000	0x2b8cfff	Vad 	PAGE_READONLY	0	0	0xffffe38ff6fa2e10	\Program Files\WindowsApps\Microsoft.LanguageExperiencePacken-GB_19041.62.219.0_neutral__8wekyb3d8bbwe\Windows\System32\en-GB\ActionCenter.dll.mui	Disabled
1260	explorer.exe	0xffffe38ffb2cc340	0x2bd0000	0x2ccffff	VadS	PAGE_READWRITE	255	1	0xffffe38ff6fa4b70	N/A	Disabled
1260	explorer.exe	0xffffe38ff77bac30	0x2d20000	0x2d20fff	Vad 	PAGE_READONLY	0	0	0xffffe38ff9dce820	N/A	Disabled
1260	explorer.exe	0xffffe38ff83af960	0x2d30000	0x2d35fff	Vad 	PAGE_READONLY	0	0	0xffffe38ff77bac30	\Program Files\WindowsApps\Microsoft.LanguageExperiencePacken-GB_19041.62.219.0_neutral__8wekyb3d8bbwe\Windows\System32\en-GB\Windows.UI.Immersive.dll.mui	Disabled
1260	explorer.exe	0xffffe38ff916b700	0x2d90000	0x2d93fff	Vad 	PAGE_READWRITE	0	0	0xffffe38ffbb07120	\Users\Patrick\AppData\Local\Microsoft\Windows\Explorer\iconcache_idx.db	Disabled
1260	explorer.exe	0xffffe38ff77b4bf0	0x2d60000	0x2d62fff	Vad 	PAGE_READONLY	0	0	0xffffe38ff916b700	N/A	Disabled
1260	explorer.exe	0xffffe38ffa357790	0x2d50000	0x2d58fff	VadS	PAGE_READWRITE	9	1	0xffffe38ff77b4bf0	N/A	Disabled
1260	explorer.exe	0xffffe38ff77b4f10	0x2d70000	0x2d72fff	Vad 	PAGE_READONLY	0	0	0xffffe38ff77b4bf0	N/A	Disabled
1260	explorer.exe	0xffffe38ffa7c9af0	0x2d80000	0x2d80fff	VadS	PAGE_READWRITE	1	1	0xffffe38ff77b4f10	N/A	Disabled
1260	explorer.exe	0xffffe38ffa7cef50	0x2dc0000	0x2dc0fff	VadS	PAGE_READWRITE	1	1	0xffffe38ff916b700	N/A	Disabled
1260	explorer.exe	0xffffe38ffa6434e0	0x2da0000	0x2da2fff	Vad 	PAGE_READONLY	0	0	0xffffe38ffa7cef50	N/A	Disabled
1260	explorer.exe	0xffffe38ffa645740	0x2db0000	0x2db1fff	Vad 	PAGE_READONLY	0	0	0xffffe38ffa6434e0	N/A	Disabled
1260	explorer.exe	0xffffe38ffa6498e0	0x2de0000	0x2de1fff	Vad 	PAGE_READONLY	0	0	0xffffe38ffa7cef50	N/A	Disabled
1260	explorer.exe	0xffffe38ffa647ea0	0x2dd0000	0x2dd2fff	Vad 	PAGE_READONLY	0	0	0xffffe38ffa6498e0	N/A	Disabled
1260	explorer.exe	0xffffe38ffd899d40	0x2df0000	0x2df1fff	Vad 	PAGE_READONLY	0	0	0xffffe38ffa6498e0	N/A	Disabled
1260	explorer.exe	0xffffe38ffb2cd150	0x2f70000	0x2feffff	VadS	PAGE_READWRITE	17	1	0xffffe38ff6f823b0	N/A	Disabled
1260	explorer.exe	0xffffe38ff9b6c700	0x2f20000	0x2f20fff	Vad 	PAGE_READWRITE	0	0	0xffffe38ffb2cd150	N/A	Disabled
1260	explorer.exe	0xffffe38ffb2d9d60	0x2ef0000	0x2ef0fff	VadS	PAGE_READWRITE	1	1	0xffffe38ff9b6c700	N/A	Disabled
1260	explorer.exe	0xffffe38ffa6d3550	0x2eb0000	0x2eb7fff	VadS	PAGE_READWRITE	8	1	0xffffe38ffb2d9d60	N/A	Disabled
1260	explorer.exe	0xffffe38ffb5c5590	0x2ea0000	0x2ea0fff	VadS	PAGE_READWRITE	1	1	0xffffe38ffb2d9d60	N/A	Disabled
1260	explorer.exe	0xffffe38ffb2dab70	0x2f00000	0x2f00fff	VadS	PAGE_READWRITE	1	1	0xffffe38ffb2d9d60	N/A	Disabled
1260	explorer.exe	0xffffe38ff83a7ee0	0x2f10000	0x2f12fff	Vad 	PAGE_READONLY	0	0	0xffffe38ffb2dab70	N/A	Disabled
1260	explorer.exe	0xffffe38ffb2da9e0	0x2f40000	0x2f40fff	VadS	PAGE_READWRITE	1	1	0xffffe38ff9b6c700	N/A	Disabled
1260	explorer.exe	0xffffe38ff9b6ce80	0x2f30000	0x2f30fff	Vad 	PAGE_READWRITE	0	0	0xffffe38ffb2da9e0	N/A	Disabled
1260	explorer.exe	0xffffe38ffa65c4e0	0x2f50000	0x2f50fff	Vad 	PAGE_READONLY	0	0	0xffffe38ffb2da9e0	\Windows\System32\en-US\DfsShlEx.dll.mui	Disabled
1260	explorer.exe	0xffffe38ffa660400	0x2f60000	0x2f61fff	Vad 	PAGE_READONLY	0	0	0xffffe38ffa65c4e0	N/A	Disabled
1260	explorer.exe	0xffffe38ffb5e0a20	0x3020000	0x3020fff	VadS	PAGE_READWRITE	1	1	0xffffe38ffb2cd150	N/A	Disabled
1260	explorer.exe	0xffffe38ff6f815f0	0x3000000	0x3001fff	Vad 	PAGE_READONLY	0	0	0xffffe38ffb5e0a20	N/A	Disabled
1260	explorer.exe	0xffffe38ffb2cd1a0	0x2ff0000	0x2ff0fff	VadS	PAGE_READWRITE	1	1	0xffffe38ff6f815f0	N/A	Disabled
1260	explorer.exe	0xffffe38ff9dda120	0x3010000	0x3010fff	VadS	PAGE_READWRITE	1	1	0xffffe38ff6f815f0	N/A	Disabled
1260	explorer.exe	0xffffe38ffb5e0c00	0x3060000	0x3060fff	VadS	PAGE_READWRITE	1	1	0xffffe38ffb5e0a20	N/A	Disabled
1260	explorer.exe	0xffffe38ff917fde0	0x3040000	0x3044fff	Vad 	PAGE_READONLY	0	0	0xffffe38ffb5e0c00	\Program Files\WindowsApps\Microsoft.LanguageExperiencePacken-GB_19041.62.219.0_neutral__8wekyb3d8bbwe\Windows\System32\en-GB\InputSwitch.dll.mui	Disabled
1260	explorer.exe	0xffffe38ffd8aa5a0	0x3030000	0x303bfff	Vad 	PAGE_READWRITE	0	0	0xffffe38ff917fde0	N/A	Disabled
1260	explorer.exe	0xffffe38ff9182b80	0x3050000	0x3051fff	Vad 	PAGE_READONLY	0	0	0xffffe38ff917fde0	N/A	Disabled
1260	explorer.exe	0xffffe38ff917fd40	0x3070000	0x3072fff	Vad 	PAGE_READONLY	0	0	0xffffe38ffb5e0c00	N/A	Disabled
1260	explorer.exe	0xffffe38ff914ea60	0x55e0000	0x55effff	Vad 	PAGE_READWRITE	0	0	0xffffe38ffb2cd240	N/A	Disabled
1260	explorer.exe	0xffffe38ffb2d6390	0x3c60000	0x3d5ffff	VadS	PAGE_READWRITE	255	1	0xffffe38ff914ea60	N/A	Disabled
1260	explorer.exe	0xffffe38ff914f820	0x3220000	0x3226fff	Vad 	PAGE_READONLY	0	0	0xffffe38ffb2d6390	\Program Files\WindowsApps\Microsoft.LanguageExperiencePacken-GB_19041.62.219.0_neutral__8wekyb3d8bbwe\Windows\System32\en-GB\oleaccrc.dll.mui	Disabled
1260	explorer.exe	0xffffe38ffdc98120	0x31d0000	0x31dffff	Vad 	PAGE_READWRITE	0	0	0xffffe38ff914f820	N/A	Disabled
1260	explorer.exe	0xffffe38ffbb09d80	0x31a0000	0x31a6fff	Vad 	PAGE_READONLY	0	0	0xffffe38ffdc98120	\Program Files\WindowsApps\Microsoft.LanguageExperiencePacken-GB_19041.62.219.0_neutral__8wekyb3d8bbwe\Windows\System32\en-GB\user32.dll.mui	Disabled
1260	explorer.exe	0xffffe38ff9148480	0x3190000	0x3191fff	Vad 	PAGE_READONLY	0	0	0xffffe38ffbb09d80	\Windows\System32\oleaccrc.dll	Disabled
1260	explorer.exe	0xffffe38ffdc9a9c0	0x31b0000	0x31b1fff	Vad 	PAGE_READONLY	0	0	0xffffe38ffbb09d80	N/A	Disabled
1260	explorer.exe	0xffffe38ffdca5dc0	0x31f0000	0x31fffff	Vad 	PAGE_READWRITE	0	0	0xffffe38ffdc98120	N/A	Disabled
1260	explorer.exe	0xffffe38ffdc9d580	0x31e0000	0x31effff	Vad 	PAGE_READWRITE	0	0	0xffffe38ffdca5dc0	N/A	Disabled
1260	explorer.exe	0xffffe38ff9152e80	0x3c30000	0x3c33fff	Vad 	PAGE_READONLY	0	0	0xffffe38ff914f820	N/A	Disabled
1260	explorer.exe	0xffffe38ff914f460	0x3230000	0x3c2ffff	Vad 	PAGE_READONLY	0	0	0xffffe38ff9152e80	N/A	Disabled
1260	explorer.exe	0xffffe38ffb2d5e40	0x3c40000	0x3c4cfff	VadS	PAGE_READWRITE	2	1	0xffffe38ff9152e80	N/A	Disabled
1260	explorer.exe	0xffffe38ff9b6ec80	0x3c50000	0x3c52fff	Vad 	PAGE_READONLY	0	0	0xffffe38ffb2d5e40	N/A	Disabled
1260	explorer.exe	0xffffe38ff9ed6110	0x5160000	0x51bbfff	VadS	PAGE_READWRITE	92	1	0xffffe38ffb2d6390	N/A	Disabled
1260	explorer.exe	0xffffe38ff97e7950	0x4fe0000	0x4fe0fff	VadS	PAGE_READWRITE	1	1	0xffffe38ff9ed6110	N/A	Disabled
1260	explorer.exe	0xffffe38ffb2d62a0	0x3d70000	0x3d70fff	VadS	PAGE_READWRITE	1	1	0xffffe38ff97e7950	N/A	Disabled
1260	explorer.exe	0xffffe38ff915b9e0	0x3d80000	0x4fdffff	Vad 	PAGE_READONLY	0	0	0xffffe38ffb2d62a0	\Windows\Fonts\StaticCache.dat	Disabled
1260	explorer.exe	0xffffe38ff9ed5f30	0x5060000	0x50dffff	VadS	PAGE_READWRITE	128	1	0xffffe38ff97e7950	N/A	Disabled
1260	explorer.exe	0xffffe38ffbb04b00	0x5000000	0x5026fff	Vad 	PAGE_READONLY	0	0	0xffffe38ff9ed5f30	\Windows\Globalization\ICU\zoneinfo64.res	Disabled
1260	explorer.exe	0xffffe38ffa7cf7c0	0x4ff0000	0x4ff2fff	VadS	PAGE_READWRITE	3	1	0xffffe38ffbb04b00	N/A	Disabled
1260	explorer.exe	0xffffe38ffa7d0210	0x50f0000	0x50f0fff	VadS	PAGE_READWRITE	1	1	0xffffe38ff9ed5f30	N/A	Disabled
1260	explorer.exe	0xffffe38ffdc88680	0x5100000	0x5136fff	Vad 	PAGE_READWRITE	0	0	0xffffe38ffa7d0210	N/A	Disabled
1260	explorer.exe	0xffffe38ffd8901a0	0x5510000	0x5512fff	Vad 	PAGE_READONLY	0	0	0xffffe38ff9ed6110	N/A	Disabled
1260	explorer.exe	0xffffe38ff9aca680	0x5450000	0x54cffff	VadS	PAGE_READWRITE	17	1	0xffffe38ffd8901a0	N/A	Disabled
1260	explorer.exe	0xffffe38ffdc84620	0x51c0000	0x544afff	Vad 	PAGE_READWRITE	0	0	0xffffe38ff9aca680	N/A	Disabled
1260	explorer.exe	0xffffe38ffa7d0350	0x54f0000	0x54f3fff	VadS	PAGE_READWRITE	4	1	0xffffe38ff9aca680	N/A	Disabled
1260	explorer.exe	0xffffe38ff71b1090	0x55a0000	0x55a0fff	VadS	PAGE_READWRITE	1	1	0xffffe38ffd8901a0	N/A	Disabled
1260	explorer.exe	0xffffe38ffd895600	0x5540000	0x5544fff	Vad 	PAGE_READONLY	0	0	0xffffe38ff71b1090	\Program Files\WindowsApps\Microsoft.LanguageExperiencePacken-GB_19041.62.219.0_neutral__8wekyb3d8bbwe\Windows\System32\en-GB\twext.dll.mui	Disabled
1260	explorer.exe	0xffffe38ffb2d63e0	0x55c0000	0x55c0fff	VadS	PAGE_READWRITE	1	1	0xffffe38ff71b1090	N/A	Disabled
1260	explorer.exe	0xffffe38ffb2d6110	0x55b0000	0x55b0fff	VadS	PAGE_READWRITE	1	1	0xffffe38ffb2d63e0	N/A	Disabled
1260	explorer.exe	0xffffe38ff915ab80	0x55d0000	0x55d3fff	Vad 	PAGE_READONLY	0	0	0xffffe38ffb2d63e0	\ProgramData\Microsoft\Windows\Caches\cversions.2.db	Disabled
1260	explorer.exe	0xffffe38ffb2d7510	0x6190000	0x6198fff	VadS	PAGE_READWRITE	9	1	0xffffe38ff914ea60	N/A	Disabled
1260	explorer.exe	0xffffe38ff916ada0	0x5720000	0x5732fff	Vad 	PAGE_READONLY	0	0	0xffffe38ffb2d7510	\Program Files\WindowsApps\Microsoft.LanguageExperiencePacken-GB_19041.62.219.0_neutral__8wekyb3d8bbwe\Windows\System32\en-GB\propsys.dll.mui	Disabled
1260	explorer.exe	0xffffe38ffb2d69d0	0x5610000	0x5610fff	VadS	PAGE_READWRITE	1	1	0xffffe38ff916ada0	N/A	Disabled
1260	explorer.exe	0xffffe38ff9156e40	0x55f0000	0x55fffff	Vad 	PAGE_READWRITE	0	0	0xffffe38ffb2d69d0	N/A	Disabled
1260	explorer.exe	0xffffe38ff915d420	0x5600000	0x560ffff	Vad 	PAGE_READWRITE	0	0	0xffffe38ff9156e40	N/A	Disabled
1260	explorer.exe	0xffffe38ff915d4c0	0x5670000	0x5673fff	Vad 	PAGE_READONLY	0	0	0xffffe38ffb2d69d0	\ProgramData\Microsoft\Windows\Caches\cversions.2.db	Disabled
1260	explorer.exe	0xffffe38ff915b6c0	0x5620000	0x5668fff	Vad 	PAGE_READONLY	0	0	0xffffe38ff915d4c0	\ProgramData\Microsoft\Windows\Caches\{6AF0698E-D558-4F6E-9B3C-3716689AF493}.2.ver0x0000000000000002.db	Disabled
1260	explorer.exe	0xffffe38ff915d560	0x5680000	0x571bfff	Vad 	PAGE_READONLY	0	0	0xffffe38ff915d4c0	\ProgramData\Microsoft\Windows\Caches\{DDF571F2-BE98-426D-8288-1A9A39C3FDA2}.2.ver0x0000000000000002.db	Disabled
1260	explorer.exe	0xffffe38ff9155860	0x5f60000	0x5f60fff	Vad 	PAGE_READWRITE	0	0	0xffffe38ff916ada0	N/A	Disabled
1260	explorer.exe	0xffffe38ffb2d6c00	0x5750000	0x5750fff	VadS	PAGE_READWRITE	1	1	0xffffe38ff9155860	N/A	Disabled
1260	explorer.exe	0xffffe38ff9170160	0x5740000	0x574afff	Vad 	PAGE_READONLY	0	0	0xffffe38ffb2d6c00	\Program Files\WindowsApps\Microsoft.LanguageExperiencePacken-GB_19041.62.219.0_neutral__8wekyb3d8bbwe\Windows\System32\en-GB\windows.storage.dll.mui	Disabled
1260	explorer.exe	0xffffe38ffb2d7010	0x5760000	0x5f5ffff	VadS	PAGE_NOACCESS	9	1	0xffffe38ffb2d6c00	N/A	Disabled
1260	explorer.exe	0xffffe38ffb2d6ca0	0x5f80000	0x5f80fff	VadS	PAGE_READWRITE	1	1	0xffffe38ff9155860	N/A	Disabled
1260	explorer.exe	0xffffe38ff91573e0	0x5f70000	0x5f70fff	Vad 	PAGE_READWRITE	0	0	0xffffe38ffb2d6ca0	N/A	Disabled
1260	explorer.exe	0xffffe38ffb2d6cf0	0x5f90000	0x618ffff	VadS	PAGE_READWRITE	508	1	0xffffe38ffb2d6ca0	N/A	Disabled
1260	explorer.exe	0xffffe38ffb2dc1a0	0x8b60000	0x8b60fff	VadS	PAGE_READWRITE	1	1	0xffffe38ffb2d7510	N/A	Disabled
1260	explorer.exe	0xffffe38ffdc960a0	0x8350000	0x8350fff	Vad 	PAGE_READONLY	0	0	0xffffe38ffb2dc1a0	\Windows\System32\imageres.dll	Disabled
1260	explorer.exe	0xffffe38ffb2d7c40	0x61d0000	0x81cffff	VadS	PAGE_READWRITE	4980	1	0xffffe38ffdc960a0	N/A	Disabled
1260	explorer.exe	0xffffe38ffb2d76a0	0x61b0000	0x61b2fff	VadS	PAGE_READWRITE	3	1	0xffffe38ffb2d7c40	N/A	Disabled
1260	explorer.exe	0xffffe38ffb2d77e0	0x61a0000	0x61a0fff	VadS	PAGE_READWRITE	1	1	0xffffe38ffb2d76a0	N/A	Disabled
1260	explorer.exe	0xffffe38ff9b68100	0x61c0000	0x61c0fff	Vad 	PAGE_READONLY	0	0	0xffffe38ffb2d76a0	N/A	Disabled
1260	explorer.exe	0xffffe38ffb2d7420	0x8250000	0x82cffff	VadS	PAGE_READWRITE	21	1	0xffffe38ffb2d7c40	N/A	Disabled
1260	explorer.exe	0xffffe38ffb2d7bf0	0x81d0000	0x824ffff	VadS	PAGE_READWRITE	17	1	0xffffe38ffb2d7420	N/A	Disabled
1260	explorer.exe	0xffffe38ffb2d78d0	0x82d0000	0x834ffff	VadS	PAGE_READWRITE	17	1	0xffffe38ffb2d7420	N/A	Disabled
1260	explorer.exe	0xffffe38ffb2dc010	0x8540000	0x893ffff	VadS	PAGE_READWRITE	1019	1	0xffffe38ffdc960a0	N/A	Disabled
1260	explorer.exe	0xffffe38ff9b67e80	0x83d0000	0x83d3fff	Vad 	PAGE_READONLY	0	0	0xffffe38ffb2dc010	\Users\Patrick\AppData\Local\Microsoft\Windows\Caches\cversions.3.db	Disabled
1260	explorer.exe	0xffffe38ff9b6cde0	0x83e0000	0x8520fff	Vad 	PAGE_READONLY	0	0	0xffffe38ff9b67e80	\Windows\System32\en-US\KernelBase.dll.mui	Disabled
1260	explorer.exe	0xffffe38ffb2dc100	0x8950000	0x8950fff	VadS	PAGE_READWRITE	1	1	0xffffe38ffb2dc010	N/A	Disabled
1260	explorer.exe	0xffffe38ffb2dc0b0	0x8940000	0x8940fff	VadS	PAGE_READWRITE	1	1	0xffffe38ffb2dc100	N/A	Disabled
1260	explorer.exe	0xffffe38ffb2dc1f0	0x8960000	0x8b5ffff	VadS	PAGE_READWRITE	507	1	0xffffe38ffb2dc100	N/A	Disabled
1260	explorer.exe	0xffffe38ffb2dd550	0x8c30000	0x8c30fff	VadS	PAGE_READWRITE	1	1	0xffffe38ffb2dc1a0	N/A	Disabled
1260	explorer.exe	0xffffe38ffb2dc510	0x8ba0000	0x8ba0fff	VadS	PAGE_READWRITE	1	1	0xffffe38ffb2dd550	N/A	Disabled
1260	explorer.exe	0xffffe38ffb2dcc90	0x8b80000	0x8b89fff	VadS	PAGE_READWRITE	10	1	0xffffe38ffb2dc510	N/A	Disabled
1260	explorer.exe	0xffffe38ff9b6da60	0x8bc0000	0x8bcffff	Vad 	PAGE_READONLY	0	0	0xffffe38ffb2dc510	N/A	Disabled
1260	explorer.exe	0xffffe38ff9b6cac0	0x8bb0000	0x8bb2fff	Vad 	PAGE_READONLY	0	0	0xffffe38ff9b6da60	N/A	Disabled
1260	explorer.exe	0xffffe38ff9b6dc40	0x8bd0000	0x8c22fff	Vad 	PAGE_READONLY	0	0	0xffffe38ff9b6da60	\Windows\ServiceProfiles\LocalService\AppData\Local\FontCache\~FontCache-System.dat	Disabled
1260	explorer.exe	0xffffe38ff9181b40	0x8ce0000	0x8ce4fff	Vad 	PAGE_READONLY	0	0	0xffffe38ffb2dd550	\Program Files\WindowsApps\Microsoft.LanguageExperiencePacken-GB_19041.62.219.0_neutral__8wekyb3d8bbwe\Windows\System32\en-GB\stobject.dll.mui	Disabled
1260	explorer.exe	0xffffe38ffb2dcec0	0x8c50000	0x8ccffff	VadS	PAGE_READWRITE	17	1	0xffffe38ff9181b40	N/A	Disabled
1260	explorer.exe	0xffffe38ffb2dd780	0x8c40000	0x8c40fff	VadS	PAGE_READWRITE	1	1	0xffffe38ffb2dcec0	N/A	Disabled
1260	explorer.exe	0xffffe38ffb2df170	0x8cd0000	0x8cd0fff	VadS	PAGE_READWRITE	1	1	0xffffe38ffb2dcec0	N/A	Disabled
1260	explorer.exe	0xffffe38ff9b71020	0x8d00000	0x8d03fff	Vad 	PAGE_READONLY	0	0	0xffffe38ff9181b40	\ProgramData\Microsoft\Windows\Caches\cversions.2.db	Disabled
1260	explorer.exe	0xffffe38ff9b71de0	0x8cf0000	0x8cfcfff	Vad 	PAGE_READONLY	0	0	0xffffe38ff9b71020	\Windows\System32\en-GB\dsreg.dll.mui	Disabled
1260	explorer.exe	0xffffe38ff83c5300	0xb690000	0xb690fff	Vad 	PAGE_READONLY	0	0	0xffffe38ff9b6df60	N/A	Disabled
1260	explorer.exe	0xffffe38ffa345db0	0x9c00000	0x9c0ffff	VadS	PAGE_READWRITE	2	1	0xffffe38ff83c5300	N/A	Disabled
1260	explorer.exe	0xffffe38ffb5d03a0	0x90f0000	0x91effff	VadS	PAGE_READWRITE	41	1	0xffffe38ffa345db0	N/A	Disabled
1260	explorer.exe	0xffffe38ff9b703a0	0x8f30000	0x8f32fff	Vad 	PAGE_READONLY	0	0	0xffffe38ffb5d03a0	N/A	Disabled
1260	explorer.exe	0xffffe38ffb2de630	0x8e80000	0x8efffff	VadS	PAGE_READWRITE	17	1	0xffffe38ff9b703a0	N/A	Disabled
1260	explorer.exe	0xffffe38ffbb1a680	0x8df0000	0x8df2fff	Vad 	PAGE_READONLY	0	0	0xffffe38ffb2de630	N/A	Disabled
1260	explorer.exe	0xffffe38ff9bcda60	0x8d70000	0x8deffff	VadS	PAGE_READWRITE	17	1	0xffffe38ffbb1a680	N/A	Disabled
1260	explorer.exe	0xffffe38ffb2df210	0x8e00000	0x8e7ffff	VadS	PAGE_READWRITE	17	1	0xffffe38ffbb1a680	N/A	Disabled
1260	explorer.exe	0xffffe38ffb4db980	0x8f00000	0x8f00fff	VadS	PAGE_READWRITE	1	1	0xffffe38ffb2de630	N/A	Disabled
1260	explorer.exe	0xffffe38ffa7d03a0	0x8fb0000	0x8fb3fff	VadS	PAGE_READWRITE	4	1	0xffffe38ff9b703a0	N/A	Disabled
1260	explorer.exe	0xffffe38ffa2145b0	0x8f60000	0x8f63fff	VadS	PAGE_READWRITE	4	1	0xffffe38ffa7d03a0	N/A	Disabled
1260	explorer.exe	0xffffe38ff9bd00d0	0x8f40000	0x8f41fff	VadS	PAGE_READWRITE	2	1	0xffffe38ffa2145b0	N/A	Disabled
1260	explorer.exe	0xffffe38ff71b3fc0	0x8fe0000	0x8feffff	VadS	PAGE_NOACCESS	2	1	0xffffe38ffa7d03a0	N/A	Disabled
1260	explorer.exe	0xffffe38ff97dd310	0x8fd0000	0x8fd7fff	VadS	PAGE_READWRITE	8	1	0xffffe38ff71b3fc0	N/A	Disabled
1260	explorer.exe	0xffffe38ffb2d88c0	0x8ff0000	0x906ffff	VadS	PAGE_READWRITE	17	1	0xffffe38ff71b3fc0	N/A	Disabled
1260	explorer.exe	0xffffe38ffa355cb0	0x9070000	0x90effff	VadS	PAGE_READWRITE	17	1	0xffffe38ffb2d88c0	N/A	Disabled
1260	explorer.exe	0xffffe38ff916d140	0x9890000	0x98b0fff	Vad 	PAGE_READONLY	0	0	0xffffe38ffb5d03a0	\Windows\SystemResources\stobject.dll.mun	Disabled
1260	explorer.exe	0xffffe38ff9b6fcc0	0x92f0000	0x92f0fff	Vad 	PAGE_READWRITE	0	0	0xffffe38ff916d140	N/A	Disabled
1260	explorer.exe	0xffffe38ffb5d6c50	0x9250000	0x9297fff	VadS	PAGE_READWRITE	72	1	0xffffe38ff9b6fcc0	N/A	Disabled
1260	explorer.exe	0xffffe38ffb5d6b60	0x9200000	0x9200fff	VadS	PAGE_READWRITE	1	1	0xffffe38ffb5d6c50	N/A	Disabled
1260	explorer.exe	0xffffe38ffb5d6700	0x91f0000	0x91f8fff	VadS	PAGE_READWRITE	9	1	0xffffe38ffb5d6b60	N/A	Disabled
1260	explorer.exe	0xffffe38ffd8a1220	0x92c0000	0x92d0fff	Vad 	PAGE_READONLY	0	0	0xffffe38ffb5d6c50	\Windows\System32\C_1255.NLS	Disabled
1260	explorer.exe	0xffffe38ff97e2f40	0x92b0000	0x92b0fff	VadS	PAGE_READWRITE	1	1	0xffffe38ffd8a1220	N/A	Disabled
1260	explorer.exe	0xffffe38ffbb33a40	0x92e0000	0x92e7fff	Vad 	PAGE_READONLY	0	0	0xffffe38ffd8a1220	\Program Files\WindowsApps\Microsoft.LanguageExperiencePacken-GB_19041.62.219.0_neutral__8wekyb3d8bbwe\Windows\System32\en-GB\UIRibbon.dll.mui	Disabled
1260	explorer.exe	0xffffe38ffb4ccc00	0x9480000	0x987ffff	VadS	PAGE_READWRITE	1016	1	0xffffe38ff9b6fcc0	N/A	Disabled
1260	explorer.exe	0xffffe38ffb5dc470	0x9380000	0x93fffff	VadS	PAGE_READWRITE	17	1	0xffffe38ffb4ccc00	N/A	Disabled
1260	explorer.exe	0xffffe38ff9aca9f0	0x9300000	0x937ffff	VadS	PAGE_READWRITE	17	1	0xffffe38ffb5dc470	N/A	Disabled
1260	explorer.exe	0xffffe38ffb5d88c0	0x9400000	0x947ffff	VadS	PAGE_READWRITE	17	1	0xffffe38ffb5dc470	N/A	Disabled
1260	explorer.exe	0xffffe38ffb2e3db0	0x9880000	0x9880fff	VadS	PAGE_READWRITE	1	1	0xffffe38ffb4ccc00	N/A	Disabled
1260	explorer.exe	0xffffe38ffd895a60	0x9930000	0x9933fff	Vad 	PAGE_READONLY	0	0	0xffffe38ff916d140	\Program Files\WindowsApps\Microsoft.LanguageExperiencePacken-GB_19041.62.219.0_neutral__8wekyb3d8bbwe\Program Files\Windows Defender\en-GB\shellext.dll.mui	Disabled
1260	explorer.exe	0xffffe38ff97e2270	0x98e0000	0x98e0fff	VadS	PAGE_READWRITE	1	1	0xffffe38ffd895a60	N/A	Disabled
1260	explorer.exe	0xffffe38ff9b72420	0x98c0000	0x98c1fff	Vad 	PAGE_READONLY	0	0	0xffffe38ff97e2270	\Windows\System32\en-US\Windows.Security.Authentication.Web.Core.dll.mui	Disabled
1260	explorer.exe	0xffffe38ff71b9150	0x9a50000	0x9acffff	VadS	PAGE_READWRITE	17	1	0xffffe38ffd895a60	N/A	Disabled
1260	explorer.exe	0xffffe38ff9ec5d60	0x9950000	0x99cffff	VadS	PAGE_READWRITE	17	1	0xffffe38ff71b9150	N/A	Disabled
1260	explorer.exe	0xffffe38ffbb0e100	0x9940000	0x9940fff	Vad 	PAGE_READONLY	0	0	0xffffe38ff9ec5d60	\Windows\System32\msxml6r.dll	Disabled
1260	explorer.exe	0xffffe38ff97df6b0	0x99d0000	0x9a4ffff	VadS	PAGE_READWRITE	21	1	0xffffe38ff9ec5d60	N/A	Disabled
1260	explorer.exe	0xffffe38ffbb226a0	0x9ad0000	0x9ad5fff	Vad 	PAGE_READONLY	0	0	0xffffe38ff9aca6d0	\Program Files\WindowsApps\Microsoft.LanguageExperiencePacken-GB_19041.62.219.0_neutral__8wekyb3d8bbwe\Windows\System32\en-GB\shdocvw.dll.mui	Disabled
1260	explorer.exe	0xffffe38ffb5d8cd0	0xa270000	0xa2effff	VadS	PAGE_READWRITE	17	1	0xffffe38ffa345db0	N/A	Disabled
1260	explorer.exe	0xffffe38ffadce3c0	0x9ec0000	0x9ec9fff	VadS	PAGE_READWRITE	10	1	0xffffe38ffb5d8cd0	N/A	Disabled
1260	explorer.exe	0xffffe38ff9cdea90	0x9e10000	0x9e10fff	VadS	PAGE_READWRITE	1	1	0xffffe38ffadce3c0	N/A	Disabled
1260	explorer.exe	0xffffe38ffa7cfc20	0x9c80000	0x9c82fff	VadS	PAGE_READWRITE	3	1	0xffffe38ff9cdea90	N/A	Disabled
1260	explorer.exe	0xffffe38ffa7cff90	0x9c60000	0x9c63fff	VadS	PAGE_READWRITE	4	1	0xffffe38ffa7cfc20	N/A	Disabled
1260	explorer.exe	0xffffe38ffbb10f40	0x9c20000	0x9c24fff	Vad 	PAGE_READONLY	0	0	0xffffe38ffa7cff90	\Windows\System32\winnlsres.dll	Disabled
1260	explorer.exe	0xffffe38ffa7d05d0	0x9c70000	0x9c73fff	VadS	PAGE_READWRITE	4	1	0xffffe38ffa7cff90	N/A	Disabled
1260	explorer.exe	0xffffe38ffb4cccf0	0x9cd0000	0x9d4ffff	VadS	PAGE_READWRITE	17	1	0xffffe38ffa7cfc20	N/A	Disabled
1260	explorer.exe	0xffffe38ff7953c30	0x9d50000	0x9dcffff	VadS	PAGE_READWRITE	17	1	0xffffe38ffb4cccf0	N/A	Disabled
1260	explorer.exe	0xffffe38ffa7cfd10	0x9ea0000	0x9ea0fff	VadS	PAGE_READWRITE	1	1	0xffffe38ff9cdea90	N/A	Disabled
1260	explorer.exe	0xffffe38ff91716a0	0x9e80000	0x9e81fff	Vad 	PAGE_READONLY	0	0	0xffffe38ffa7cfd10	N/A	Disabled
1260	explorer.exe	0xffffe38ff9b70620	0x9e90000	0x9e94fff	Vad 	PAGE_READONLY	0	0	0xffffe38ff91716a0	\Program Files\WindowsApps\Microsoft.LanguageExperiencePacken-GB_19041.62.219.0_neutral__8wekyb3d8bbwe\Windows\System32\en-GB\twinui.pcshell.dll.mui	Disabled
1260	explorer.exe	0xffffe38ff9bd1e80	0x9eb0000	0x9eb0fff	VadS	PAGE_READWRITE	1	1	0xffffe38ffa7cfd10	N/A	Disabled
1260	explorer.exe	0xffffe38ffb5d76a0	0x9fa0000	0x9fe7fff	VadS	PAGE_READWRITE	72	1	0xffffe38ffadce3c0	N/A	Disabled
1260	explorer.exe	0xffffe38ff7955530	0x9f00000	0x9f00fff	VadS	PAGE_READWRITE	1	1	0xffffe38ffb5d76a0	N/A	Disabled
1260	explorer.exe	0xffffe38ff794eb90	0x9ee0000	0x9eeffff	VadS	PAGE_NOACCESS	1	1	0xffffe38ff7955530	N/A	Disabled
1260	explorer.exe	0xffffe38ff9bd1c00	0x9ed0000	0x9ed0fff	VadS	PAGE_READWRITE	1	1	0xffffe38ff794eb90	N/A	Disabled
1260	explorer.exe	0xffffe38ff9bd1d40	0x9ef0000	0x9ef1fff	VadS	PAGE_READWRITE	2	1	0xffffe38ff794eb90	N/A	Disabled
1260	explorer.exe	0xffffe38ff915ce80	0x9f90000	0x9f93fff	Vad 	PAGE_READWRITE	0	0	0xffffe38ff7955530	N/A	Disabled
1260	explorer.exe	0xffffe38ffbb13240	0x9f50000	0x9f62fff	Vad 	PAGE_READONLY	0	0	0xffffe38ff915ce80	\Program Files\WindowsApps\Microsoft.LanguageExperiencePacken-GB_19041.62.219.0_neutral__8wekyb3d8bbwe\Windows\System32\en-GB\winnlsres.dll.mui	Disabled
1260	explorer.exe	0xffffe38ff7954d60	0xa1b0000	0xa1b0fff	VadS	PAGE_READWRITE	1	1	0xffffe38ffb5d76a0	N/A	Disabled
1260	explorer.exe	0xffffe38ff9accd90	0xa070000	0xa0effff	VadS	PAGE_READWRITE	17	1	0xffffe38ff7954d60	N/A	Disabled
1260	explorer.exe	0xffffe38ffb4d9090	0x9ff0000	0xa06ffff	VadS	PAGE_READWRITE	17	1	0xffffe38ff9accd90	N/A	Disabled
1260	explorer.exe	0xffffe38ffa20c3b0	0xa160000	0xa1a7fff	VadS	PAGE_READWRITE	72	1	0xffffe38ff9accd90	N/A	Disabled
1260	explorer.exe	0xffffe38ff7955f30	0xa250000	0xa250fff	VadS	PAGE_READWRITE	1	1	0xffffe38ff7954d60	N/A	Disabled
1260	explorer.exe	0xffffe38ffb5c7e80	0xa1d0000	0xa24ffff	VadS	PAGE_READWRITE	17	1	0xffffe38ff7955f30	N/A	Disabled
1260	explorer.exe	0xffffe38ff7e70b00	0xb410000	0xb410fff	Vad 	PAGE_READWRITE	0	0	0xffffe38ffb5d8cd0	N/A	Disabled
1260	explorer.exe	0xffffe38ffb4d9720	0xaaf0000	0xab6ffff	VadS	PAGE_READWRITE	17	1	0xffffe38ff7e70b00	N/A	Disabled
1260	explorer.exe	0xffffe38ff7955d50	0xaa80000	0xaa80fff	VadS	PAGE_READWRITE	1	1	0xffffe38ffb4d9720	N/A	Disabled
1260	explorer.exe	0xffffe38ffb5d81e0	0xa370000	0xa3effff	VadS	PAGE_READWRITE	17	1	0xffffe38ff7955d50	N/A	Disabled
1260	explorer.exe	0xffffe38ffb5d8aa0	0xa2f0000	0xa36ffff	VadS	PAGE_READWRITE	17	1	0xffffe38ffb5d81e0	N/A	Disabled
1260	explorer.exe	0xffffe38ffb4d9180	0xa970000	0xa9effff	VadS	PAGE_READWRITE	17	1	0xffffe38ffb5d81e0	N/A	Disabled
1260	explorer.exe	0xffffe38ff9b73960	0xa3f0000	0xa96afff	Vad 	PAGE_READONLY	0	0	0xffffe38ffb4d9180	\Windows\System32\prm0009.dll	Disabled
1260	explorer.exe	0xffffe38ff7954040	0xa9f0000	0xaa6ffff	VadS	PAGE_READWRITE	17	1	0xffffe38ffb4d9180	N/A	Disabled
1260	explorer.exe	0xffffe38ff7957060	0xaab0000	0xaab0fff	VadS	PAGE_READWRITE	1	1	0xffffe38ff7955d50	N/A	Disabled
1260	explorer.exe	0xffffe38ff7956930	0xaa90000	0xaa90fff	VadS	PAGE_READWRITE	1	1	0xffffe38ff7957060	N/A	Disabled
1260	explorer.exe	0xffffe38ff7956d40	0xaaa0000	0xaaa0fff	VadS	PAGE_READWRITE	1	1	0xffffe38ff7956930	N/A	Disabled
1260	explorer.exe	0xffffe38ff7957650	0xaac0000	0xaac0fff	VadS	PAGE_READWRITE	1	1	0xffffe38ff7957060	N/A	Disabled
1260	explorer.exe	0xffffe38ff9181140	0xb3f0000	0xb3f2fff	Vad 	PAGE_READONLY	0	0	0xffffe38ffb4d9720	N/A	Disabled
1260	explorer.exe	0xffffe38ffb4d9c70	0xab70000	0xb36ffff	VadS	PAGE_READWRITE	2009	1	0xffffe38ff9181140	N/A	Disabled
1260	explorer.exe	0xffffe38ffb4d9f90	0xb370000	0xb3effff	VadS	PAGE_READWRITE	17	1	0xffffe38ffb4d9c70	N/A	Disabled
1260	explorer.exe	0xffffe38ff9172280	0xb400000	0xb403fff	Vad 	PAGE_READONLY	0	0	0xffffe38ff9181140	\Windows\rescache\_merged\1711570838\3999993408.pri	Disabled
1260	explorer.exe	0xffffe38ff9b7cce0	0xb650000	0xb650fff	Vad 	PAGE_READWRITE	0	0	0xffffe38ff7e70b00	N/A	Disabled
1260	explorer.exe	0xffffe38ffb2e1290	0xb5a0000	0xb61ffff	VadS	PAGE_READWRITE	17	1	0xffffe38ff9b7cce0	N/A	Disabled
1260	explorer.exe	0xffffe38ff97e1460	0xb500000	0xb50cfff	VadS	PAGE_READWRITE	2	1	0xffffe38ffb2e1290	N/A	Disabled
1260	explorer.exe	0xffffe38ff9acbdf0	0xb420000	0xb49ffff	VadS	PAGE_READWRITE	17	1	0xffffe38ff97e1460	N/A	Disabled
1260	explorer.exe	0xffffe38ff9acbf80	0xb510000	0xb58ffff	VadS	PAGE_READWRITE	17	1	0xffffe38ff97e1460	N/A	Disabled
1260	explorer.exe	0xffffe38ffb2e0ed0	0xb630000	0xb630fff	VadS	PAGE_READWRITE	1	1	0xffffe38ffb2e1290	N/A	Disabled
1260	explorer.exe	0xffffe38ffb2e0e80	0xb620000	0xb620fff	VadS	PAGE_READWRITE	1	1	0xffffe38ffb2e0ed0	N/A	Disabled
1260	explorer.exe	0xffffe38ffb2e12e0	0xb640000	0xb640fff	VadS	PAGE_READWRITE	1	1	0xffffe38ffb2e0ed0	N/A	Disabled
1260	explorer.exe	0xffffe38ffb2e0cf0	0xb670000	0xb670fff	VadS	PAGE_READWRITE	1	1	0xffffe38ff9b7cce0	N/A	Disabled
1260	explorer.exe	0xffffe38ff9b7d960	0xb660000	0xb660fff	Vad 	PAGE_READWRITE	0	0	0xffffe38ffb2e0cf0	N/A	Disabled
1260	explorer.exe	0xffffe38ff6b61a70	0xb680000	0xb683fff	Vad 	PAGE_READONLY	0	0	0xffffe38ffb2e0cf0	\Program Files\WindowsApps\Microsoft.LanguageExperiencePacken-GB_19041.62.219.0_neutral__8wekyb3d8bbwe\Windows\System32\en-GB\ApplicationFrame.dll.mui	Disabled
1260	explorer.exe	0xffffe38ffbb0f640	0xe0c0000	0xe0c9fff	Vad 	PAGE_READONLY	0	0	0xffffe38ff83c5300	\Windows\System32\en-US\combase.dll.mui	Disabled
1260	explorer.exe	0xffffe38ff9b69320	0xbde0000	0xbdf0fff	Vad 	PAGE_READONLY	0	0	0xffffe38ffbb0f640	\Users\Patrick\AppData\Local\Microsoft\Windows\Caches\{3DA71D5A-20CC-432F-A115-DFE92379E91F}.3.ver0x000000000000000e.db	Disabled
1260	explorer.exe	0xffffe38ffb5ceb90	0xbc30000	0xbcaffff	VadS	PAGE_READWRITE	17	1	0xffffe38ff9b69320	N/A	Disabled
1260	explorer.exe	0xffffe38ffb2e1010	0xb700000	0xb70ffff	VadS	PAGE_READWRITE	16	1	0xffffe38ffb5ceb90	N/A	Disabled
1260	explorer.exe	0xffffe38ffb2e0b60	0xb6c0000	0xb6cffff	VadS	PAGE_READWRITE	2	1	0xffffe38ffb2e1010	N/A	Disabled
1260	explorer.exe	0xffffe38ff83c5620	0xb6a0000	0xb6a0fff	Vad 	PAGE_READWRITE	0	0	0xffffe38ffb2e0b60	N/A	Disabled
1260	explorer.exe	0xffffe38ffb2e0a20	0xb6b0000	0xb6bffff	VadS	PAGE_READWRITE	16	1	0xffffe38ff83c5620	N/A	Disabled
1260	explorer.exe	0xffffe38ffb2e0d90	0xb6d0000	0xb6dffff	VadS	PAGE_READWRITE	16	1	0xffffe38ffb2e0b60	N/A	Disabled
1260	explorer.exe	0xffffe38ff7e69e40	0xb6e0000	0xb6f6fff	Vad 	PAGE_READONLY	0	0	0xffffe38ffb2e0d90	\Windows\rescache\_merged\3220473576\3799937906.pri	Disabled
1260	explorer.exe	0xffffe38ff77bb1d0	0xb7b0000	0xba3afff	Vad 	PAGE_READWRITE	0	0	0xffffe38ffb2e1010	N/A	Disabled
1260	explorer.exe	0xffffe38ff83c56c0	0xb720000	0xb723fff	Vad 	PAGE_READWRITE	0	0	0xffffe38ff77bb1d0	N/A	Disabled
1260	explorer.exe	0xffffe38ffb2e43a0	0xb710000	0xb710fff	VadS	PAGE_READWRITE	1	1	0xffffe38ff83c56c0	N/A	Disabled
1260	explorer.exe	0xffffe38ffb2cd970	0xb730000	0xb7affff	VadS	PAGE_READWRITE	17	1	0xffffe38ff83c56c0	N/A	Disabled
1260	explorer.exe	0xffffe38ffa6dc880	0xbb30000	0xbbaffff	VadS	PAGE_READWRITE	17	1	0xffffe38ff77bb1d0	N/A	Disabled
1260	explorer.exe	0xffffe38ffb5cd510	0xbab0000	0xbb2ffff	VadS	PAGE_READWRITE	17	1	0xffffe38ffa6dc880	N/A	Disabled
1260	explorer.exe	0xffffe38ffa7c8d80	0xbbb0000	0xbc2ffff	VadS	PAGE_READWRITE	17	1	0xffffe38ffa6dc880	N/A	Disabled
1260	explorer.exe	0xffffe38ff6830310	0xbda0000	0xbda0fff	Vad 	PAGE_READWRITE	0	0	0xffffe38ffb5ceb90	N/A	Disabled
1260	explorer.exe	0xffffe38ff7e72040	0xbd70000	0xbd70fff	Vad 	PAGE_READONLY	0	0	0xffffe38ff6830310	N/A	Disabled
1260	explorer.exe	0xffffe38ff83e6960	0xbd30000	0xbd53fff	Vad 	PAGE_READONLY	0	0	0xffffe38ff7e72040	\Windows\SystemApps\Microsoft.Windows.Search_cw5n1h2txyewy\resources.pri	Disabled
1260	explorer.exe	0xffffe38ffa34ddd0	0xbcb0000	0xbd2ffff	VadS	PAGE_READWRITE	17	1	0xffffe38ff83e6960	N/A	Disabled
1260	explorer.exe	0xffffe38ff7e72e00	0xbd60000	0xbd60fff	Vad 	PAGE_READWRITE	0	0	0xffffe38ff83e6960	N/A	Disabled
1260	explorer.exe	0xffffe38ff7e74de0	0xbd90000	0xbd90fff	Vad 	PAGE_READONLY	0	0	0xffffe38ff7e72040	N/A	Disabled
1260	explorer.exe	0xffffe38ffa356fc0	0xbdc0000	0xbdc2fff	VadS	PAGE_READWRITE	3	1	0xffffe38ff6830310	N/A	Disabled
1260	explorer.exe	0xffffe38ffa357240	0xbdb0000	0xbdb0fff	VadS	PAGE_READWRITE	1	1	0xffffe38ffa356fc0	N/A	Disabled
1260	explorer.exe	0xffffe38ff8dca740	0xbdd0000	0xbdd1fff	Vad 	PAGE_READONLY	0	0	0xffffe38ffa356fc0	N/A	Disabled
1260	explorer.exe	0xffffe38ff7e6cc80	0xd6b0000	0xdeaffff	Vad 	PAGE_READONLY	0	0	0xffffe38ff9b69320	\Windows\ServiceProfiles\LocalService\AppData\Local\FontCache\~FontCache-S-1-5-21-77607562-1836748022-3122067425-1001.dat	Disabled
1260	explorer.exe	0xffffe38ff83e68c0	0xc010000	0xc470fff	Vad 	PAGE_READONLY	0	0	0xffffe38ff7e6cc80	\Windows\SystemApps\MicrosoftWindows.Client.CBS_cw5n1h2txyewy\resources.pri	Disabled
1260	explorer.exe	0xffffe38ffbb27920	0xbf00000	0xbffffff	Vad 	PAGE_READWRITE	0	0	0xffffe38ff83e68c0	N/A	Disabled
1260	explorer.exe	0xffffe38ffbb23280	0xbe00000	0xbefffff	Vad 	PAGE_READWRITE	0	0	0xffffe38ffbb27920	\Users\Patrick\AppData\Local\Microsoft\Windows\Explorer\iconcache_32.db	Disabled
1260	explorer.exe	0xffffe38ff7e69760	0xc480000	0xc6a0fff	Vad 	PAGE_READONLY	0	0	0xffffe38ff83e68c0	\Windows\SystemResources\Windows.UI.ShellCommon\Windows.UI.ShellCommon.pri	Disabled
1260	explorer.exe	0xffffe38ff7e6b9c0	0xc6b0000	0xd6affff	Vad 	PAGE_READONLY	0	0	0xffffe38ff7e69760	\Windows\ServiceProfiles\LocalService\AppData\Local\FontCache\~FontCache-FontFace.dat	Disabled
1260	explorer.exe	0xffffe38ff7957dd0	0xe060000	0xe060fff	VadS	PAGE_READWRITE	1	1	0xffffe38ff7e6cc80	N/A	Disabled
1260	explorer.exe	0xffffe38ffa7cfcc0	0xe030000	0xe030fff	VadS	PAGE_READWRITE	1	1	0xffffe38ff7957dd0	N/A	Disabled
1260	explorer.exe	0xffffe38ff9ed2060	0xdf30000	0xdfaffff	VadS	PAGE_READWRITE	17	1	0xffffe38ffa7cfcc0	N/A	Disabled
1260	explorer.exe	0xffffe38ff71ae020	0xdeb0000	0xdf2ffff	VadS	PAGE_READWRITE	17	1	0xffffe38ff9ed2060	N/A	Disabled
1260	explorer.exe	0xffffe38ff9acd6f0	0xdfb0000	0xe02ffff	VadS	PAGE_READWRITE	17	1	0xffffe38ff9ed2060	N/A	Disabled
1260	explorer.exe	0xffffe38ffadd9ea0	0xe040000	0xe05afff	VadS	PAGE_READWRITE	27	1	0xffffe38ffa7cfcc0	N/A	Disabled
1260	explorer.exe	0xffffe38ff7957c40	0xe080000	0xe080fff	VadS	PAGE_READWRITE	1	1	0xffffe38ff7957dd0	N/A	Disabled
1260	explorer.exe	0xffffe38ff7957a60	0xe070000	0xe070fff	VadS	PAGE_READWRITE	1	1	0xffffe38ff7957c40	N/A	Disabled
1260	explorer.exe	0xffffe38ff7958eb0	0xe0a0000	0xe0a0fff	VadS	PAGE_READWRITE	1	1	0xffffe38ff7957c40	N/A	Disabled
1260	explorer.exe	0xffffe38ff7957c90	0xe090000	0xe090fff	VadS	PAGE_READWRITE	1	1	0xffffe38ff7958eb0	N/A	Disabled
1260	explorer.exe	0xffffe38ff97e51f0	0xefe0000	0xefe7fff	VadS	PAGE_READWRITE	8	1	0xffffe38ffbb0f640	N/A	Disabled
1260	explorer.exe	0xffffe38ffbb2ddc0	0xe750000	0xe81dfff	Vad 	PAGE_READONLY	0	0	0xffffe38ff97e51f0	\Windows\System32\UIRibbonRes.dll	Disabled
1260	explorer.exe	0xffffe38ff71b89d0	0xe3f0000	0xe46ffff	VadS	PAGE_READWRITE	17	1	0xffffe38ffbb2ddc0	N/A	Disabled
1260	explorer.exe	0xffffe38ffd89ee80	0xe1b0000	0xe2e3fff	Vad 	PAGE_READONLY	0	0	0xffffe38ff71b89d0	\Windows\SystemResources\ExplorerFrame.dll.mun	Disabled
1260	explorer.exe	0xffffe38ffd894520	0xe1a0000	0xe1a3fff	Vad 	PAGE_READWRITE	0	0	0xffffe38ffd89ee80	\Users\Patrick\AppData\Local\Microsoft\Windows\Explorer\iconcache_idx.db	Disabled
1260	explorer.exe	0xffffe38ffb5cab30	0xe120000	0xe120fff	VadS	PAGE_READWRITE	1	1	0xffffe38ffd894520	N/A	Disabled
1260	explorer.exe	0xffffe38ff9acda10	0xe2f0000	0xe36ffff	VadS	PAGE_READWRITE	17	1	0xffffe38ffd89ee80	N/A	Disabled
1260	explorer.exe	0xffffe38ff9acf4f0	0xe370000	0xe3effff	VadS	PAGE_READWRITE	17	1	0xffffe38ff9acda10	N/A	Disabled
1260	explorer.exe	0xffffe38ff9ad03f0	0xe580000	0xe5fffff	VadS	PAGE_READWRITE	17	1	0xffffe38ff71b89d0	N/A	Disabled
1260	explorer.exe	0xffffe38ff9ad0300	0xe4f0000	0xe56ffff	VadS	PAGE_READWRITE	17	1	0xffffe38ff9ad03f0	N/A	Disabled
1260	explorer.exe	0xffffe38ff9ace500	0xe470000	0xe4effff	VadS	PAGE_READWRITE	17	1	0xffffe38ff9ad0300	N/A	Disabled
1260	explorer.exe	0xffffe38ffdcb46e0	0xe570000	0xe579fff	Vad 	PAGE_READONLY	0	0	0xffffe38ff9ad0300	\Program Files\WindowsApps\Microsoft.LanguageExperiencePacken-GB_19041.62.219.0_neutral__8wekyb3d8bbwe\Windows\System32\en-GB\zipfldr.dll.mui	Disabled
1260	explorer.exe	0xffffe38ff9ad0580	0xe600000	0xe67ffff	VadS	PAGE_READWRITE	17	1	0xffffe38ff9ad03f0	N/A	Disabled
1260	explorer.exe	0xffffe38ff9acfd10	0xe680000	0xe6fffff	VadS	PAGE_READWRITE	17	1	0xffffe38ff9ad0580	N/A	Disabled
1260	explorer.exe	0xffffe38ff78e3530	0xea50000	0xeacffff	VadS	PAGE_READWRITE	17	1	0xffffe38ffbb2ddc0	N/A	Disabled
1260	explorer.exe	0xffffe38ff9ce4350	0xe920000	0xe99ffff	VadS	PAGE_READWRITE	17	1	0xffffe38ff78e3530	N/A	Disabled
1260	explorer.exe	0xffffe38ff9acff90	0xe8a0000	0xe91ffff	VadS	PAGE_READWRITE	17	1	0xffffe38ff9ce4350	N/A	Disabled
1260	explorer.exe	0xffffe38ff9acfdb0	0xe820000	0xe89ffff	VadS	PAGE_READWRITE	17	1	0xffffe38ff9acff90	N/A	Disabled
1260	explorer.exe	0xffffe38ffd8a9380	0xea30000	0xea33fff	Vad 	PAGE_READONLY	0	0	0xffffe38ff9ce4350	\Program Files\WindowsApps\Microsoft.LanguageExperiencePacken-GB_19041.62.219.0_neutral__8wekyb3d8bbwe\Windows\System32\en-GB\dui70.dll.mui	Disabled
1260	explorer.exe	0xffffe38ff9acad10	0xe9a0000	0xea1ffff	VadS	PAGE_READWRITE	17	1	0xffffe38ffd8a9380	N/A	Disabled
1260	explorer.exe	0xffffe38ff9ed1c50	0xea40000	0xea40fff	VadS	PAGE_READWRITE	1	1	0xffffe38ffd8a9380	N/A	Disabled
1260	explorer.exe	0xffffe38ffbb113a0	0xec20000	0xeeaafff	Vad 	PAGE_READWRITE	0	0	0xffffe38ff78e3530	N/A	Disabled
1260	explorer.exe	0xffffe38ff9ad0cb0	0xeb50000	0xebcffff	VadS	PAGE_READWRITE	17	1	0xffffe38ffbb113a0	N/A	Disabled
1260	explorer.exe	0xffffe38ff9ad0a30	0xead0000	0xeb4ffff	VadS	PAGE_READWRITE	17	1	0xffffe38ff9ad0cb0	N/A	Disabled
1260	explorer.exe	0xffffe38ff9cc5d10	0xebd0000	0xebd0fff	VadS	PAGE_READWRITE	1	1	0xffffe38ff9ad0cb0	N/A	Disabled
1260	explorer.exe	0xffffe38ff795f800	0xeef0000	0xeef0fff	VadS	PAGE_READWRITE	1	1	0xffffe38ffbb113a0	N/A	Disabled
1260	explorer.exe	0xffffe38ff795fda0	0xeee0000	0xeee0fff	VadS	PAGE_READWRITE	1	1	0xffffe38ff795f800	N/A	Disabled
1260	explorer.exe	0xffffe38ff795f850	0xef00000	0xef00fff	VadS	PAGE_READWRITE	1	1	0xffffe38ff795f800	N/A	Disabled
1260	explorer.exe	0xffffe38ff9ad1bb0	0xef10000	0xef8ffff	VadS	PAGE_READWRITE	17	1	0xffffe38ff795f850	N/A	Disabled
1260	explorer.exe	0xffffe38ffa7cdc40	0x103d0000	0x103d0fff	VadS	PAGE_READWRITE	1	1	0xffffe38ff97e51f0	N/A	Disabled
1260	explorer.exe	0xffffe38ffd8885e0	0xf030000	0xf04bfff	Vad 	PAGE_READONLY	0	0	0xffffe38ffa7cdc40	\Windows\SystemResources\zipfldr.dll.mun	Disabled
1260	explorer.exe	0xffffe38ffa7c6a80	0xf000000	0xf000fff	VadS	PAGE_READWRITE	1	1	0xffffe38ffd8885e0	N/A	Disabled
1260	explorer.exe	0xffffe38ff9152ca0	0xeff0000	0xeffafff	Vad 	PAGE_READONLY	0	0	0xffffe38ffa7c6a80	\Program Files\WindowsApps\Microsoft.LanguageExperiencePacken-GB_19041.62.219.0_neutral__8wekyb3d8bbwe\Windows\System32\en-GB\ntshrui.dll.mui	Disabled
1260	explorer.exe	0xffffe38ffa7cca20	0xf010000	0xf010fff	VadS	PAGE_READWRITE	1	1	0xffffe38ffa7c6a80	N/A	Disabled
1260	explorer.exe	0xffffe38ffa7cd830	0xf020000	0xf020fff	VadS	PAGE_READWRITE	1	1	0xffffe38ffa7cca20	N/A	Disabled
1260	explorer.exe	0xffffe38ff9ed6160	0xf2e0000	0x102affff	VadS	PAGE_READWRITE	2468	1	0xffffe38ffd8885e0	N/A	Disabled
1260	explorer.exe	0xffffe38ffdcac1c0	0xf050000	0xf2dafff	Vad 	PAGE_READWRITE	0	0	0xffffe38ff9ed6160	N/A	Disabled
1260	explorer.exe	0xffffe38ff8e6d4a0	0x102b0000	0x1032ffff	VadS	PAGE_READWRITE	17	1	0xffffe38ff9ed6160	N/A	Disabled
1260	explorer.exe	0xffffe38ff9ad1fc0	0x10330000	0x103affff	VadS	PAGE_READWRITE	17	1	0xffffe38ff8e6d4a0	N/A	Disabled
1260	explorer.exe	0xffffe38ff9ed5e40	0x10430000	0x10430fff	VadS	PAGE_READWRITE	1	1	0xffffe38ffa7cdc40	N/A	Disabled
1260	explorer.exe	0xffffe38ffa7cdb00	0x103f0000	0x103f0fff	VadS	PAGE_READWRITE	1	1	0xffffe38ff9ed5e40	N/A	Disabled
1260	explorer.exe	0xffffe38ff71bb130	0x103e0000	0x103e0fff	VadS	PAGE_READWRITE	1	1	0xffffe38ffa7cdb00	N/A	Disabled
1260	explorer.exe	0xffffe38ffa7cd8d0	0x10410000	0x10410fff	VadS	PAGE_READWRITE	1	1	0xffffe38ffa7cdb00	N/A	Disabled
1260	explorer.exe	0xffffe38ffa7cdce0	0x10400000	0x10400fff	VadS	PAGE_READWRITE	1	1	0xffffe38ffa7cd8d0	N/A	Disabled
1260	explorer.exe	0xffffe38ffa7cd920	0x10420000	0x10420fff	VadS	PAGE_READWRITE	1	1	0xffffe38ffa7cd8d0	N/A	Disabled
1260	explorer.exe	0xffffe38ffd886380	0x10450000	0x10453fff	Vad 	PAGE_READONLY	0	0	0xffffe38ff9ed5e40	\Program Files\WindowsApps\Microsoft.LanguageExperiencePacken-GB_19041.62.219.0_neutral__8wekyb3d8bbwe\Windows\System32\en-GB\mpr.dll.mui	Disabled
1260	explorer.exe	0xffffe38ffa7cd470	0x10440000	0x10440fff	VadS	PAGE_READWRITE	1	1	0xffffe38ffd886380	N/A	Disabled
1260	explorer.exe	0xffffe38ffa7cd9c0	0x10490000	0x10490fff	VadS	PAGE_READWRITE	1	1	0xffffe38ffd886380	N/A	Disabled
1260	explorer.exe	0xffffe38ffa7ce050	0x104a0000	0x104a0fff	VadS	PAGE_READWRITE	1	1	0xffffe38ffa7cd9c0	N/A	Disabled
1260	explorer.exe	0xffffe38ff88479a0	0x24920000	0x24baafff	Vad 	PAGE_READWRITE	0	0	0xffffe38ff9bda710	N/A	Disabled
1260	explorer.exe	0xffffe38ffa34dbf0	0x16950000	0x169cffff	VadS	PAGE_READWRITE	17	1	0xffffe38ff88479a0	N/A	Disabled
1260	explorer.exe	0xffffe38ffdcb93c0	0x14180000	0x14181fff	Vad 	PAGE_READONLY	0	0	0xffffe38ffa34dbf0	N/A	Disabled
1260	explorer.exe	0xffffe38ff97dd270	0x122f0000	0x1236ffff	VadS	PAGE_READWRITE	17	1	0xffffe38ffdcb93c0	N/A	Disabled
1260	explorer.exe	0xffffe38ff97e12d0	0x11bd0000	0x11c4ffff	VadS	PAGE_READWRITE	17	1	0xffffe38ff97dd270	N/A	Disabled
1260	explorer.exe	0xffffe38ff97e2cc0	0x116a0000	0x116a3fff	VadS	PAGE_READWRITE	4	1	0xffffe38ff97e12d0	N/A	Disabled
1260	explorer.exe	0xffffe38ff9ad24c0	0x11580000	0x115fffff	VadS	PAGE_READWRITE	17	1	0xffffe38ff97e2cc0	N/A	Disabled
1260	explorer.exe	0xffffe38ff97dd6d0	0x11500000	0x1157ffff	VadS	PAGE_READWRITE	17	1	0xffffe38ff9ad24c0	N/A	Disabled
1260	explorer.exe	0xffffe38ff78e3670	0x11480000	0x114fffff	VadS	PAGE_READWRITE	17	1	0xffffe38ff97dd6d0	N/A	Disabled
1260	explorer.exe	0xffffe38ffa7ce640	0x11680000	0x11680fff	VadS	PAGE_READWRITE	1	1	0xffffe38ff9ad24c0	N/A	Disabled
1260	explorer.exe	0xffffe38ff9ad2790	0x11600000	0x1167ffff	VadS	PAGE_READWRITE	17	1	0xffffe38ffa7ce640	N/A	Disabled
1260	explorer.exe	0xffffe38ffa7ce0a0	0x11690000	0x11690fff	VadS	PAGE_READWRITE	1	1	0xffffe38ffa7ce640	N/A	Disabled
1260	explorer.exe	0xffffe38ff884a600	0x116b0000	0x1193afff	Vad 	PAGE_READWRITE	0	0	0xffffe38ff97e2cc0	N/A	Disabled
1260	explorer.exe	0xffffe38ff8848c60	0x11940000	0x11bcafff	Vad 	PAGE_READWRITE	0	0	0xffffe38ff884a600	N/A	Disabled
1260	explorer.exe	0xffffe38ff71b08c0	0x11da0000	0x1219ffff	VadS	PAGE_READWRITE	38	1	0xffffe38ff97e12d0	N/A	Disabled
1260	explorer.exe	0xffffe38ffa7ce370	0x11d70000	0x11d70fff	VadS	PAGE_READWRITE	1	1	0xffffe38ff71b08c0	N/A	Disabled
1260	explorer.exe	0xffffe38ffa7ce320	0x11d50000	0x11d50fff	VadS	PAGE_READWRITE	1	1	0xffffe38ffa7ce370	N/A	Disabled
1260	explorer.exe	0xffffe38ff9ad27e0	0x11c50000	0x11ccffff	VadS	PAGE_READWRITE	17	1	0xffffe38ffa7ce320	N/A	Disabled
1260	explorer.exe	0xffffe38ff9ad2830	0x11cd0000	0x11d4ffff	VadS	PAGE_READWRITE	17	1	0xffffe38ff9ad27e0	N/A	Disabled
1260	explorer.exe	0xffffe38ffa7ce140	0x11d60000	0x11d60fff	VadS	PAGE_READWRITE	1	1	0xffffe38ffa7ce320	N/A	Disabled
1260	explorer.exe	0xffffe38ffa7ce7d0	0x11d80000	0x11d80fff	VadS	PAGE_READWRITE	1	1	0xffffe38ffa7ce370	N/A	Disabled
1260	explorer.exe	0xffffe38ffa7cf040	0x11d90000	0x11d90fff	VadS	PAGE_READWRITE	1	1	0xffffe38ffa7ce7d0	N/A	Disabled
1260	explorer.exe	0xffffe38ff97e2860	0x122a0000	0x122bafff	VadS	PAGE_READWRITE	27	1	0xffffe38ff71b08c0	N/A	Disabled
1260	explorer.exe	0xffffe38ffb5c5cc0	0x121a0000	0x1221ffff	VadS	PAGE_READWRITE	17	1	0xffffe38ff97e2860	N/A	Disabled
1260	explorer.exe	0xffffe38ff9ad2880	0x12220000	0x1229ffff	VadS	PAGE_READWRITE	17	1	0xffffe38ffb5c5cc0	N/A	Disabled
1260	explorer.exe	0xffffe38ffa7cf090	0x122d0000	0x122d0fff	VadS	PAGE_READWRITE	1	1	0xffffe38ff97e2860	N/A	Disabled
1260	explorer.exe	0xffffe38ffa7cec30	0x122c0000	0x122c0fff	VadS	PAGE_READWRITE	1	1	0xffffe38ffa7cf090	N/A	Disabled
1260	explorer.exe	0xffffe38ffa7cf0e0	0x122e0000	0x122e0fff	VadS	PAGE_READWRITE	1	1	0xffffe38ffa7cf090	N/A	Disabled
1260	explorer.exe	0xffffe38ff9ed5e90	0x12af0000	0x12b6ffff	VadS	PAGE_READWRITE	17	1	0xffffe38ff97dd270	N/A	Disabled
1260	explorer.exe	0xffffe38ffa7ce820	0x12aa0000	0x12aa0fff	VadS	PAGE_READWRITE	1	1	0xffffe38ff9ed5e90	N/A	Disabled
1260	explorer.exe	0xffffe38ff8848120	0x126f0000	0x1297afff	Vad 	PAGE_READWRITE	0	0	0xffffe38ffa7ce820	N/A	Disabled
1260	explorer.exe	0xffffe38ffadca720	0x12470000	0x124effff	VadS	PAGE_READWRITE	17	1	0xffffe38ff8848120	N/A	Disabled
1260	explorer.exe	0xffffe38ff9ad28d0	0x12370000	0x123effff	VadS	PAGE_READWRITE	17	1	0xffffe38ffadca720	N/A	Disabled
1260	explorer.exe	0xffffe38ff97e4d90	0x124f0000	0x1256ffff	VadS	PAGE_READWRITE	17	1	0xffffe38ffadca720	N/A	Disabled
1260	explorer.exe	0xffffe38ffa7cec80	0x12a80000	0x12a80fff	VadS	PAGE_READWRITE	1	1	0xffffe38ff8848120	N/A	Disabled
1260	explorer.exe	0xffffe38ffa7cf1d0	0x12a90000	0x12a90fff	VadS	PAGE_READWRITE	1	1	0xffffe38ffa7cec80	N/A	Disabled
1260	explorer.exe	0xffffe38ff97e3350	0x12ac0000	0x12ac3fff	VadS	PAGE_READWRITE	4	1	0xffffe38ffa7ce820	N/A	Disabled
1260	explorer.exe	0xffffe38ffa7d00d0	0x12ab0000	0x12ab0fff	VadS	PAGE_READWRITE	1	1	0xffffe38ff97e3350	N/A	Disabled
1260	explorer.exe	0xffffe38ff97e31c0	0x12ad0000	0x12ad0fff	VadS	PAGE_READWRITE	1	1	0xffffe38ff97e3350	N/A	Disabled
1260	explorer.exe	0xffffe38ff97e2d10	0x12ae0000	0x12ae3fff	VadS	PAGE_READWRITE	4	1	0xffffe38ff97e31c0	N/A	Disabled
1260	explorer.exe	0xffffe38ff9ed5f80	0x13f80000	0x13f8ffff	VadS	PAGE_READWRITE	6	1	0xffffe38ff9ed5e90	N/A	Disabled
1260	explorer.exe	0xffffe38ff9ec67b0	0x13bf0000	0x13deffff	VadS	PAGE_READWRITE	512	1	0xffffe38ff9ed5f80	N/A	Disabled
1260	explorer.exe	0xffffe38ff9ec6bc0	0x12bf0000	0x13bbffff	VadS	PAGE_READWRITE	2865	1	0xffffe38ff9ec67b0	N/A	Disabled
1260	explorer.exe	0xffffe38ff97e3210	0x13be0000	0x13be3fff	VadS	PAGE_READWRITE	4	1	0xffffe38ff9ec6bc0	N/A	Disabled
1260	explorer.exe	0xffffe38ff9cd20b0	0x13ef0000	0x13f6ffff	VadS	PAGE_READWRITE	17	1	0xffffe38ff9ec67b0	N/A	Disabled
1260	explorer.exe	0xffffe38ff9ee1c40	0x13df0000	0x13eeffff	VadS	PAGE_READWRITE	37	1	0xffffe38ff9cd20b0	N/A	Disabled
1260	explorer.exe	0xffffe38ffa6cced0	0x13f70000	0x13f70fff	VadS	PAGE_READWRITE	1	1	0xffffe38ff9cd20b0	N/A	Disabled
1260	explorer.exe	0xffffe38ffdc940c0	0x14140000	0x14143fff	Vad 	PAGE_READWRITE	0	0	0xffffe38ff9ed5f80	\Users\Patrick\AppData\Local\Microsoft\Windows\Explorer\thumbcache_idx.db	Disabled
1260	explorer.exe	0xffffe38ffdc8c500	0x13f90000	0x140d9fff	Vad 	PAGE_READWRITE	0	0	0xffffe38ffdc940c0	N/A	Disabled
1260	explorer.exe	0xffffe38ffa6cd1f0	0x14170000	0x14170fff	VadS	PAGE_READWRITE	1	1	0xffffe38ffdc940c0	N/A	Disabled
1260	explorer.exe	0xffffe38ff97e1640	0x150c0000	0x150cffff	VadS	PAGE_READWRITE	15	1	0xffffe38ffdcb93c0	N/A	Disabled
1260	explorer.exe	0xffffe38ff9ec57c0	0x14410000	0x14410fff	VadS	PAGE_READWRITE	1	1	0xffffe38ff97e1640	N/A	Disabled
1260	explorer.exe	0xffffe38ffdcb98c0	0x141c0000	0x141c2fff	Vad 	PAGE_EXECUTE_WRITECOPY	0	0	0xffffe38ff9ec57c0	\Windows\System32\sfc.dll	Disabled
1260	explorer.exe	0xffffe38ffa6cd880	0x141a0000	0x141a0fff	VadS	PAGE_READWRITE	1	1	0xffffe38ffdcb98c0	N/A	Disabled
1260	explorer.exe	0xffffe38ffa6cdce0	0x14190000	0x14190fff	VadS	PAGE_READWRITE	1	1	0xffffe38ffa6cd880	N/A	Disabled
1260	explorer.exe	0xffffe38ff6f81870	0x14200000	0x142fffff	Vad 	PAGE_READWRITE	0	0	0xffffe38ffdcb98c0	N/A	Disabled
1260	explorer.exe	0xffffe38ffdcb9b40	0x141e0000	0x141e6fff	Vad 	PAGE_READONLY	0	0	0xffffe38ff6f81870	\Program Files\WindowsApps\Microsoft.LanguageExperiencePacken-GB_19041.62.219.0_neutral__8wekyb3d8bbwe\Windows\System32\en-GB\acppage.dll.mui	Disabled
1260	explorer.exe	0xffffe38ffdcb9aa0	0x141d0000	0x141d1fff	Vad 	PAGE_READONLY	0	0	0xffffe38ffdcb9b40	N/A	Disabled
1260	explorer.exe	0xffffe38ffdcb9be0	0x141f0000	0x141f0fff	Vad 	PAGE_READONLY	0	0	0xffffe38ffdcb9b40	\Windows\System32\imageres.dll	Disabled
1260	explorer.exe	0xffffe38ffadcd9c0	0x14300000	0x1437ffff	VadS	PAGE_READWRITE	17	1	0xffffe38ff6f81870	N/A	Disabled
1260	explorer.exe	0xffffe38ffdc85200	0x14ab0000	0x14d3afff	Vad 	PAGE_READWRITE	0	0	0xffffe38ff9ec57c0	N/A	Disabled
1260	explorer.exe	0xffffe38ff97e3300	0x147a0000	0x1481ffff	VadS	PAGE_READWRITE	17	1	0xffffe38ffdc85200	N/A	Disabled
1260	explorer.exe	0xffffe38ffdc843a0	0x14510000	0x1479afff	Vad 	PAGE_READWRITE	0	0	0xffffe38ff97e3300	N/A	Disabled
1260	explorer.exe	0xffffe38ff884e2a0	0x14820000	0x14aaafff	Vad 	PAGE_READWRITE	0	0	0xffffe38ff97e3300	N/A	Disabled
1260	explorer.exe	0xffffe38ff97e15a0	0x14ed0000	0x14fcffff	VadS	PAGE_READWRITE	39	1	0xffffe38ffdc85200	N/A	Disabled
1260	explorer.exe	0xffffe38ffa6ce730	0x14e90000	0x14eaefff	VadS	PAGE_READWRITE	31	1	0xffffe38ff97e15a0	N/A	Disabled
1260	explorer.exe	0xffffe38ff97e1e60	0x14fd0000	0x1504ffff	VadS	PAGE_READWRITE	17	1	0xffffe38ff97e15a0	N/A	Disabled
1260	explorer.exe	0xffffe38ff97e3c10	0x155b0000	0x155b0fff	VadS	PAGE_READWRITE	1	1	0xffffe38ff97e1640	N/A	Disabled
1260	explorer.exe	0xffffe38ff97e3440	0x154b0000	0x154b0fff	VadS	PAGE_READWRITE	1	1	0xffffe38ff97e3c10	N/A	Disabled
1260	explorer.exe	0xffffe38ff9ecac20	0x15380000	0x153fffff	VadS	PAGE_READWRITE	17	1	0xffffe38ff97e3440	N/A	Disabled
1260	explorer.exe	0xffffe38ff97df0c0	0x15150000	0x151cffff	VadS	PAGE_READWRITE	17	1	0xffffe38ff9ecac20	N/A	Disabled
1260	explorer.exe	0xffffe38ff97e2c70	0x15490000	0x15492fff	VadS	PAGE_READWRITE	3	1	0xffffe38ff9ecac20	N/A	Disabled
1260	explorer.exe	0xffffe38ff97e33f0	0x154a0000	0x154a0fff	VadS	PAGE_READWRITE	1	1	0xffffe38ff97e2c70	N/A	Disabled
1260	explorer.exe	0xffffe38ff97e2e00	0x15570000	0x15571fff	VadS	PAGE_READWRITE	2	1	0xffffe38ff97e3440	N/A	Disabled
1260	explorer.exe	0xffffe38ff97e3bc0	0x154c0000	0x154cffff	VadS	PAGE_NOACCESS	1	1	0xffffe38ff97e2e00	N/A	Disabled
1260	explorer.exe	0xffffe38ff97e3cb0	0x15590000	0x15590fff	VadS	PAGE_READWRITE	1	1	0xffffe38ff97e2e00	N/A	Disabled
1260	explorer.exe	0xffffe38ff97e3da0	0x15580000	0x15580fff	VadS	PAGE_READWRITE	1	1	0xffffe38ff97e3cb0	N/A	Disabled
1260	explorer.exe	0xffffe38ff9ed53f0	0x15a00000	0x15a7ffff	VadS	PAGE_READWRITE	17	1	0xffffe38ff97e3c10	N/A	Disabled
1260	explorer.exe	0xffffe38ff97e3b20	0x155f0000	0x155f0fff	VadS	PAGE_READWRITE	1	1	0xffffe38ff9ed53f0	N/A	Disabled
1260	explorer.exe	0xffffe38ff97e3620	0x155d0000	0x155d0fff	VadS	PAGE_READWRITE	1	1	0xffffe38ff97e3b20	N/A	Disabled
1260	explorer.exe	0xffffe38ff97e3c60	0x155c0000	0x155c0fff	VadS	PAGE_READWRITE	1	1	0xffffe38ff97e3620	N/A	Disabled
1260	explorer.exe	0xffffe38ff97e37b0	0x155e0000	0x155e0fff	VadS	PAGE_READWRITE	1	1	0xffffe38ff97e3620	N/A	Disabled
1260	explorer.exe	0xffffe38ffa344870	0x15600000	0x157fffff	VadS	PAGE_READWRITE	150	1	0xffffe38ff97e3b20	N/A	Disabled
1260	explorer.exe	0xffffe38ff9ec7070	0x16130000	0x161affff	VadS	PAGE_READWRITE	17	1	0xffffe38ff9ed53f0	N/A	Disabled
1260	explorer.exe	0xffffe38ffbb196e0	0x15f00000	0x160abfff	Vad 	PAGE_READONLY	0	0	0xffffe38ff9ec7070	\Windows\System32\en-GB\ieframe.dll.mui	Disabled
1260	explorer.exe	0xffffe38ff7e869a0	0x15b00000	0x15d8afff	Vad 	PAGE_READWRITE	0	0	0xffffe38ffbb196e0	N/A	Disabled
1260	explorer.exe	0xffffe38ff9ed30f0	0x15a80000	0x15afffff	VadS	PAGE_READWRITE	17	1	0xffffe38ff7e869a0	N/A	Disabled
1260	explorer.exe	0xffffe38ff9ec7020	0x160b0000	0x1612ffff	VadS	PAGE_READWRITE	17	1	0xffffe38ffbb196e0	N/A	Disabled
1260	explorer.exe	0xffffe38ff9182900	0x16580000	0x1658ffff	Vad 	PAGE_READONLY	0	0	0xffffe38ff9ec7070	N/A	Disabled
1260	explorer.exe	0xffffe38ff9bd1a70	0x16440000	0x164bffff	VadS	PAGE_READWRITE	17	1	0xffffe38ff9182900	N/A	Disabled
1260	explorer.exe	0xffffe38ffdc9c860	0x161b0000	0x1643afff	Vad 	PAGE_READWRITE	0	0	0xffffe38ff9bd1a70	N/A	Disabled
1260	explorer.exe	0xffffe38ff6881630	0x16850000	0x16939fff	Vad 	PAGE_READONLY	0	0	0xffffe38ff9182900	\Windows\Fonts\segoeui.ttf	Disabled
1260	explorer.exe	0xffffe38ff91831c0	0x16590000	0x1684ffff	Vad 	PAGE_READWRITE	0	0	0xffffe38ff6881630	N/A	Disabled
1260	explorer.exe	0xffffe38ff97e3e40	0x16940000	0x16940fff	VadS	PAGE_READWRITE	1	1	0xffffe38ff6881630	N/A	Disabled
1260	explorer.exe	0xffffe38ff97e33a0	0x18c90000	0x18d0ffff	VadS	PAGE_READWRITE	17	1	0xffffe38ffa34dbf0	N/A	Disabled
1260	explorer.exe	0xffffe38ffa356020	0x16ec0000	0x16f3ffff	VadS	PAGE_READWRITE	17	1	0xffffe38ff97e33a0	N/A	Disabled
1260	explorer.exe	0xffffe38ff7e8a8c0	0x16c80000	0x16c82fff	Vad 	PAGE_READONLY	0	0	0xffffe38ffa356020	N/A	Disabled
1260	explorer.exe	0xffffe38ff9182860	0x16ad0000	0x16b5ffff	Vad 	PAGE_READONLY	0	0	0xffffe38ff7e8a8c0	\Windows\SystemResources\SndVolSSO.dll.mun	Disabled
1260	explorer.exe	0xffffe38ffa34df10	0x169d0000	0x16a4ffff	VadS	PAGE_READWRITE	17	1	0xffffe38ff9182860	N/A	Disabled
1260	explorer.exe	0xffffe38ffa34e050	0x16a50000	0x16acffff	VadS	PAGE_READWRITE	17	1	0xffffe38ffa34df10	N/A	Disabled
1260	explorer.exe	0xffffe38ffa34eb90	0x16b70000	0x16beffff	VadS	PAGE_READWRITE	17	1	0xffffe38ff9182860	N/A	Disabled
1260	explorer.exe	0xffffe38ff9183300	0x16b60000	0x16b64fff	Vad 	PAGE_READONLY	0	0	0xffffe38ffa34eb90	\Program Files\WindowsApps\Microsoft.LanguageExperiencePacken-GB_19041.62.219.0_neutral__8wekyb3d8bbwe\Windows\System32\en-GB\sndvolsso.dll.mui	Disabled
1260	explorer.exe	0xffffe38ff7e8ab40	0x16bf0000	0x16bf4fff	Vad 	PAGE_READONLY	0	0	0xffffe38ffa34eb90	\Program Files\WindowsApps\Microsoft.LanguageExperiencePacken-GB_19041.62.219.0_neutral__8wekyb3d8bbwe\Windows\System32\en-GB\pnidui.dll.mui	Disabled
1260	explorer.exe	0xffffe38ffa355e90	0x16c00000	0x16c7ffff	VadS	PAGE_READWRITE	17	1	0xffffe38ff7e8ab40	N/A	Disabled
1260	explorer.exe	0xffffe38ff7e8c8a0	0x16d60000	0x16d64fff	Vad 	PAGE_READONLY	0	0	0xffffe38ff7e8a8c0	\Windows\System32\en-US\imapi2.dll.mui	Disabled
1260	explorer.exe	0xffffe38ff7e8c080	0x16d20000	0x16d22fff	Vad 	PAGE_READONLY	0	0	0xffffe38ff7e8c8a0	N/A	Disabled
1260	explorer.exe	0xffffe38ff7e8aa00	0x16c90000	0x16c96fff	Vad 	PAGE_READONLY	0	0	0xffffe38ff7e8c080	\Program Files\WindowsApps\Microsoft.LanguageExperiencePacken-GB_19041.62.219.0_neutral__8wekyb3d8bbwe\Windows\System32\en-GB\bthprops.cpl.mui	Disabled
1260	explorer.exe	0xffffe38ffa34ed20	0x16ca0000	0x16d1ffff	VadS	PAGE_READWRITE	17	1	0xffffe38ff7e8aa00	N/A	Disabled
1260	explorer.exe	0xffffe38ff7e8af00	0x16d40000	0x16d42fff	Vad 	PAGE_READONLY	0	0	0xffffe38ff7e8c080	N/A	Disabled
1260	explorer.exe	0xffffe38ff7e8c1c0	0x16d30000	0x16d32fff	Vad 	PAGE_READONLY	0	0	0xffffe38ff7e8af00	N/A	Disabled
1260	explorer.exe	0xffffe38ff7e72360	0x16d50000	0x16d50fff	Vad 	PAGE_READWRITE	0	0	0xffffe38ff7e8af00	N/A	Disabled
1260	explorer.exe	0xffffe38ff9b57120	0x16da0000	0x16dacfff	Vad 	PAGE_READONLY	0	0	0xffffe38ff7e8c8a0	\Program Files\WindowsApps\Microsoft.LanguageExperiencePacken-GB_19041.62.219.0_neutral__8wekyb3d8bbwe\Windows\System32\en-GB\crypt32.dll.mui	Disabled
1260	explorer.exe	0xffffe38ff7e743e0	0x16d70000	0x16d72fff	Vad 	PAGE_READONLY	0	0	0xffffe38ff9b57120	\Windows\System32\en-US\mswsock.dll.mui	Disabled
1260	explorer.exe	0xffffe38ff97e3850	0x16eb0000	0x16eb0fff	VadS	PAGE_READWRITE	1	1	0xffffe38ff9b57120	N/A	Disabled
1260	explorer.exe	0xffffe38ff794e1e0	0x16db0000	0x16eaffff	VadS	PAGE_READWRITE	9	1	0xffffe38ff97e3850	N/A	Disabled
1260	explorer.exe	0xffffe38ff9ed3320	0x18a80000	0x18a80fff	VadS	PAGE_READWRITE	1	1	0xffffe38ffa356020	N/A	Disabled
1260	explorer.exe	0xffffe38ff97e34e0	0x18720000	0x1872ffff	VadS	PAGE_READWRITE	15	1	0xffffe38ff9ed3320	N/A	Disabled
1260	explorer.exe	0xffffe38ff97e38a0	0x186c0000	0x186c0fff	VadS	PAGE_READWRITE	1	1	0xffffe38ff97e34e0	N/A	Disabled
1260	explorer.exe	0xffffe38ffd89f6a0	0x177f0000	0x185acfff	Vad 	PAGE_READONLY	0	0	0xffffe38ff97e38a0	\Windows\SystemResources\shell32.dll.mun	Disabled
1260	explorer.exe	0xffffe38ffb2d7470	0x16ff0000	0x177effff	VadS	PAGE_READWRITE	2039	1	0xffffe38ffd89f6a0	N/A	Disabled
1260	explorer.exe	0xffffe38ff9b68d80	0x16f40000	0x16feefff	Vad 	PAGE_READONLY	0	0	0xffffe38ffb2d7470	\Windows\System32\Windows.UI.Xaml.Resources.19h1.dll	Disabled
1260	explorer.exe	0xffffe38ff97e38f0	0x186b0000	0x186b0fff	VadS	PAGE_READWRITE	1	1	0xffffe38ffd89f6a0	N/A	Disabled
1260	explorer.exe	0xffffe38ffd894c00	0x185b0000	0x186affff	Vad 	PAGE_READWRITE	0	0	0xffffe38ff97e38f0	\Users\Patrick\AppData\Local\Microsoft\Windows\Explorer\iconcache_32.db	Disabled
1260	explorer.exe	0xffffe38ff97e4070	0x18700000	0x18700fff	VadS	PAGE_READWRITE	1	1	0xffffe38ff97e38a0	N/A	Disabled
1260	explorer.exe	0xffffe38ff97e3ad0	0x186e0000	0x186e0fff	VadS	PAGE_READWRITE	1	1	0xffffe38ff97e4070	N/A	Disabled
1260	explorer.exe	0xffffe38ff97e3a30	0x186d0000	0x186d0fff	VadS	PAGE_READWRITE	1	1	0xffffe38ff97e3ad0	N/A	Disabled
1260	explorer.exe	0xffffe38ff97e4340	0x186f0000	0x186f0fff	VadS	PAGE_READWRITE	1	1	0xffffe38ff97e3ad0	N/A	Disabled
1260	explorer.exe	0xffffe38ff97e4520	0x18710000	0x18710fff	VadS	PAGE_READWRITE	1	1	0xffffe38ff97e4070	N/A	Disabled
1260	explorer.exe	0xffffe38ff794d290	0x18a10000	0x18a1ffff	VadS	PAGE_READWRITE	15	1	0xffffe38ff97e34e0	N/A	Disabled
1260	explorer.exe	0xffffe38ff9cd4a90	0x187e0000	0x1885ffff	VadS	PAGE_READWRITE	17	1	0xffffe38ff794d290	N/A	Disabled
1260	explorer.exe	0xffffe38ffd895420	0x18860000	0x1895ffff	Vad 	PAGE_READWRITE	0	0	0xffffe38ff9cd4a90	N/A	Disabled
1260	explorer.exe	0xffffe38ff97e4570	0x18a60000	0x18a60fff	VadS	PAGE_READWRITE	1	1	0xffffe38ff794d290	N/A	Disabled
1260	explorer.exe	0xffffe38ff97e4a20	0x18a70000	0x18a70fff	VadS	PAGE_READWRITE	1	1	0xffffe38ff97e4570	N/A	Disabled
1260	explorer.exe	0xffffe38ff97e5470	0x18c20000	0x18c20fff	VadS	PAGE_READWRITE	1	1	0xffffe38ff9ed3320	N/A	Disabled
1260	explorer.exe	0xffffe38ff97e4a70	0x18c10000	0x18c10fff	VadS	PAGE_READWRITE	1	1	0xffffe38ff97e5470	N/A	Disabled
1260	explorer.exe	0xffffe38ff9cc8c40	0x18ac0000	0x18ac0fff	VadS	PAGE_READWRITE	1	1	0xffffe38ff97e4a70	N/A	Disabled
1260	explorer.exe	0xffffe38ff97e5a10	0x18c60000	0x18c60fff	VadS	PAGE_READWRITE	1	1	0xffffe38ff97e5470	N/A	Disabled
1260	explorer.exe	0xffffe38ff97e59c0	0x18c40000	0x18c40fff	VadS	PAGE_READWRITE	1	1	0xffffe38ff97e5a10	N/A	Disabled
1260	explorer.exe	0xffffe38ff97e5740	0x18c30000	0x18c30fff	VadS	PAGE_READWRITE	1	1	0xffffe38ff97e59c0	N/A	Disabled
1260	explorer.exe	0xffffe38ff97e5d80	0x18c50000	0x18c50fff	VadS	PAGE_READWRITE	1	1	0xffffe38ff97e59c0	N/A	Disabled
1260	explorer.exe	0xffffe38ff97e5e70	0x18c80000	0x18c80fff	VadS	PAGE_READWRITE	1	1	0xffffe38ff97e5a10	N/A	Disabled
1260	explorer.exe	0xffffe38ff97e5b50	0x18c70000	0x18c70fff	VadS	PAGE_READWRITE	1	1	0xffffe38ff97e5e70	N/A	Disabled
1260	explorer.exe	0xffffe38ff9ce19c0	0x1a210000	0x1a21afff	VadS	PAGE_READWRITE	11	1	0xffffe38ff97e33a0	N/A	Disabled
1260	explorer.exe	0xffffe38ff97e6b40	0x18ec0000	0x18ec0fff	VadS	PAGE_READWRITE	1	1	0xffffe38ff9ce19c0	N/A	Disabled
1260	explorer.exe	0xffffe38ff97e6230	0x18e60000	0x18e60fff	VadS	PAGE_READWRITE	1	1	0xffffe38ff97e6b40	N/A	Disabled
1260	explorer.exe	0xffffe38ff97e61e0	0x18e40000	0x18e40fff	VadS	PAGE_READWRITE	1	1	0xffffe38ff97e6230	N/A	Disabled
1260	explorer.exe	0xffffe38ff97e60f0	0x18e20000	0x18e20fff	VadS	PAGE_READWRITE	1	1	0xffffe38ff97e61e0	N/A	Disabled
1260	explorer.exe	0xffffe38ff97e2e50	0x18d20000	0x18e1ffff	VadS	PAGE_READWRITE	9	1	0xffffe38ff97e60f0	N/A	Disabled
1260	explorer.exe	0xffffe38ff97e6140	0x18e30000	0x18e30fff	VadS	PAGE_READWRITE	1	1	0xffffe38ff97e60f0	N/A	Disabled
1260	explorer.exe	0xffffe38ff97e6190	0x18e50000	0x18e50fff	VadS	PAGE_READWRITE	1	1	0xffffe38ff97e61e0	N/A	Disabled
1260	explorer.exe	0xffffe38ff97e70e0	0x18ea0000	0x18ea0fff	VadS	PAGE_READWRITE	1	1	0xffffe38ff97e6230	N/A	Disabled
1260	explorer.exe	0xffffe38ff97e69b0	0x18e80000	0x18e80fff	VadS	PAGE_READWRITE	1	1	0xffffe38ff97e70e0	N/A	Disabled
1260	explorer.exe	0xffffe38ff97e62d0	0x18e70000	0x18e70fff	VadS	PAGE_READWRITE	1	1	0xffffe38ff97e69b0	N/A	Disabled
1260	explorer.exe	0xffffe38ff97e7090	0x18e90000	0x18e90fff	VadS	PAGE_READWRITE	1	1	0xffffe38ff97e69b0	N/A	Disabled
1260	explorer.exe	0xffffe38ff97e7180	0x18eb0000	0x18eb0fff	VadS	PAGE_READWRITE	1	1	0xffffe38ff97e70e0	N/A	Disabled
1260	explorer.exe	0xffffe38ff9ed2f60	0x190a0000	0x190a0fff	VadS	PAGE_READWRITE	1	1	0xffffe38ff97e6b40	N/A	Disabled
1260	explorer.exe	0xffffe38ff97e7ae0	0x19020000	0x19020fff	VadS	PAGE_READWRITE	1	1	0xffffe38ff9ed2f60	N/A	Disabled
1260	explorer.exe	0xffffe38ff97e77c0	0x18ef0000	0x18ef0fff	VadS	PAGE_READWRITE	1	1	0xffffe38ff97e7ae0	N/A	Disabled
1260	explorer.exe	0xffffe38ff97e76d0	0x18ee0000	0x18ee0fff	VadS	PAGE_READWRITE	1	1	0xffffe38ff97e77c0	N/A	Disabled
1260	explorer.exe	0xffffe38ff97e74a0	0x18ed0000	0x18ed0fff	VadS	PAGE_READWRITE	1	1	0xffffe38ff97e76d0	N/A	Disabled
1260	explorer.exe	0xffffe38ff97e75e0	0x18f10000	0x18f13fff	VadS	PAGE_READWRITE	4	1	0xffffe38ff97e77c0	N/A	Disabled
1260	explorer.exe	0xffffe38ff97d8c70	0x19040000	0x19066fff	VadS	PAGE_READWRITE	39	1	0xffffe38ff97e7ae0	N/A	Disabled
1260	explorer.exe	0xffffe38ff97e7a40	0x19030000	0x19030fff	VadS	PAGE_READWRITE	1	1	0xffffe38ff97d8c70	N/A	Disabled
1260	explorer.exe	0xffffe38ff97e8da0	0x198e0000	0x1995ffff	VadS	PAGE_READWRITE	17	1	0xffffe38ff9ed2f60	N/A	Disabled
1260	explorer.exe	0xffffe38ffa6489e0	0x19200000	0x1948afff	Vad 	PAGE_READWRITE	0	0	0xffffe38ff97e8da0	N/A	Disabled
1260	explorer.exe	0xffffe38ffa648940	0x19490000	0x1971afff	Vad 	PAGE_READWRITE	0	0	0xffffe38ffa6489e0	N/A	Disabled
1260	explorer.exe	0xffffe38ffbb0e420	0x19d60000	0x19d64fff	Vad 	PAGE_READONLY	0	0	0xffffe38ff97e8da0	\Program Files\WindowsApps\Microsoft.LanguageExperiencePacken-GB_19041.62.219.0_neutral__8wekyb3d8bbwe\Windows\System32\en-GB\NetworkExplorer.dll.mui	Disabled
1260	explorer.exe	0xffffe38ffdc84800	0x19960000	0x19beafff	Vad 	PAGE_READWRITE	0	0	0xffffe38ffbb0e420	N/A	Disabled
1260	explorer.exe	0xffffe38ffa6470e0	0x19d70000	0x19ffafff	Vad 	PAGE_READWRITE	0	0	0xffffe38ffbb0e420	N/A	Disabled
1260	explorer.exe	0xffffe38ffbb07e40	0x1da90000	0x1dd1afff	Vad 	PAGE_READWRITE	0	0	0xffffe38ff9ce19c0	N/A	Disabled
1260	explorer.exe	0xffffe38ffdc96be0	0x1bc70000	0x1d04efff	Vad 	PAGE_READONLY	0	0	0xffffe38ffbb07e40	\Windows\SystemResources\imageres.dll.mun	Disabled
1260	explorer.exe	0xffffe38ff7e812c0	0x1a540000	0x1a7cafff	Vad 	PAGE_READWRITE	0	0	0xffffe38ffdc96be0	N/A	Disabled
1260	explorer.exe	0xffffe38ff9ce1420	0x1a230000	0x1a230fff	VadS	PAGE_READWRITE	1	1	0xffffe38ff7e812c0	N/A	Disabled
1260	explorer.exe	0xffffe38ffa643620	0x1a240000	0x1a4cafff	Vad 	PAGE_READWRITE	0	0	0xffffe38ff9ce1420	N/A	Disabled
1260	explorer.exe	0xffffe38ffdcb9c80	0x1a890000	0x1bc6efff	Vad 	PAGE_READONLY	0	0	0xffffe38ff7e812c0	\Windows\SystemResources\imageres.dll.mun	Disabled
1260	explorer.exe	0xffffe38ffa6436c0	0x1d2e0000	0x1d56afff	Vad 	PAGE_READWRITE	0	0	0xffffe38ffdc96be0	N/A	Disabled
1260	explorer.exe	0xffffe38ffa652e40	0x1d050000	0x1d2dafff	Vad 	PAGE_READWRITE	0	0	0xffffe38ffa6436c0	N/A	Disabled
1260	explorer.exe	0xffffe38ffd88b240	0x1d800000	0x1da8afff	Vad 	PAGE_READWRITE	0	0	0xffffe38ffa6436c0	N/A	Disabled
1260	explorer.exe	0xffffe38ffa643b20	0x1d570000	0x1d7fafff	Vad 	PAGE_READWRITE	0	0	0xffffe38ffd88b240	N/A	Disabled
1260	explorer.exe	0xffffe38ffa6466e0	0x1fdc0000	0x2004afff	Vad 	PAGE_READWRITE	0	0	0xffffe38ffbb07e40	N/A	Disabled
1260	explorer.exe	0xffffe38ff9edbc50	0x1e650000	0x1f61ffff	VadS	PAGE_READWRITE	1561	1	0xffffe38ffa6466e0	N/A	Disabled
1260	explorer.exe	0xffffe38ffdc853e0	0x1dfb0000	0x1e23afff	Vad 	PAGE_READWRITE	0	0	0xffffe38ff9edbc50	N/A	Disabled
1260	explorer.exe	0xffffe38ffdc98bc0	0x1dd20000	0x1dfaafff	Vad 	PAGE_READWRITE	0	0	0xffffe38ffdc853e0	N/A	Disabled
1260	explorer.exe	0xffffe38ffa65f140	0x1e240000	0x1e4cafff	Vad 	PAGE_READWRITE	0	0	0xffffe38ffdc853e0	N/A	Disabled
1260	explorer.exe	0xffffe38ffa648120	0x1f8b0000	0x1fb3afff	Vad 	PAGE_READWRITE	0	0	0xffffe38ff9edbc50	N/A	Disabled
1260	explorer.exe	0xffffe38ffa645100	0x1f620000	0x1f8aafff	Vad 	PAGE_READWRITE	0	0	0xffffe38ffa648120	N/A	Disabled
1260	explorer.exe	0xffffe38ffdc93a80	0x20d00000	0x20dfffff	Vad 	PAGE_READWRITE	0	0	0xffffe38ffa6466e0	\Users\Patrick\AppData\Local\Microsoft\Windows\Explorer\thumbcache_16.db	Disabled
1260	explorer.exe	0xffffe38ffdc8e440	0x203a0000	0x2062afff	Vad 	PAGE_READWRITE	0	0	0xffffe38ffdc93a80	N/A	Disabled
1260	explorer.exe	0xffffe38ffdc89c60	0x20050000	0x202dafff	Vad 	PAGE_READWRITE	0	0	0xffffe38ffdc8e440	N/A	Disabled
1260	explorer.exe	0xffffe38ffdc889a0	0x20630000	0x208bafff	Vad 	PAGE_READWRITE	0	0	0xffffe38ffdc8e440	N/A	Disabled
1260	explorer.exe	0xffffe38ffdc867e0	0x208c0000	0x20b4afff	Vad 	PAGE_READWRITE	0	0	0xffffe38ffdc889a0	N/A	Disabled
1260	explorer.exe	0xffffe38ff9147ee0	0x23720000	0x239aafff	Vad 	PAGE_READWRITE	0	0	0xffffe38ffdc93a80	N/A	Disabled
1260	explorer.exe	0xffffe38ff8843a80	0x20e00000	0x213c1fff	Vad 	PAGE_READWRITE	0	0	0xffffe38ff9147ee0	N/A	Disabled
1260	explorer.exe	0xffffe38ffbb09ba0	0x23c30000	0x23ebafff	Vad 	PAGE_READWRITE	0	0	0xffffe38ff9147ee0	N/A	Disabled
1260	explorer.exe	0xffffe38ff9b65ea0	0x7ffa3a920000	0x7ffa3a9c5fff	Vad 	PAGE_EXECUTE_WRITECOPY	7	0	0xffffe38ff88479a0	\Windows\System32\aepic.dll	Disabled
1260	explorer.exe	0xffffe38ff6f81c30	0x7ffa34f40000	0x7ffa34fbffff	Vad 	PAGE_EXECUTE_WRITECOPY	5	0	0xffffe38ff9b65ea0	\Windows\System32\DictationManager.dll	Disabled
1260	explorer.exe	0xffffe38ff9b71660	0x7ffa2d3c0000	0x7ffa2d57bfff	Vad 	PAGE_EXECUTE_WRITECOPY	9	0	0xffffe38ff6f81c30	\Windows\System32\mfplat.dll	Disabled
1260	explorer.exe	0xffffe38ff8dc97a0	0x7ffa223f0000	0x7ffa22597fff	Vad 	PAGE_EXECUTE_WRITECOPY	5	0	0xffffe38ff9b71660	\Windows\WinSxS\amd64_microsoft.windows.gdiplus_6595b64144ccf1df_1.1.19041.6456_none_91a399b0cc88bc24\GdiPlus.dll	Disabled
1260	explorer.exe	0xffffe38ffb2cb990	0x7df4e7dd0000	0x7df5e7deffff	VadS	PAGE_READWRITE	0	1	0xffffe38ff8dc97a0	N/A	Disabled
1260	explorer.exe	0xffffe38ffb2e1830	0x7df4e7c90000	0x7df4e7c9ffff	VadS	PAGE_NOACCESS	2	1	0xffffe38ffb2cb990	N/A	Disabled
1260	explorer.exe	0xffffe38ffb2ca770	0x7ffe0000	0x7ffe0fff	VadS	PAGE_READONLY	1	1	0xffffe38ffb2e1830	N/A	Disabled
1260	explorer.exe	0xffffe38ffdc84760	0x26830000	0x26abafff	Vad 	PAGE_READWRITE	0	0	0xffffe38ffb2ca770	N/A	Disabled
1260	explorer.exe	0xffffe38ff7f7c110	0x279b0000	0x2897ffff	VadS	PAGE_READWRITE	535	1	0xffffe38ffdc84760	N/A	Disabled
1260	explorer.exe	0xffffe38ffb2cab80	0x7ffe7000	0x7ffe7fff	VadS	PAGE_READONLY	1	1	0xffffe38ffb2ca770	N/A	Disabled
1260	explorer.exe	0xffffe38ffb2e0a70	0x7df4e7cc0000	0x7df4e7ccffff	VadS	PAGE_NOACCESS	2	1	0xffffe38ffb2e1830	N/A	Disabled
1260	explorer.exe	0xffffe38ffb2e1100	0x7df4e7ca0000	0x7df4e7caffff	VadS	PAGE_NOACCESS	2	1	0xffffe38ffb2e0a70	N/A	Disabled
1260	explorer.exe	0xffffe38ffb2e1a60	0x7df4e7cb0000	0x7df4e7cbffff	VadS	PAGE_NOACCESS	2	1	0xffffe38ffb2e1100	N/A	Disabled
1260	explorer.exe	0xffffe38ff9b64b40	0x7df4e7cd0000	0x7df4e7dcffff	Vad 	PAGE_READONLY	0	0	0xffffe38ffb2e0a70	N/A	Disabled
1260	explorer.exe	0xffffe38ff9b60e00	0x7df5e9e40000	0x7ff5e9e3ffff	Vad 	PAGE_NOACCESS	85	0	0xffffe38ffb2cb990	N/A	Disabled
1260	explorer.exe	0xffffe38ff9b613a0	0x7df5e9e00000	0x7df5e9e00fff	Vad 	PAGE_READONLY	0	0	0xffffe38ff9b60e00	N/A	Disabled
1260	explorer.exe	0xffffe38ffb2cbd50	0x7df5e7df0000	0x7df5e9df0fff	VadS	PAGE_READWRITE	1	1	0xffffe38ff9b613a0	N/A	Disabled
1260	explorer.exe	0xffffe38ff9b60f40	0x7df5e9e10000	0x7df5e9e32fff	Vad 	PAGE_READONLY	0	0	0xffffe38ff9b613a0	N/A	Disabled
1260	explorer.exe	0xffffe38ff9b5c1c0	0x7ff691560000	0x7ff691b28fff	Vad 	PAGE_EXECUTE_WRITECOPY	14	0	0xffffe38ff9b60e00	\Windows\explorer.exe	Disabled
1260	explorer.exe	0xffffe38ffdca2580	0x7ffa03b30000	0x7ffa03b54fff	Vad 	PAGE_EXECUTE_WRITECOPY	3	0	0xffffe38ff9b5c1c0	\Windows\System32\GraphicsCapture.dll	Disabled
1260	explorer.exe	0xffffe38ff9b56900	0x7ffa27ab0000	0x7ffa27cc4fff	Vad 	PAGE_EXECUTE_WRITECOPY	38	0	0xffffe38ff8dc97a0	\Windows\ShellComponents\TaskFlowUI.dll	Disabled
1260	explorer.exe	0xffffe38ffd8963c0	0x7ffa249a0000	0x7ffa24b53fff	Vad 	PAGE_EXECUTE_WRITECOPY	8	0	0xffffe38ff9b56900	\Windows\System32\dui70.dll	Disabled
1260	explorer.exe	0xffffe38ffd89de40	0x7ffa24900000	0x7ffa24994fff	Vad 	PAGE_EXECUTE_WRITECOPY	7	0	0xffffe38ffd8963c0	\Windows\System32\duser.dll	Disabled
1260	explorer.exe	0xffffe38ffdc85ac0	0x7ffa247f0000	0x7ffa24841fff	Vad 	PAGE_EXECUTE_WRITECOPY	5	0	0xffffe38ffd89de40	\Windows\System32\smartscreenps.dll	Disabled
1260	explorer.exe	0xffffe38ff77b54b0	0x7ffa27940000	0x7ffa27a57fff	Vad 	PAGE_EXECUTE_WRITECOPY	6	0	0xffffe38ffd8963c0	\Windows\System32\SettingSyncCore.dll	Disabled
1260	explorer.exe	0xffffe38ff9182220	0x7ffa2d0a0000	0x7ffa2d0acfff	Vad 	PAGE_EXECUTE_WRITECOPY	5	0	0xffffe38ff9b56900	\Windows\System32\atlthunk.dll	Disabled
1260	explorer.exe	0xffffe38ffbb079e0	0x7ffa2b1e0000	0x7ffa2b5cbfff	Vad 	PAGE_EXECUTE_WRITECOPY	41	0	0xffffe38ff9182220	\Windows\System32\UIRibbon.dll	Disabled
1260	explorer.exe	0xffffe38ffbb16ee0	0x7ffa2aa70000	0x7ffa2b1dbfff	Vad 	PAGE_EXECUTE_WRITECOPY	20	0	0xffffe38ffbb079e0	\Windows\System32\ieframe.dll	Disabled
1260	explorer.exe	0xffffe38ff7e8a6e0	0x7ffa2ca30000	0x7ffa2cc48fff	Vad 	PAGE_EXECUTE_WRITECOPY	4	0	0xffffe38ffbb079e0	\Windows\System32\pnidui.dll	Disabled
1260	explorer.exe	0xffffe38ff7e8bea0	0x7ffa2d2f0000	0x7ffa2d373fff	Vad 	PAGE_EXECUTE_WRITECOPY	5	0	0xffffe38ff9182220	\Windows\System32\imapi2.dll	Disabled
1260	explorer.exe	0xffffe38ff9b72060	0x7ffa2d380000	0x7ffa2d3b3fff	Vad 	PAGE_EXECUTE_WRITECOPY	8	0	0xffffe38ff7e8bea0	\Windows\System32\RTWorkQ.dll	Disabled
1260	explorer.exe	0xffffe38ff9b72880	0x7ffa33370000	0x7ffa3345efff	Vad 	PAGE_EXECUTE_WRITECOPY	4	0	0xffffe38ff9b71660	\Windows\System32\ShellCommonCommonProxyStub.dll	Disabled
1260	explorer.exe	0xffffe38ffd8b13a0	0x7ffa30390000	0x7ffa303c7fff	Vad 	PAGE_EXECUTE_WRITECOPY	2	0	0xffffe38ff9b72880	\Windows\System32\NPSMDesktopProvider.dll	Disabled
1260	explorer.exe	0xffffe38ff7e88c00	0x7ffa2da10000	0x7ffa2da62fff	Vad 	PAGE_EXECUTE_WRITECOPY	3	0	0xffffe38ffd8b13a0	\Windows\System32\ActionCenter.dll	Disabled
1260	explorer.exe	0xffffe38ff68303b0	0x7ffa2d670000	0x7ffa2d712fff	Vad 	PAGE_EXECUTE_WRITECOPY	7	0	0xffffe38ff7e88c00	\Windows\System32\PortableDeviceApi.dll	Disabled
1260	explorer.exe	0xffffe38ff7e8b540	0x7ffa2d5e0000	0x7ffa2d662fff	Vad 	PAGE_EXECUTE_WRITECOPY	5	0	0xffffe38ff68303b0	\Windows\System32\SyncCenter.dll	Disabled
1260	explorer.exe	0xffffe38ff7e88d40	0x7ffa2d750000	0x7ffa2d7b3fff	Vad 	PAGE_EXECUTE_WRITECOPY	4	0	0xffffe38ff68303b0	\Windows\System32\Windows.FileExplorer.Common.dll	Disabled
1260	explorer.exe	0xffffe38ff8d96940	0x7ffa2d7c0000	0x7ffa2d7c8fff	Vad 	PAGE_EXECUTE_WRITECOPY	3	0	0xffffe38ff7e88d40	\Windows\System32\IconCodecService.dll	Disabled
1260	explorer.exe	0xffffe38ffd8b14e0	0x7ffa2e000000	0x7ffa2e064fff	Vad 	PAGE_EXECUTE_WRITECOPY	3	0	0xffffe38ff7e88c00	\Windows\System32\BthAvctpSvc.dll	Disabled
1260	explorer.exe	0xffffe38ffbb058c0	0x7ffa2daa0000	0x7ffa2dccdfff	Vad 	PAGE_EXECUTE_WRITECOPY	14	0	0xffffe38ffd8b14e0	\Windows\System32\icu.dll	Disabled
1260	explorer.exe	0xffffe38ff7e8bb80	0x7ffa327a0000	0x7ffa327effff	Vad 	PAGE_EXECUTE_WRITECOPY	4	0	0xffffe38ffd8b13a0	\Windows\System32\cscobj.dll	Disabled
1260	explorer.exe	0xffffe38ff6b62290	0x7ffa314d0000	0x7ffa317c3fff	Vad 	PAGE_EXECUTE_WRITECOPY	9	0	0xffffe38ff7e8bb80	\Windows\System32\UIAutomationCore.dll	Disabled
1260	explorer.exe	0xffffe38ffdcb96e0	0x7ffa30960000	0x7ffa30c9cfff	Vad 	PAGE_EXECUTE_WRITECOPY	10	0	0xffffe38ff6b62290	\Windows\System32\msi.dll	Disabled
1260	explorer.exe	0xffffe38ffdcaac80	0x7ffa31db0000	0x7ffa31e90fff	Vad 	PAGE_EXECUTE_WRITECOPY	6	0	0xffffe38ff6b62290	\Windows\System32\Windows.Internal.Shell.Broker.dll	Disabled
1260	explorer.exe	0xffffe38ff751d630	0x7ffa31b20000	0x7ffa31b65fff	Vad 	PAGE_EXECUTE_WRITECOPY	4	0	0xffffe38ffdcaac80	\Windows\System32\Windows.Internal.System.UserProfile.dll	Disabled
1260	explorer.exe	0xffffe38ff9183580	0x7ffa32250000	0x7ffa322d2fff	Vad 	PAGE_EXECUTE_WRITECOPY	5	0	0xffffe38ffdcaac80	\Windows\System32\DXP.dll	Disabled
1260	explorer.exe	0xffffe38ff8d97f20	0x7ffa32f80000	0x7ffa32ffdfff	Vad 	PAGE_EXECUTE_WRITECOPY	8	0	0xffffe38ff7e8bb80	\Windows\ShellExperiences\TileControl.dll	Disabled
1260	explorer.exe	0xffffe38ff9b59ba0	0x7ffa32c90000	0x7ffa32d6dfff	Vad 	PAGE_EXECUTE_WRITECOPY	6	0	0xffffe38ff8d97f20	\Windows\System32\werconcpl.dll	Disabled
1260	explorer.exe	0xffffe38ff6b608f0	0x7ffa32ba0000	0x7ffa32c8dfff	Vad 	PAGE_EXECUTE_WRITECOPY	9	0	0xffffe38ff9b59ba0	\Windows\System32\ieproxy.dll	Disabled
1260	explorer.exe	0xffffe38ff8d97e80	0x7ffa33000000	0x7ffa3324cfff	Vad 	PAGE_EXECUTE_WRITECOPY	38	0	0xffffe38ff8d97f20	\Windows\ShellComponents\WindowsInternal.ComposableShell.Experiences.Switcher.dll	Disabled
1260	explorer.exe	0xffffe38ff9b72ec0	0x7ffa33250000	0x7ffa33289fff	Vad 	PAGE_EXECUTE_WRITECOPY	4	0	0xffffe38ff8d97e80	\Windows\System32\omadmapi.dll	Disabled
1260	explorer.exe	0xffffe38ff9b71e80	0x7ffa33830000	0x7ffa3393ffff	Vad 	PAGE_EXECUTE_WRITECOPY	12	0	0xffffe38ff9b72880	\Windows\System32\Windows.Internal.Signals.dll	Disabled
1260	explorer.exe	0xffffe38ff916a1c0	0x7ffa33570000	0x7ffa335dcfff	Vad 	PAGE_EXECUTE_WRITECOPY	3	0	0xffffe38ff9b71e80	\Windows\System32\Windows.Internal.UI.Shell.WindowTabManager.dll	Disabled
1260	explorer.exe	0xffffe38ff916c920	0x7ffa33460000	0x7ffa33563fff	Vad 	PAGE_EXECUTE_WRITECOPY	5	0	0xffffe38ff916a1c0	\Windows\System32\Windows.UI.Core.TextInput.dll	Disabled
1260	explorer.exe	0xffffe38ff9b721a0	0x7ffa33670000	0x7ffa337edfff	Vad 	PAGE_EXECUTE_WRITECOPY	5	0	0xffffe38ff916a1c0	\Windows\System32\TaskFlowDataEngine.dll	Disabled
1260	explorer.exe	0xffffe38ff917f2a0	0x7ffa335e0000	0x7ffa33666fff	Vad 	PAGE_EXECUTE_WRITECOPY	5	0	0xffffe38ff9b721a0	\Windows\System32\InputSwitch.dll	Disabled
1260	explorer.exe	0xffffe38ff9b6d6a0	0x7ffa347a0000	0x7ffa349f7fff	Vad 	PAGE_EXECUTE_WRITECOPY	10	0	0xffffe38ff9b71e80	\Windows\System32\ExplorerFrame.dll	Disabled
1260	explorer.exe	0xffffe38ff9b70300	0x7ffa33fd0000	0x7ffa34078fff	Vad 	PAGE_EXECUTE_WRITECOPY	5	0	0xffffe38ff9b6d6a0	\Windows\System32\ApplicationFrame.dll	Disabled
1260	explorer.exe	0xffffe38ff9170480	0x7ffa33940000	0x7ffa33c33fff	Vad 	PAGE_EXECUTE_WRITECOPY	15	0	0xffffe38ff9b70300	\Users\Patrick\AppData\Local\Microsoft\OneDrive\26.158.0816.0003\FileSyncShell64.dll	Disabled
1260	explorer.exe	0xffffe38ff9b713e0	0x7ffa34080000	0x7ffa34697fff	Vad 	PAGE_EXECUTE_WRITECOPY	23	0	0xffffe38ff9b70300	\Windows\System32\twinui.dll	Disabled
1260	explorer.exe	0xffffe38ff6f833f0	0x7ffa34ce0000	0x7ffa34d45fff	Vad 	PAGE_EXECUTE_WRITECOPY	4	0	0xffffe38ff9b6d6a0	\Windows\System32\oleacc.dll	Disabled
1260	explorer.exe	0xffffe38ff7e8a3c0	0x7ffa34ef0000	0x7ffa34f35fff	Vad 	PAGE_EXECUTE_WRITECOPY	4	0	0xffffe38ff6f833f0	\Windows\System32\bthprops.cpl	Disabled
1260	explorer.exe	0xffffe38ff83a92e0	0x7ffa374d0000	0x7ffa3776afff	Vad 	PAGE_EXECUTE_WRITECOPY	8	0	0xffffe38ff6f81c30	\Windows\WinSxS\amd64_microsoft.windows.common-controls_6595b64144ccf1df_6.0.19041.6456_none_60b8a6cb71f64256\comctl32.dll	Disabled
1260	explorer.exe	0xffffe38ff9b6eb40	0x7ffa36040000	0x7ffa366f3fff	Vad 	PAGE_EXECUTE_WRITECOPY	17	0	0xffffe38ff83a92e0	\Windows\System32\twinui.pcshell.dll	Disabled
1260	explorer.exe	0xffffe38ff9b6d1a0	0x7ffa35b90000	0x7ffa35bcdfff	Vad 	PAGE_EXECUTE_WRITECOPY	3	0	0xffffe38ff9b6eb40	\Windows\System32\DataExchange.dll	Disabled
1260	explorer.exe	0xffffe38ff9b6c480	0x7ffa356b0000	0x7ffa35825fff	Vad 	PAGE_EXECUTE_WRITECOPY	7	0	0xffffe38ff9b6d1a0	\Windows\SystemApps\Microsoft.Windows.Search_cw5n1h2txyewy\SearchUx.Model.dll	Disabled
1260	explorer.exe	0xffffe38ff7e8b0e0	0x7ffa355e0000	0x7ffa3561dfff	Vad 	PAGE_EXECUTE_WRITECOPY	3	0	0xffffe38ff9b6c480	\Windows\System32\srchadmin.dll	Disabled
1260	explorer.exe	0xffffe38ff6f803d0	0x7ffa350f0000	0x7ffa353e4fff	Vad 	PAGE_EXECUTE_WRITECOPY	7	0	0xffffe38ff7e8b0e0	\Windows\System32\windowsudk.shellcommon.dll	Disabled
1260	explorer.exe	0xffffe38ff91807e0	0x7ffa35620000	0x7ffa356a5fff	Vad 	PAGE_EXECUTE_WRITECOPY	4	0	0xffffe38ff7e8b0e0	\Windows\SystemApps\MicrosoftWindows.Client.CBS_cw5n1h2txyewy\UserSetup.Eligibility.dll	Disabled
1260	explorer.exe	0xffffe38ff83a7bc0	0x7ffa35aa0000	0x7ffa35b1cfff	Vad 	PAGE_EXECUTE_WRITECOPY	5	0	0xffffe38ff9b6c480	\Windows\System32\ntshrui.dll	Disabled
1260	explorer.exe	0xffffe38ff9183620	0x7ffa35940000	0x7ffa35985fff	Vad 	PAGE_EXECUTE_WRITECOPY	4	0	0xffffe38ff83a7bc0	\Windows\System32\shdocvw.dll	Disabled
1260	explorer.exe	0xffffe38ff9b6e460	0x7ffa35b20000	0x7ffa35b86fff	Vad 	PAGE_EXECUTE_WRITECOPY	4	0	0xffffe38ff83a7bc0	\Windows\System32\thumbcache.dll	Disabled
1260	explorer.exe	0xffffe38ff6f93cd0	0x7ffa35c60000	0x7ffa35c6cfff	Vad 	PAGE_EXECUTE_WRITECOPY	3	0	0xffffe38ff9b6d1a0	\Windows\System32\linkinfo.dll	Disabled
1260	explorer.exe	0xffffe38ff916c4c0	0x7ffa35bd0000	0x7ffa35c32fff	Vad 	PAGE_EXECUTE_WRITECOPY	3	0	0xffffe38ff6f93cd0	\Windows\System32\NotificationControllerPS.dll	Disabled
1260	explorer.exe	0xffffe38ff9b825a0	0x7ffa35f90000	0x7ffa35fa4fff	Vad 	PAGE_EXECUTE_WRITECOPY	3	0	0xffffe38ff6f93cd0	\Windows\System32\WPDShServiceObj.dll	Disabled
1260	explorer.exe	0xffffe38ffbb0c9e0	0x7ffa35c90000	0x7ffa35eeefff	Vad 	PAGE_EXECUTE_WRITECOPY	14	0	0xffffe38ff9b825a0	\Windows\System32\msxml6.dll	Disabled
1260	explorer.exe	0xffffe38ff7e6dd60	0x7ffa37060000	0x7ffa370bdfff	Vad 	PAGE_EXECUTE_WRITECOPY	3	0	0xffffe38ff9b6eb40	\Windows\System32\wpnclient.dll	Disabled
1260	explorer.exe	0xffffe38ff83c6520	0x7ffa36a40000	0x7ffa37005fff	Vad 	PAGE_EXECUTE_WRITECOPY	27	0	0xffffe38ff7e6dd60	\Windows\System32\StartTileData.dll	Disabled
1260	explorer.exe	0xffffe38ff83aa500	0x7ffa36700000	0x7ffa3671ffff	Vad 	PAGE_EXECUTE_WRITECOPY	3	0	0xffffe38ff83c6520	\Windows\System32\Windows.StateRepositoryBroker.dll	Disabled
1260	explorer.exe	0xffffe38ffd89aec0	0x7ffa37010000	0x7ffa37051fff	Vad 	PAGE_EXECUTE_WRITECOPY	3	0	0xffffe38ff83c6520	\Windows\System32\CapabilityAccessManagerClient.dll	Disabled
1260	explorer.exe	0xffffe38ff9169220	0x7ffa37340000	0x7ffa37384fff	Vad 	PAGE_EXECUTE_WRITECOPY	4	0	0xffffe38ff7e6dd60	\Windows\System32\Windows.StateRepositoryClient.dll	Disabled
1260	explorer.exe	0xffffe38ff916ad00	0x7ffa37230000	0x7ffa37266fff	Vad 	PAGE_EXECUTE_WRITECOPY	4	0	0xffffe38ff9169220	\Windows\System32\AppExtension.dll	Disabled
1260	explorer.exe	0xffffe38ff7e8abe0	0x7ffa37320000	0x7ffa37330fff	Vad 	PAGE_EXECUTE_WRITECOPY	3	0	0xffffe38ff916ad00	\Windows\System32\dusmapi.dll	Disabled
1260	explorer.exe	0xffffe38ff83b3560	0x7ffa37430000	0x7ffa374c3fff	Vad 	PAGE_EXECUTE_WRITECOPY	5	0	0xffffe38ff9169220	\Windows\System32\AppResolver.dll	Disabled
1260	explorer.exe	0xffffe38ff9b6d240	0x7ffa37390000	0x7ffa3742bfff	Vad 	PAGE_EXECUTE_WRITECOPY	5	0	0xffffe38ff83b3560	\Windows\System32\TileDataRepository.dll	Disabled
1260	explorer.exe	0xffffe38ff91801a0	0x7ffa39e80000	0x7ffa39f0cfff	Vad 	PAGE_EXECUTE_WRITECOPY	5	0	0xffffe38ff83a92e0	\Windows\SystemApps\MicrosoftWindows.Client.CBS_cw5n1h2txyewy\msvcp140_app.dll	Disabled
1260	explorer.exe	0xffffe38ff6fad1d0	0x7ffa37da0000	0x7ffa37e49fff	Vad 	PAGE_EXECUTE_WRITECOPY	7	0	0xffffe38ff91801a0	\Windows\System32\wlidprov.dll	Disabled
1260	explorer.exe	0xffffe38ff916cce0	0x7ffa37af0000	0x7ffa37ba0fff	Vad 	PAGE_EXECUTE_WRITECOPY	6	0	0xffffe38ff6fad1d0	\Windows\System32\daxexec.dll	Disabled
1260	explorer.exe	0xffffe38ff9166160	0x7ffa37920000	0x7ffa37937fff	Vad 	PAGE_EXECUTE_WRITECOPY	2	0	0xffffe38ff916cce0	\Windows\System32\execmodelproxy.dll	Disabled
1260	explorer.exe	0xffffe38ff9b65680	0x7ffa377c0000	0x7ffa37867fff	Vad 	PAGE_EXECUTE_WRITECOPY	5	0	0xffffe38ff9166160	\Windows\System32\twinapi.dll	Disabled
1260	explorer.exe	0xffffe38ff916ce20	0x7ffa37a90000	0x7ffa37ad1fff	Vad 	PAGE_EXECUTE_WRITECOPY	4	0	0xffffe38ff9166160	\Windows\System32\container.dll	Disabled
1260	explorer.exe	0xffffe38ff9b6fd60	0x7ffa37cf0000	0x7ffa37d95fff	Vad 	PAGE_EXECUTE_WRITECOPY	4	0	0xffffe38ff916cce0	\Windows\System32\twinui.appcore.dll	Disabled
1260	explorer.exe	0xffffe38ff9b5e420	0x7ffa37c40000	0x7ffa37ce0fff	Vad 	PAGE_EXECUTE_WRITECOPY	8	0	0xffffe38ff9b6fd60	\Windows\System32\UiaManager.dll	Disabled
1260	explorer.exe	0xffffe38ff9157700	0x7ffa395a0000	0x7ffa3982cfff	Vad 	PAGE_EXECUTE_WRITECOPY	34	0	0xffffe38ff6fad1d0	\Windows\System32\Windows.CloudStore.dll	Disabled
1260	explorer.exe	0xffffe38ff916b7a0	0x7ffa38ba0000	0x7ffa38cbcfff	Vad 	PAGE_EXECUTE_WRITECOPY	5	0	0xffffe38ff9157700	\Windows\System32\Windows.Security.Authentication.Web.Core.dll	Disabled
1260	explorer.exe	0xffffe38ff6f92970	0x7ffa38a10000	0x7ffa38a70fff	Vad 	PAGE_EXECUTE_WRITECOPY	4	0	0xffffe38ff916b7a0	\Windows\System32\ExecModelClient.dll	Disabled
1260	explorer.exe	0xffffe38ff9167880	0x7ffa38570000	0x7ffa3862cfff	Vad 	PAGE_EXECUTE_WRITECOPY	4	0	0xffffe38ff6f92970	\Windows\System32\Windows.System.Launcher.dll	Disabled
1260	explorer.exe	0xffffe38ff9b6e6e0	0x7ffa38e80000	0x7ffa3935afff	Vad 	PAGE_EXECUTE_WRITECOPY	18	0	0xffffe38ff916b7a0	\Windows\System32\cdp.dll	Disabled
1260	explorer.exe	0xffffe38ff91827c0	0x7ffa39db0000	0x7ffa39dedfff	Vad 	PAGE_EXECUTE_WRITECOPY	3	0	0xffffe38ff9157700	\Windows\System32\prnfldr.dll	Disabled
1260	explorer.exe	0xffffe38ff916cec0	0x7ffa39b60000	0x7ffa39c18fff	Vad 	PAGE_EXECUTE_WRITECOPY	4	0	0xffffe38ff91827c0	\Windows\System32\Windows.Networking.Connectivity.dll	Disabled
1260	explorer.exe	0xffffe38ff7e87260	0x7ffa3a2f0000	0x7ffa3a308fff	Vad 	PAGE_EXECUTE_WRITECOPY	2	0	0xffffe38ff91801a0	\Windows\System32\Syncreg.dll	Disabled
1260	explorer.exe	0xffffe38ff917f660	0x7ffa39f40000	0x7ffa39f91fff	Vad 	PAGE_EXECUTE_WRITECOPY	5	0	0xffffe38ff7e87260	\Windows\System32\stobject.dll	Disabled
1260	explorer.exe	0xffffe38ff91804c0	0x7ffa39f10000	0x7ffa39f3ffff	Vad 	PAGE_EXECUTE_WRITECOPY	3	0	0xffffe38ff917f660	\Windows\System32\Clipc.dll	Disabled
1260	explorer.exe	0xffffe38ff9b686a0	0x7ffa3a2c0000	0x7ffa3a2e1fff	Vad 	PAGE_EXECUTE_WRITECOPY	4	0	0xffffe38ff917f660	\Windows\System32\cldapi.dll	Disabled
1260	explorer.exe	0xffffe38ff7e7c4a0	0x7ffa3a110000	0x7ffa3a143fff	Vad 	PAGE_EXECUTE_WRITECOPY	4	0	0xffffe38ff9b686a0	\Windows\System32\StorageUsage.dll	Disabled
1260	explorer.exe	0xffffe38ff8da3a00	0x7ffa3a6a0000	0x7ffa3a6ecfff	Vad 	PAGE_EXECUTE_WRITECOPY	7	0	0xffffe38ff7e87260	\Windows\System32\wscapi.dll	Disabled
1260	explorer.exe	0xffffe38ff77b4330	0x7ffa3a5c0000	0x7ffa3a678fff	Vad 	PAGE_EXECUTE_WRITECOPY	11	0	0xffffe38ff8da3a00	\Windows\System32\SettingSync.dll	Disabled
1260	explorer.exe	0xffffe38ffd8a7800	0x7ffa3a7d0000	0x7ffa3a7e1fff	Vad 	PAGE_EXECUTE_WRITECOPY	3	0	0xffffe38ff8da3a00	\Windows\System32\sfc_os.dll	Disabled
1260	explorer.exe	0xffffe38ff9b668a0	0x7ffa4a8e0000	0x7ffa4aae2fff	Vad 	PAGE_EXECUTE_WRITECOPY	7	0	0xffffe38ff9b65ea0	\Windows\System32\twinapi.appcore.dll	Disabled
1260	explorer.exe	0xffffe38ff6f814b0	0x7ffa43f50000	0x7ffa43f68fff	Vad 	PAGE_EXECUTE_WRITECOPY	3	0	0xffffe38ff9b668a0	\Windows\System32\samcli.dll	Disabled
1260	explorer.exe	0xffffe38ff916f940	0x7ffa3ce70000	0x7ffa3cf3cfff	Vad 	PAGE_EXECUTE_WRITECOPY	7	0	0xffffe38ff6f814b0	\Windows\System32\cscui.dll	Disabled
1260	explorer.exe	0xffffe38ff9b4d760	0x7ffa3c5e0000	0x7ffa3c5f4fff	Vad 	PAGE_EXECUTE_WRITECOPY	3	0	0xffffe38ff916f940	\Windows\System32\mskeyprotect.dll	Disabled
1260	explorer.exe	0xffffe38ffa648d00	0x7ffa3ba90000	0x7ffa3bab5fff	Vad 	PAGE_EXECUTE_WRITECOPY	5	0	0xffffe38ff9b4d760	\Windows\System32\rshx32.dll	Disabled
1260	explorer.exe	0xffffe38ff7aa5480	0x7ffa3b780000	0x7ffa3b82ffff	Vad 	PAGE_EXECUTE_WRITECOPY	4	0	0xffffe38ffa648d00	\Windows\System32\LockController.dll	Disabled
1260	explorer.exe	0xffffe38ffdc8d540	0x7ffa3b1a0000	0x7ffa3b240fff	Vad 	PAGE_EXECUTE_WRITECOPY	8	0	0xffffe38ff7aa5480	\Windows\System32\wpdshext.dll	Disabled
1260	explorer.exe	0xffffe38ffa647540	0x7ffa3ae40000	0x7ffa3affbfff	Vad 	PAGE_EXECUTE_WRITECOPY	13	0	0xffffe38ffdc8d540	\Windows\System32\cdprt.dll	Disabled
1260	explorer.exe	0xffffe38ffa643940	0x7ffa3b2e0000	0x7ffa3b38afff	Vad 	PAGE_EXECUTE_WRITECOPY	5	0	0xffffe38ffdc8d540	\Windows\System32\rdbui.dll	Disabled
1260	explorer.exe	0xffffe38ffa6604a0	0x7ffa3b2c0000	0x7ffa3b2d9fff	Vad 	PAGE_EXECUTE_WRITECOPY	3	0	0xffffe38ffa643940	\Windows\System32\srmtrace.dll	Disabled
1260	explorer.exe	0xffffe38ffa65e4c0	0x7ffa3b6e0000	0x7ffa3b70ffff	Vad 	PAGE_EXECUTE_WRITECOPY	2	0	0xffffe38ffa643940	\Windows\System32\srmshell.dll	Disabled
1260	explorer.exe	0xffffe38ffa648c60	0x7ffa3b900000	0x7ffa3b916fff	Vad 	PAGE_EXECUTE_WRITECOPY	2	0	0xffffe38ff7aa5480	\Windows\System32\DfsShlEx.dll	Disabled
1260	explorer.exe	0xffffe38ffa646320	0x7ffa3b870000	0x7ffa3b8acfff	Vad 	PAGE_EXECUTE_WRITECOPY	3	0	0xffffe38ffa648c60	\Windows\System32\dskquoui.dll	Disabled
1260	explorer.exe	0xffffe38ffa649de0	0x7ffa3b830000	0x7ffa3b844fff	Vad 	PAGE_EXECUTE_WRITECOPY	3	0	0xffffe38ffa646320	\Windows\System32\dfscli.dll	Disabled
1260	explorer.exe	0xffffe38ffa644340	0x7ffa3ba10000	0x7ffa3ba20fff	Vad 	PAGE_EXECUTE_WRITECOPY	3	0	0xffffe38ffa648c60	\Windows\System32\mydocs.dll	Disabled
1260	explorer.exe	0xffffe38ffd897900	0x7ffa3bb90000	0x7ffa3bedbfff	Vad 	PAGE_EXECUTE_WRITECOPY	11	0	0xffffe38ffa648d00	\Windows\System32\msftedit.dll	Disabled
1260	explorer.exe	0xffffe38ffd894ac0	0x7ffa3bb30000	0x7ffa3bb84fff	Vad 	PAGE_EXECUTE_WRITECOPY	6	0	0xffffe38ffd897900	\Program Files\Windows Defender\shellext.dll	Disabled
1260	explorer.exe	0xffffe38ffd8a3840	0x7ffa3bf70000	0x7ffa3bf94fff	Vad 	PAGE_EXECUTE_WRITECOPY	3	0	0xffffe38ffd897900	\Windows\System32\globinputhost.dll	Disabled
1260	explorer.exe	0xffffe38ff9b74220	0x7ffa3bee0000	0x7ffa3bf66fff	Vad 	PAGE_EXECUTE_WRITECOPY	4	0	0xffffe38ffd8a3840	\Windows\System32\Windows.Devices.Enumeration.dll	Disabled
1260	explorer.exe	0xffffe38ffbb16760	0x7ffa3c510000	0x7ffa3c567fff	Vad 	PAGE_EXECUTE_WRITECOPY	6	0	0xffffe38ffd8a3840	\Windows\System32\msIso.dll	Disabled
1260	explorer.exe	0xffffe38ff9171560	0x7ffa3c860000	0x7ffa3c922fff	Vad 	PAGE_EXECUTE_WRITECOPY	5	0	0xffffe38ff9b4d760	\Windows\System32\Windows.Web.dll	Disabled
1260	explorer.exe	0xffffe38ff9b53700	0x7ffa3c660000	0x7ffa3c690fff	Vad 	PAGE_EXECUTE_WRITECOPY	3	0	0xffffe38ff9171560	\Windows\System32\cryptnet.dll	Disabled
1260	explorer.exe	0xffffe38ff9b67c00	0x7ffa3c600000	0x7ffa3c60afff	Vad 	PAGE_EXECUTE_WRITECOPY	2	0	0xffffe38ff9b53700	\Windows\System32\fltLib.dll	Disabled
1260	explorer.exe	0xffffe38ffd88b4c0	0x7ffa3c640000	0x7ffa3c652fff	Vad 	PAGE_EXECUTE_WRITECOPY	2	0	0xffffe38ff9b67c00	\Windows\System32\virtdisk.dll	Disabled
1260	explorer.exe	0xffffe38ffbb39800	0x7ffa3c6d0000	0x7ffa3c725fff	Vad 	PAGE_EXECUTE_WRITECOPY	5	0	0xffffe38ff9b53700	\Windows\System32\dlnashext.dll	Disabled
1260	explorer.exe	0xffffe38ff9b735a0	0x7ffa3cd20000	0x7ffa3cd8cfff	Vad 	PAGE_EXECUTE_WRITECOPY	4	0	0xffffe38ff9171560	\Windows\System32\mdmregistration.dll	Disabled
1260	explorer.exe	0xffffe38ffd88cf00	0x7ffa3cca0000	0x7ffa3ccd2fff	Vad 	PAGE_EXECUTE_WRITECOPY	3	0	0xffffe38ff9b735a0	\Windows\System32\twext.dll	Disabled
1260	explorer.exe	0xffffe38ff9166e80	0x7ffa3cd90000	0x7ffa3ce65fff	Vad 	PAGE_EXECUTE_WRITECOPY	6	0	0xffffe38ff9b735a0	\Windows\System32\HolographicExtensions.dll	Disabled
1260	explorer.exe	0xffffe38ff9b670c0	0x7ffa42530000	0x7ffa42a05fff	Vad 	PAGE_EXECUTE_WRITECOPY	8	0	0xffffe38ff916f940	\Windows\System32\wininet.dll	Disabled
1260	explorer.exe	0xffffe38ff83a7c60	0x7ffa3e680000	0x7ffa3e691fff	Vad 	PAGE_EXECUTE_WRITECOPY	3	0	0xffffe38ff9b670c0	\Windows\System32\cscapi.dll	Disabled
1260	explorer.exe	0xffffe38ff916a4e0	0x7ffa3daf0000	0x7ffa3db17fff	Vad 	PAGE_EXECUTE_WRITECOPY	2	0	0xffffe38ff83a7c60	\Windows\System32\mssprxy.dll	Disabled
1260	explorer.exe	0xffffe38ff915d600	0x7ffa3d630000	0x7ffa3d6f6fff	Vad 	PAGE_EXECUTE_WRITECOPY	5	0	0xffffe38ff916a4e0	\Windows\System32\Windows.Storage.Search.dll	Disabled
1260	explorer.exe	0xffffe38ff916c380	0x7ffa3cf50000	0x7ffa3cfd7fff	Vad 	PAGE_EXECUTE_WRITECOPY	4	0	0xffffe38ff915d600	\Windows\System32\Windows.Data.Activities.dll	Disabled
1260	explorer.exe	0xffffe38ffa647f40	0x7ffa3d2c0000	0x7ffa3d5eafff	Vad 	PAGE_EXECUTE_WRITECOPY	9	0	0xffffe38ff916c380	\Windows\System32\tquery.dll	Disabled
1260	explorer.exe	0xffffe38ff9b54420	0x7ffa3da30000	0x7ffa3da55fff	Vad 	PAGE_EXECUTE_WRITECOPY	9	0	0xffffe38ff915d600	\Windows\System32\ncryptsslp.dll	Disabled
1260	explorer.exe	0xffffe38ff91702a0	0x7ffa3da60000	0x7ffa3da83fff	Vad 	PAGE_EXECUTE_WRITECOPY	4	0	0xffffe38ff9b54420	\Windows\System32\edputil.dll	Disabled
1260	explorer.exe	0xffffe38ff83d2aa0	0x7ffa3dc40000	0x7ffa3dd85fff	Vad 	PAGE_EXECUTE_WRITECOPY	7	0	0xffffe38ff916a4e0	\Windows\System32\Windows.StateRepositoryPS.dll	Disabled
1260	explorer.exe	0xffffe38ff9b5a3c0	0x7ffa3db20000	0x7ffa3db7afff	Vad 	PAGE_EXECUTE_WRITECOPY	5	0	0xffffe38ff83d2aa0	\Windows\System32\framedynos.dll	Disabled
1260	explorer.exe	0xffffe38ffa6602c0	0x7ffa3dba0000	0x7ffa3dbbcfff	Vad 	PAGE_EXECUTE_WRITECOPY	3	0	0xffffe38ff9b5a3c0	\Windows\System32\atl.dll	Disabled
1260	explorer.exe	0xffffe38ff9b72ba0	0x7ffa3dde0000	0x7ffa3de5dfff	Vad 	PAGE_EXECUTE_WRITECOPY	4	0	0xffffe38ff83d2aa0	\Windows\System32\dmcmnutils.dll	Disabled
1260	explorer.exe	0xffffe38ff9b70260	0x7ffa3f920000	0x7ffa3f970fff	Vad 	PAGE_EXECUTE_WRITECOPY	2	0	0xffffe38ff83a7c60	\Windows\System32\pdh.dll	Disabled
1260	explorer.exe	0xffffe38ff6d652b0	0x7ffa3eea0000	0x7ffa3eec2fff	Vad 	PAGE_EXECUTE_WRITECOPY	3	0	0xffffe38ff9b70260	\Windows\System32\UserDataTimeUtil.dll	Disabled
1260	explorer.exe	0xffffe38ff7e72d60	0x7ffa3e7c0000	0x7ffa3e7d6fff	Vad 	PAGE_EXECUTE_WRITECOPY	4	0	0xffffe38ff6d652b0	\Windows\System32\OnDemandConnRouteHelper.dll	Disabled
1260	explorer.exe	0xffffe38ff9b71f20	0x7ffa3f720000	0x7ffa3f775fff	Vad 	PAGE_EXECUTE_WRITECOPY	5	0	0xffffe38ff6d652b0	\Windows\System32\Windows.Shell.BlueLightReduction.dll	Disabled
1260	explorer.exe	0xffffe38ffdc9cae0	0x7ffa3f040000	0x7ffa3f065fff	Vad 	PAGE_EXECUTE_WRITECOPY	2	0	0xffffe38ff9b71f20	\Windows\System32\EhStorAPI.dll	Disabled
1260	explorer.exe	0xffffe38ff83c7240	0x7ffa421e0000	0x7ffa421f8fff	Vad 	PAGE_EXECUTE_WRITECOPY	3	0	0xffffe38ff9b70260	\Windows\System32\netapi32.dll	Disabled
1260	explorer.exe	0xffffe38ffd885c00	0x7ffa40580000	0x7ffa4059cfff	Vad 	PAGE_EXECUTE_WRITECOPY	3	0	0xffffe38ff83c7240	\Windows\System32\mpr.dll	Disabled
1260	explorer.exe	0xffffe38ffbb0cc60	0x7ffa40210000	0x7ffa402a8fff	Vad 	PAGE_EXECUTE_WRITECOPY	7	0	0xffffe38ffd885c00	\Windows\System32\webio.dll	Disabled
1260	explorer.exe	0xffffe38ff6f82450	0x7ffa424a0000	0x7ffa42518fff	Vad 	PAGE_EXECUTE_WRITECOPY	4	0	0xffffe38ff83c7240	\Windows\System32\SystemSettings.DataModel.dll	Disabled
1260	explorer.exe	0xffffe38ffdc871e0	0x7ffa42480000	0x7ffa4249dfff	Vad 	PAGE_EXECUTE_WRITECOPY	2	0	0xffffe38ff6f82450	\Windows\System32\vcruntime140.dll	Disabled
1260	explorer.exe	0xffffe38ff916f800	0x7ffa43ad0000	0x7ffa43adbfff	Vad 	PAGE_EXECUTE_WRITECOPY	3	0	0xffffe38ff9b670c0	\Windows\System32\secur32.dll	Disabled
1260	explorer.exe	0xffffe38ffbb15680	0x7ffa43380000	0x7ffa433bcfff	Vad 	PAGE_EXECUTE_WRITECOPY	3	0	0xffffe38ff916f800	\Windows\System32\WorkFoldersShell.dll	Disabled
1260	explorer.exe	0xffffe38ff8da0300	0x7ffa431a0000	0x7ffa431dcfff	Vad 	PAGE_EXECUTE_WRITECOPY	5	0	0xffffe38ffbb15680	\Windows\System32\wscinterop.dll	Disabled
1260	explorer.exe	0xffffe38ff9b57b20	0x7ffa43060000	0x7ffa430defff	Vad 	PAGE_EXECUTE_WRITECOPY	4	0	0xffffe38ff8da0300	\Windows\System32\OneCoreCommonProxyStub.dll	Disabled
1260	explorer.exe	0xffffe38ff9b72f60	0x7ffa43020000	0x7ffa43050fff	Vad 	PAGE_EXECUTE_WRITECOPY	3	0	0xffffe38ff9b57b20	\Windows\System32\winbio.dll	Disabled
1260	explorer.exe	0xffffe38ff6fa3a90	0x7ffa430e0000	0x7ffa43110fff	Vad 	PAGE_EXECUTE_WRITECOPY	3	0	0xffffe38ff9b57b20	\Windows\System32\IDStore.dll	Disabled
1260	explorer.exe	0xffffe38ffdc936c0	0x7ffa431f0000	0x7ffa43214fff	Vad 	PAGE_EXECUTE_WRITECOPY	4	0	0xffffe38ff8da0300	\Windows\System32\chartv.dll	Disabled
1260	explorer.exe	0xffffe38ffd897040	0x7ffa43470000	0x7ffa43518fff	Vad 	PAGE_EXECUTE_WRITECOPY	6	0	0xffffe38ffbb15680	\Program Files\Common Files\microsoft shared\ink\tiptsf.dll	Disabled
1260	explorer.exe	0xffffe38ff9b684c0	0x7ffa433c0000	0x7ffa4343dfff	Vad 	PAGE_EXECUTE_WRITECOPY	6	0	0xffffe38ffd897040	\Windows\System32\Windows.ApplicationModel.LockScreen.dll	Disabled
1260	explorer.exe	0xffffe38ffdcb95a0	0x7ffa43440000	0x7ffa43461fff	Vad 	PAGE_EXECUTE_WRITECOPY	3	0	0xffffe38ff9b684c0	\Windows\System32\acppage.dll	Disabled
1260	explorer.exe	0xffffe38ff9b73aa0	0x7ffa438c0000	0x7ffa43905fff	Vad 	PAGE_EXECUTE_WRITECOPY	10	0	0xffffe38ffd897040	\Windows\System32\MSWB7.dll	Disabled
1260	explorer.exe	0xffffe38ff9b67660	0x7ffa438a0000	0x7ffa438b0fff	Vad 	PAGE_EXECUTE_WRITECOPY	2	0	0xffffe38ff9b73aa0	\Windows\System32\Windows.StateRepositoryCore.dll	Disabled
1260	explorer.exe	0xffffe38ff9148d40	0x7ffa43950000	0x7ffa439f5fff	Vad 	PAGE_EXECUTE_WRITECOPY	3	0	0xffffe38ff9b73aa0	\Windows\System32\StructuredQuery.dll	Disabled
1260	explorer.exe	0xffffe38ff9b72380	0x7ffa43cd0000	0x7ffa43cfefff	Vad 	PAGE_EXECUTE_WRITECOPY	3	0	0xffffe38ff916f800	\Windows\System32\cflapi.dll	Disabled
1260	explorer.exe	0xffffe38ff9180560	0x7ffa43b90000	0x7ffa43baafff	Vad 	PAGE_EXECUTE_WRITECOPY	2	0	0xffffe38ff9b72380	\Windows\SystemApps\MicrosoftWindows.Client.CBS_cw5n1h2txyewy\vcruntime140_app.dll	Disabled
1260	explorer.exe	0xffffe38ff9b72740	0x7ffa43b00000	0x7ffa43b34fff	Vad 	PAGE_EXECUTE_WRITECOPY	3	0	0xffffe38ff9180560	\Windows\System32\NPSM.dll	Disabled
1260	explorer.exe	0xffffe38ff9b70580	0x7ffa43bf0000	0x7ffa43c5bfff	Vad 	PAGE_EXECUTE_WRITECOPY	3	0	0xffffe38ff9180560	\Windows\System32\AboveLockAppHost.dll	Disabled
1260	explorer.exe	0xffffe38ffd897540	0x7ffa43bd0000	0x7ffa43beffff	Vad 	PAGE_EXECUTE_WRITECOPY	2	0	0xffffe38ff9b70580	\Windows\System32\pcacli.dll	Disabled
1260	explorer.exe	0xffffe38ffa643800	0x7ffa43db0000	0x7ffa43e13fff	Vad 	PAGE_EXECUTE_WRITECOPY	3	0	0xffffe38ff9b72380	\Windows\System32\PlayToDevice.dll	Disabled
1260	explorer.exe	0xffffe38ffbb0c300	0x7ffa43d40000	0x7ffa43d56fff	Vad 	PAGE_EXECUTE_WRITECOPY	2	0	0xffffe38ffa643800	\Windows\System32\networkexplorer.dll	Disabled
1260	explorer.exe	0xffffe38ff916c420	0x7ffa43d20000	0x7ffa43d32fff	Vad 	PAGE_EXECUTE_WRITECOPY	3	0	0xffffe38ffbb0c300	\Windows\System32\PCShellCommonProxyStub.dll	Disabled
1260	explorer.exe	0xffffe38ffdc88180	0x7ffa43eb0000	0x7ffa43ecdfff	Vad 	PAGE_EXECUTE_WRITECOPY	4	0	0xffffe38ffa643800	\Windows\System32\davclnt.dll	Disabled
1260	explorer.exe	0xffffe38ffdc87e60	0x7ffa43ed0000	0x7ffa43eeefff	Vad 	PAGE_EXECUTE_WRITECOPY	3	0	0xffffe38ffdc88180	\Windows\System32\ntlanman.dll	Disabled
1260	explorer.exe	0xffffe38ff83d1240	0x7ffa47f30000	0x7ffa4806efff	Vad 	PAGE_EXECUTE_WRITECOPY	5	0	0xffffe38ff6f814b0	\Windows\System32\Windows.UI.dll	Disabled
1260	explorer.exe	0xffffe38ff9b66260	0x7ffa466c0000	0x7ffa4697efff	Vad 	PAGE_EXECUTE_WRITECOPY	12	0	0xffffe38ff83d1240	\Windows\System32\iertutil.dll	Disabled
1260	explorer.exe	0xffffe38ff9b687e0	0x7ffa44f50000	0x7ffa451cefff	Vad 	PAGE_EXECUTE_WRITECOPY	11	0	0xffffe38ff9b66260	\Windows\System32\DWrite.dll	Disabled
1260	explorer.exe	0xffffe38ffbb294a0	0x7ffa442d0000	0x7ffa44320fff	Vad 	PAGE_EXECUTE_WRITECOPY	6	0	0xffffe38ff9b687e0	\Windows\System32\zipfldr.dll	Disabled
1260	explorer.exe	0xffffe38ff7e8a320	0x7ffa44100000	0x7ffa4416cfff	Vad 	PAGE_EXECUTE_WRITECOPY	4	0	0xffffe38ffbb294a0	\Windows\System32\NetworkUXBroker.dll	Disabled
1260	explorer.exe	0xffffe38ff9b6eaa0	0x7ffa44030000	0x7ffa440b0fff	Vad 	PAGE_EXECUTE_WRITECOPY	5	0	0xffffe38ff7e8a320	\Windows\System32\PhotoMetadataHandler.dll	Disabled
1260	explorer.exe	0xffffe38ff7e89ba0	0x7ffa440c0000	0x7ffa440f3fff	Vad 	PAGE_EXECUTE_WRITECOPY	3	0	0xffffe38ff9b6eaa0	\Windows\System32\EthernetMediaManager.dll	Disabled
1260	explorer.exe	0xffffe38ff9b55460	0x7ffa44260000	0x7ffa44294fff	Vad 	PAGE_EXECUTE_WRITECOPY	3	0	0xffffe38ff7e8a320	\Windows\System32\Windows.Energy.dll	Disabled
1260	explorer.exe	0xffffe38ff6fa20f0	0x7ffa44170000	0x7ffa44258fff	Vad 	PAGE_EXECUTE_WRITECOPY	4	0	0xffffe38ff9b55460	\Windows\System32\Windows.ApplicationModel.dll	Disabled
1260	explorer.exe	0xffffe38ff915c7a0	0x7ffa44c90000	0x7ffa44d3bfff	Vad 	PAGE_EXECUTE_WRITECOPY	2	0	0xffffe38ffbb294a0	\Windows\System32\TextShaping.dll	Disabled
1260	explorer.exe	0xffffe38ff7e742a0	0x7ffa44460000	0x7ffa44469fff	Vad 	PAGE_EXECUTE_WRITECOPY	3	0	0xffffe38ff915c7a0	\Windows\System32\rasadhlp.dll	Disabled
1260	explorer.exe	0xffffe38ff9b6bda0	0x7ffa44d40000	0x7ffa44ee5fff	Vad 	PAGE_EXECUTE_WRITECOPY	6	0	0xffffe38ff915c7a0	\Windows\System32\Windows.Globalization.dll	Disabled
1260	explorer.exe	0xffffe38ff9b6d420	0x7ffa455b0000	0x7ffa45660fff	Vad 	PAGE_EXECUTE_WRITECOPY	6	0	0xffffe38ff9b687e0	\Windows\System32\StateRepository.Core.dll	Disabled
1260	explorer.exe	0xffffe38ff9b65c20	0x7ffa45260000	0x7ffa45451fff	Vad 	PAGE_EXECUTE_WRITECOPY	17	0	0xffffe38ff9b6d420	\Windows\System32\urlmon.dll	Disabled
1260	explorer.exe	0xffffe38ff916d0a0	0x7ffa45200000	0x7ffa4520ffff	Vad 	PAGE_EXECUTE_WRITECOPY	2	0	0xffffe38ff9b65c20	\Windows\System32\npmproxy.dll	Disabled
1260	explorer.exe	0xffffe38ff7e8a5a0	0x7ffa46040000	0x7ffa46049fff	Vad 	PAGE_EXECUTE_WRITECOPY	2	0	0xffffe38ff9b6d420	\Windows\System32\mobilenetworking.dll	Disabled
1260	explorer.exe	0xffffe38ff9b6d600	0x7ffa45770000	0x7ffa45cfffff	Vad 	PAGE_EXECUTE_WRITECOPY	5	0	0xffffe38ff7e8a5a0	\Windows\System32\Windows.StateRepository.dll	Disabled
1260	explorer.exe	0xffffe38ff7e74340	0x7ffa45ec0000	0x7ffa45f3ffff	Vad 	PAGE_EXECUTE_WRITECOPY	3	0	0xffffe38ff9b6d600	\Windows\System32\FWPUCLNT.DLL	Disabled
1260	explorer.exe	0xffffe38ff9b58c00	0x7ffa46550000	0x7ffa46687fff	Vad 	PAGE_EXECUTE_WRITECOPY	7	0	0xffffe38ff7e8a5a0	\Windows\System32\Windows.UI.Immersive.dll	Disabled
1260	explorer.exe	0xffffe38ff7e72720	0x7ffa46340000	0x7ffa46449fff	Vad 	PAGE_EXECUTE_WRITECOPY	4	0	0xffffe38ff9b58c00	\Windows\System32\winhttp.dll	Disabled
1260	explorer.exe	0xffffe38ff9b67020	0x7ffa46690000	0x7ffa466b7fff	Vad 	PAGE_EXECUTE_WRITECOPY	11	0	0xffffe38ff9b58c00	\Windows\System32\srvcli.dll	Disabled
1260	explorer.exe	0xffffe38ff6fa2910	0x7ffa47c00000	0x7ffa47c40fff	Vad 	PAGE_EXECUTE_WRITECOPY	3	0	0xffffe38ff9b66260	\Windows\System32\LanguageOverlayUtil.dll	Disabled
1260	explorer.exe	0xffffe38ff9b61260	0x7ffa47b20000	0x7ffa47b29fff	Vad 	PAGE_EXECUTE_WRITECOPY	2	0	0xffffe38ff6fa2910	\Windows\System32\version.dll	Disabled
1260	explorer.exe	0xffffe38ff7e8a1e0	0x7ffa47a70000	0x7ffa47ae3fff	Vad 	PAGE_EXECUTE_WRITECOPY	4	0	0xffffe38ff9b61260	\Windows\System32\wlanapi.dll	Disabled
1260	explorer.exe	0xffffe38ff8d97ca0	0x7ffa469b0000	0x7ffa47a6ffff	Vad 	PAGE_EXECUTE_WRITECOPY	26	0	0xffffe38ff7e8a1e0	\Windows\System32\Windows.UI.Xaml.dll	Disabled
1260	explorer.exe	0xffffe38ff6fa39f0	0x7ffa47af0000	0x7ffa47b1cfff	Vad 	PAGE_EXECUTE_WRITECOPY	3	0	0xffffe38ff7e8a1e0	\Windows\System32\BCP47mrm.dll	Disabled
1260	explorer.exe	0xffffe38ff9b623e0	0x7ffa47b60000	0x7ffa47bfffff	Vad 	PAGE_EXECUTE_WRITECOPY	25	0	0xffffe38ff9b61260	\Windows\System32\DriverStore\FileRepository\vm3d.inf_amd64_39d3dfd189710365\vm3dum64_10.dll	Disabled
1260	explorer.exe	0xffffe38ff9b63740	0x7ffa47b30000	0x7ffa47b56fff	Vad 	PAGE_EXECUTE_WRITECOPY	4	0	0xffffe38ff9b623e0	\Windows\System32\winmm.dll	Disabled
1260	explorer.exe	0xffffe38ff83d1380	0x7ffa47ca0000	0x7ffa47df1fff	Vad 	PAGE_EXECUTE_WRITECOPY	6	0	0xffffe38ff6fa2910	\Windows\System32\InputHost.dll	Disabled
1260	explorer.exe	0xffffe38ff91806a0	0x7ffa47c50000	0x7ffa47c9cfff	Vad 	PAGE_EXECUTE_WRITECOPY	21	0	0xffffe38ff83d1380	\Windows\System32\DriverStore\FileRepository\vm3d.inf_amd64_39d3dfd189710365\vm3dum64_loader.dll	Disabled
1260	explorer.exe	0xffffe38ff83d0c00	0x7ffa47e00000	0x7ffa47ef8fff	Vad 	PAGE_EXECUTE_WRITECOPY	5	0	0xffffe38ff83d1380	\Windows\System32\TextInputFramework.dll	Disabled
1260	explorer.exe	0xffffe38ff6f81690	0x7ffa49370000	0x7ffa493f4fff	Vad 	PAGE_EXECUTE_WRITECOPY	7	0	0xffffe38ff83d1240	\Windows\System32\MMDevAPI.dll	Disabled
1260	explorer.exe	0xffffe38ff9b7bb60	0x7ffa484f0000	0x7ffa48be5fff	Vad 	PAGE_EXECUTE_WRITECOPY	28	0	0xffffe38ff6f81690	\Windows\System32\d3d10warp.dll	Disabled
1260	explorer.exe	0xffffe38ff83b3060	0x7ffa481f0000	0x7ffa4824afff	Vad 	PAGE_EXECUTE_WRITECOPY	4	0	0xffffe38ff9b7bb60	\Windows\System32\BCP47Langs.dll	Disabled
1260	explorer.exe	0xffffe38ff83d05c0	0x7ffa48070000	0x7ffa48167fff	Vad 	PAGE_EXECUTE_WRITECOPY	6	0	0xffffe38ff83b3060	\Windows\System32\MrmCoreR.dll	Disabled
1260	explorer.exe	0xffffe38ff9b675c0	0x7ffa481b0000	0x7ffa481eafff	Vad 	PAGE_EXECUTE_WRITECOPY	7	0	0xffffe38ff83d05c0	\Windows\System32\DXCore.dll	Disabled
1260	explorer.exe	0xffffe38ff9b6e640	0x7ffa48480000	0x7ffa484eefff	Vad 	PAGE_EXECUTE_WRITECOPY	14	0	0xffffe38ff83b3060	\Windows\System32\wincorlib.dll	Disabled
1260	explorer.exe	0xffffe38ff916f4e0	0x7ffa48de0000	0x7ffa48e16fff	Vad 	PAGE_EXECUTE_WRITECOPY	2	0	0xffffe38ff9b7bb60	\Windows\System32\EhStorShell.dll	Disabled
1260	explorer.exe	0xffffe38ffbb175c0	0x7ffa48c30000	0x7ffa48c71fff	Vad 	PAGE_EXECUTE_WRITECOPY	8	0	0xffffe38ff916f4e0	\Windows\System32\mlang.dll	Disabled
1260	explorer.exe	0xffffe38ff9b69c80	0x7ffa48c10000	0x7ffa48c23fff	Vad 	PAGE_EXECUTE_WRITECOPY	4	0	0xffffe38ffbb175c0	\Windows\System32\hcproviders.dll	Disabled
1260	explorer.exe	0xffffe38ffdc887c0	0x7ffa48c00000	0x7ffa48c0cfff	Vad 	PAGE_EXECUTE_WRITECOPY	3	0	0xffffe38ff9b69c80	\Windows\System32\davhlpr.dll	Disabled
1260	explorer.exe	0xffffe38ff8da8aa0	0x7ffa48d80000	0x7ffa48d98fff	Vad 	PAGE_EXECUTE_WRITECOPY	3	0	0xffffe38ffbb175c0	\Windows\System32\wscui.cpl	Disabled
1260	explorer.exe	0xffffe38ff9b73460	0x7ffa49000000	0x7ffa4901afff	Vad 	PAGE_EXECUTE_WRITECOPY	2	0	0xffffe38ff916f4e0	\Windows\System32\tbs.dll	Disabled
1260	explorer.exe	0xffffe38ff9b6e780	0x7ffa48e20000	0x7ffa48ee4fff	Vad 	PAGE_EXECUTE_WRITECOPY	4	0	0xffffe38ff9b73460	\Windows\System32\windows.immersiveshell.serviceprovider.dll	Disabled
1260	explorer.exe	0xffffe38ff9b72600	0x7ffa491f0000	0x7ffa49291fff	Vad 	PAGE_EXECUTE_WRITECOPY	3	0	0xffffe38ff9b73460	\Windows\System32\actxprxy.dll	Disabled
1260	explorer.exe	0xffffe38ff6b61110	0x7ffa49310000	0x7ffa49360fff	Vad 	PAGE_EXECUTE_WRITECOPY	3	0	0xffffe38ff9b72600	\Windows\System32\capauthz.dll	Disabled
1260	explorer.exe	0xffffe38ff83b5220	0x7ffa49d50000	0x7ffa4a523fff	Vad 	PAGE_EXECUTE_WRITECOPY	16	0	0xffffe38ff6f81690	\Windows\System32\OneCoreUAPCommonProxyStub.dll	Disabled
1260	explorer.exe	0xffffe38ff9b72100	0x7ffa498b0000	0x7ffa49926fff	Vad 	PAGE_EXECUTE_WRITECOPY	3	0	0xffffe38ff83b5220	\Windows\System32\cryptngc.dll	Disabled
1260	explorer.exe	0xffffe38ff6fa9a30	0x7ffa49610000	0x7ffa49715fff	Vad 	PAGE_EXECUTE_WRITECOPY	5	0	0xffffe38ff9b72100	\Windows\System32\AppXDeploymentClient.dll	Disabled
1260	explorer.exe	0xffffe38ff7e8a140	0x7ffa49480000	0x7ffa49600fff	Vad 	PAGE_EXECUTE_WRITECOPY	8	0	0xffffe38ff6fa9a30	\Windows\System32\AudioSes.dll	Disabled
1260	explorer.exe	0xffffe38ff88438a0	0x7ffa49420000	0x7ffa49473fff	Vad 	PAGE_EXECUTE_WRITECOPY	4	0	0xffffe38ff7e8a140	\Windows\System32\UserMgrProxy.dll	Disabled
1260	explorer.exe	0xffffe38ff91829a0	0x7ffa49820000	0x7ffa4988bfff	Vad 	PAGE_EXECUTE_WRITECOPY	7	0	0xffffe38ff6fa9a30	\Windows\System32\es.dll	Disabled
1260	explorer.exe	0xffffe38ff7e8ac80	0x7ffa49890000	0x7ffa498acfff	Vad 	PAGE_EXECUTE_WRITECOPY	3	0	0xffffe38ff91829a0	\Windows\System32\dhcpcsvc.dll	Disabled
1260	explorer.exe	0xffffe38ff8dc3080	0x7ffa49a80000	0x7ffa49a8cfff	Vad 	PAGE_EXECUTE_WRITECOPY	3	0	0xffffe38ff9b72100	\Windows\System32\nlmproxy.dll	Disabled
1260	explorer.exe	0xffffe38ff7e89c40	0x7ffa49930000	0x7ffa49946fff	Vad 	PAGE_EXECUTE_WRITECOPY	3	0	0xffffe38ff8dc3080	\Windows\System32\dhcpcsvc6.dll	Disabled
1260	explorer.exe	0xffffe38ff6f82630	0x7ffa49b00000	0x7ffa49b4ffff	Vad 	PAGE_EXECUTE_WRITECOPY	5	0	0xffffe38ff8dc3080	\Windows\System32\SndVolSSO.dll	Disabled
1260	explorer.exe	0xffffe38ff7aa4b20	0x7ffa49a90000	0x7ffa49afbfff	Vad 	PAGE_EXECUTE_WRITECOPY	3	0	0xffffe38ff6f82630	\Windows\SystemApps\MicrosoftWindows.Client.CBS_cw5n1h2txyewy\DesktopSpotlight.dll	Disabled
1260	explorer.exe	0xffffe38ff9b724c0	0x7ffa4a6e0000	0x7ffa4a6f0fff	Vad 	PAGE_EXECUTE_WRITECOPY	2	0	0xffffe38ff83b5220	\Windows\System32\coloradapterclient.dll	Disabled
1260	explorer.exe	0xffffe38ff9b74cc0	0x7ffa4a630000	0x7ffa4a64ffff	Vad 	PAGE_EXECUTE_WRITECOPY	3	0	0xffffe38ff9b724c0	\Windows\System32\DevDispItemProvider.dll	Disabled
1260	explorer.exe	0xffffe38ff7e72180	0x7ffa4a650000	0x7ffa4a65afff	Vad 	PAGE_EXECUTE_WRITECOPY	2	0	0xffffe38ff9b74cc0	\Windows\System32\winnsi.dll	Disabled
1260	explorer.exe	0xffffe38ff9b71ca0	0x7ffa4a700000	0x7ffa4a7adfff	Vad 	PAGE_EXECUTE_WRITECOPY	5	0	0xffffe38ff9b724c0	\Windows\System32\mscms.dll	Disabled
1260	explorer.exe	0xffffe38ff916dc80	0x7ffa4a820000	0x7ffa4a866fff	Vad 	PAGE_EXECUTE_WRITECOPY	3	0	0xffffe38ff9b71ca0	\Windows\System32\UIAnimation.dll	Disabled
1260	explorer.exe	0xffffe38ff9b659a0	0x7ffa4e720000	0x7ffa4e815fff	Vad 	PAGE_EXECUTE_WRITECOPY	8	0	0xffffe38ff9b668a0	\Windows\System32\dxgi.dll	Disabled
1260	explorer.exe	0xffffe38ff83d2d20	0x7ffa4b950000	0x7ffa4baa6fff	Vad 	PAGE_EXECUTE_WRITECOPY	5	0	0xffffe38ff9b659a0	\Windows\System32\WinTypes.dll	Disabled
1260	explorer.exe	0xffffe38ff91813c0	0x7ffa4b670000	0x7ffa4b67efff	Vad 	PAGE_EXECUTE_WRITECOPY	3	0	0xffffe38ff83d2d20	\Windows\System32\batmeter.dll	Disabled
1260	explorer.exe	0xffffe38ff6f81d70	0x7ffa4b250000	0x7ffa4b285fff	Vad 	PAGE_EXECUTE_WRITECOPY	2	0	0xffffe38ff91813c0	\Windows\System32\xmllite.dll	Disabled
1260	explorer.exe	0xffffe38ff6f81910	0x7ffa4ae90000	0x7ffa4af30fff	Vad 	PAGE_EXECUTE_WRITECOPY	4	0	0xffffe38ff6f81d70	\Windows\System32\policymanager.dll	Disabled
1260	explorer.exe	0xffffe38ff9b67200	0x7ffa4aba0000	0x7ffa4ac09fff	Vad 	PAGE_EXECUTE_WRITECOPY	5	0	0xffffe38ff6f81910	\Windows\System32\ninput.dll	Disabled
1260	explorer.exe	0xffffe38ff83d1100	0x7ffa4aaf0000	0x7ffa4ab90fff	Vad 	PAGE_EXECUTE_WRITECOPY	4	0	0xffffe38ff9b67200	\Windows\System32\WindowManagementAPI.dll	Disabled
1260	explorer.exe	0xffffe38ff917f7a0	0x7ffa4b090000	0x7ffa4b0a0fff	Vad 	PAGE_EXECUTE_WRITECOPY	3	0	0xffffe38ff6f81910	\Windows\System32\wmiclnt.dll	Disabled
1260	explorer.exe	0xffffe38ff9b58020	0x7ffa4b050000	0x7ffa4b06bfff	Vad 	PAGE_EXECUTE_WRITECOPY	3	0	0xffffe38ff917f7a0	\Windows\System32\VirtualMonitorManager.dll	Disabled
1260	explorer.exe	0xffffe38ff7e89060	0x7ffa4b0b0000	0x7ffa4b114fff	Vad 	PAGE_EXECUTE_WRITECOPY	4	0	0xffffe38ff917f7a0	\Windows\System32\wevtapi.dll	Disabled
1260	explorer.exe	0xffffe38ff7e89a60	0x7ffa4b570000	0x7ffa4b5aefff	Vad 	PAGE_EXECUTE_WRITECOPY	4	0	0xffffe38ff6f81d70	\Windows\System32\netprofm.dll	Disabled
1260	explorer.exe	0xffffe38ff8dc3300	0x7ffa4b550000	0x7ffa4b56cfff	Vad 	PAGE_EXECUTE_WRITECOPY	4	0	0xffffe38ff7e89a60	\Windows\System32\nlaapi.dll	Disabled
1260	explorer.exe	0xffffe38ff83d0a20	0x7ffa4b470000	0x7ffa4b485fff	Vad 	PAGE_EXECUTE_WRITECOPY	4	0	0xffffe38ff8dc3300	\Windows\System32\usermgrcli.dll	Disabled
1260	explorer.exe	0xffffe38ff917f340	0x7ffa4b5b0000	0x7ffa4b5bdfff	Vad 	PAGE_EXECUTE_WRITECOPY	2	0	0xffffe38ff7e89a60	\Windows\System32\Windows.UI.Shell.dll	Disabled
1260	explorer.exe	0xffffe38ff9b65ae0	0x7ffa4b720000	0x7ffa4b813fff	Vad 	PAGE_EXECUTE_WRITECOPY	5	0	0xffffe38ff91813c0	\Windows\System32\propsys.dll	Disabled
1260	explorer.exe	0xffffe38ffd8b64e0	0x7ffa4b6d0000	0x7ffa4b6d6fff	Vad 	PAGE_EXECUTE_WRITECOPY	2	0	0xffffe38ff9b65ae0	\Windows\System32\WppRecorderUM.dll	Disabled
1260	explorer.exe	0xffffe38ffdc86ec0	0x7ffa4b6a0000	0x7ffa4b6b4fff	Vad 	PAGE_EXECUTE_WRITECOPY	3	0	0xffffe38ffd8b64e0	\Windows\System32\vmhgfs.dll	Disabled
1260	explorer.exe	0xffffe38ffdc88f40	0x7ffa4b690000	0x7ffa4b69afff	Vad 	PAGE_EXECUTE_WRITECOPY	2	0	0xffffe38ffdc86ec0	\Windows\System32\drprov.dll	Disabled
1260	explorer.exe	0xffffe38ff9180600	0x7ffa4b6e0000	0x7ffa4b6ebfff	Vad 	PAGE_EXECUTE_WRITECOPY	2	0	0xffffe38ffd8b64e0	\Windows\SystemApps\MicrosoftWindows.Client.CBS_cw5n1h2txyewy\vcruntime140_1_app.dll	Disabled
1260	explorer.exe	0xffffe38ff9b65cc0	0x7ffa4b8c0000	0x7ffa4b8d3fff	Vad 	PAGE_EXECUTE_WRITECOPY	3	0	0xffffe38ff9b65ae0	\Windows\System32\wtsapi32.dll	Disabled
1260	explorer.exe	0xffffe38ff6fa9ad0	0x7ffa4b820000	0x7ffa4b846fff	Vad 	PAGE_EXECUTE_WRITECOPY	3	0	0xffffe38ff9b65cc0	\Windows\System32\samlib.dll	Disabled
1260	explorer.exe	0xffffe38ff9b652c0	0x7ffa4d170000	0x7ffa4d261fff	Vad 	PAGE_EXECUTE_WRITECOPY	5	0	0xffffe38ff83d2d20	\Windows\System32\CoreMessaging.dll	Disabled
1260	explorer.exe	0xffffe38ff91552c0	0x7ffa4c8a0000	0x7ffa4ca83fff	Vad 	PAGE_EXECUTE_WRITECOPY	13	0	0xffffe38ff9b652c0	\Windows\System32\dcomp.dll	Disabled
1260	explorer.exe	0xffffe38ff9b68600	0x7ffa4c180000	0x7ffa4c73ffff	Vad 	PAGE_EXECUTE_WRITECOPY	7	0	0xffffe38ff91552c0	\Windows\System32\d2d1.dll	Disabled
1260	explorer.exe	0xffffe38ff9171920	0x7ffa4bab0000	0x7ffa4bd13fff	Vad 	PAGE_EXECUTE_WRITECOPY	8	0	0xffffe38ff9b68600	\Windows\System32\d3d11.dll	Disabled
1260	explorer.exe	0xffffe38ff83c74c0	0x7ffa4c740000	0x7ffa4c880fff	Vad 	PAGE_EXECUTE_WRITECOPY	10	0	0xffffe38ff9b68600	\Windows\System32\dsreg.dll	Disabled
1260	explorer.exe	0xffffe38ff83d1e20	0x7ffa4ca90000	0x7ffa4cdeafff	Vad 	PAGE_EXECUTE_WRITECOPY	6	0	0xffffe38ff91552c0	\Windows\System32\CoreUIComponents.dll	Disabled
1260	explorer.exe	0xffffe38ff9b67480	0x7ffa4da30000	0x7ffa4da5dfff	Vad 	PAGE_EXECUTE_WRITECOPY	6	0	0xffffe38ff9b652c0	\Windows\System32\dwmapi.dll	Disabled
1260	explorer.exe	0xffffe38ff915d240	0x7ffa4d630000	0x7ffa4d7e5fff	Vad 	PAGE_EXECUTE_WRITECOPY	7	0	0xffffe38ff9b67480	\Windows\System32\WindowsCodecs.dll	Disabled
1260	explorer.exe	0xffffe38ff9b67f20	0x7ffa4d490000	0x7ffa4d523fff	Vad 	PAGE_EXECUTE_WRITECOPY	4	0	0xffffe38ff915d240	\Windows\System32\apphelp.dll	Disabled
1260	explorer.exe	0xffffe38ff9b82e60	0x7ffa4d2a0000	0x7ffa4d2d1fff	Vad 	PAGE_EXECUTE_WRITECOPY	2	0	0xffffe38ff9b67f20	\Windows\System32\PortableDeviceTypes.dll	Disabled
1260	explorer.exe	0xffffe38ff9b669e0	0x7ffa4d840000	0x7ffa4d8ddfff	Vad 	PAGE_EXECUTE_WRITECOPY	5	0	0xffffe38ff915d240	\Windows\System32\uxtheme.dll	Disabled
1260	explorer.exe	0xffffe38ff9167740	0x7ffa4d930000	0x7ffa4d943fff	Vad 	PAGE_EXECUTE_WRITECOPY	3	0	0xffffe38ff9b669e0	\Windows\System32\ResourcePolicyClient.dll	Disabled
1260	explorer.exe	0xffffe38ff9b65220	0x7ffa4dd30000	0x7ffa4dd41fff	Vad 	PAGE_EXECUTE_WRITECOPY	3	0	0xffffe38ff9b67480	\Windows\System32\kernel.appcore.dll	Disabled
1260	explorer.exe	0xffffe38ff83a9600	0x7ffa4da60000	0x7ffa4da89fff	Vad 	PAGE_EXECUTE_WRITECOPY	3	0	0xffffe38ff9b65220	\Windows\System32\rmclient.dll	Disabled
1260	explorer.exe	0xffffe38ff9b67d40	0x7ffa4da90000	0x7ffa4db75fff	Vad 	PAGE_EXECUTE_WRITECOPY	7	0	0xffffe38ff83a9600	\Windows\System32\wer.dll	Disabled
1260	explorer.exe	0xffffe38ff9b65180	0x7ffa4df30000	0x7ffa4e6d4fff	Vad 	PAGE_EXECUTE_WRITECOPY	14	0	0xffffe38ff9b65220	\Windows\System32\windows.storage.dll	Disabled
1260	explorer.exe	0xffffe38ff8dd5c80	0x7ffa4e6f0000	0x7ffa4e712fff	Vad 	PAGE_EXECUTE_WRITECOPY	4	0	0xffffe38ff9b65180	\Windows\System32\gpapi.dll	Disabled
1260	explorer.exe	0xffffe38ff9b5ee20	0x7ffa50120000	0x7ffa50415fff	Vad 	PAGE_EXECUTE_WRITECOPY	9	0	0xffffe38ff9b659a0	\Windows\System32\KernelBase.dll	Disabled
1260	explorer.exe	0xffffe38ff9b65860	0x7ffa4f740000	0x7ffa4f757fff	Vad 	PAGE_EXECUTE_WRITECOPY	3	0	0xffffe38ff9b5ee20	\Windows\System32\cryptsp.dll	Disabled
1260	explorer.exe	0xffffe38ff9b650e0	0x7ffa4f0c0000	0x7ffa4f0f2fff	Vad 	PAGE_EXECUTE_WRITECOPY	4	0	0xffffe38ff9b65860	\Windows\System32\ntmarta.dll	Disabled
1260	explorer.exe	0xffffe38ff83b3600	0x7ffa4e9a0000	0x7ffa4e9c8fff	Vad 	PAGE_EXECUTE_WRITECOPY	2	0	0xffffe38ff9b650e0	\Windows\System32\slc.dll	Disabled
1260	explorer.exe	0xffffe38ff83b3880	0x7ffa4e970000	0x7ffa4e994fff	Vad 	PAGE_EXECUTE_WRITECOPY	3	0	0xffffe38ff83b3600	\Windows\System32\sppc.dll	Disabled
1260	explorer.exe	0xffffe38ff9b727e0	0x7ffa4e820000	0x7ffa4e93afff	Vad 	PAGE_EXECUTE_WRITECOPY	58	0	0xffffe38ff83b3880	\Windows\System32\tdh.dll	Disabled
1260	explorer.exe	0xffffe38ff83caee0	0x7ffa4ef00000	0x7ffa4ef89fff	Vad 	PAGE_EXECUTE_WRITECOPY	4	0	0xffffe38ff83b3600	\Windows\System32\msvcp110_win.dll	Disabled
1260	explorer.exe	0xffffe38ff83b0860	0x7ffa4ed80000	0x7ffa4ee16fff	Vad 	PAGE_EXECUTE_WRITECOPY	5	0	0xffffe38ff83caee0	\Windows\System32\schannel.dll	Disabled
1260	explorer.exe	0xffffe38ffa648da0	0x7ffa4eb90000	0x7ffa4ebdefff	Vad 	PAGE_EXECUTE_WRITECOPY	3	0	0xffffe38ff83b0860	\Windows\System32\authz.dll	Disabled
1260	explorer.exe	0xffffe38ff9181d20	0x7ffa4ee70000	0x7ffa4eea7fff	Vad 	PAGE_EXECUTE_WRITECOPY	3	0	0xffffe38ff83b0860	\Windows\System32\rsaenh.dll	Disabled
1260	explorer.exe	0xffffe38ff83c6e80	0x7ffa4ef90000	0x7ffa4efa8fff	Vad 	PAGE_EXECUTE_WRITECOPY	3	0	0xffffe38ff83caee0	\Windows\System32\wkscli.dll	Disabled
1260	explorer.exe	0xffffe38ff9b66b20	0x7ffa4f340000	0x7ffa4f34bfff	Vad 	PAGE_EXECUTE_WRITECOPY	2	0	0xffffe38ff9b650e0	\Windows\System32\netutils.dll	Disabled
1260	explorer.exe	0xffffe38ff9b64f00	0x7ffa4f230000	0x7ffa4f26afff	Vad 	PAGE_EXECUTE_WRITECOPY	3	0	0xffffe38ff9b66b20	\Windows\System32\IPHLPAPI.DLL	Disabled
1260	explorer.exe	0xffffe38ff7e72860	0x7ffa4f270000	0x7ffa4f339fff	Vad 	PAGE_EXECUTE_WRITECOPY	5	0	0xffffe38ff9b64f00	\Windows\System32\dnsapi.dll	Disabled
1260	explorer.exe	0xffffe38ff7e72900	0x7ffa4f550000	0x7ffa4f5b9fff	Vad 	PAGE_EXECUTE_WRITECOPY	4	0	0xffffe38ff9b66b20	\Windows\System32\mswsock.dll	Disabled
1260	explorer.exe	0xffffe38ffa647720	0x7ffa4f5c0000	0x7ffa4f5d4fff	Vad 	PAGE_EXECUTE_WRITECOPY	4	0	0xffffe38ff7e72900	\Windows\System32\cryptdll.dll	Disabled
1260	explorer.exe	0xffffe38ff9b65040	0x7ffa4fd00000	0x7ffa4fd4afff	Vad 	PAGE_EXECUTE_WRITECOPY	3	0	0xffffe38ff9b65860	\Windows\System32\powrprof.dll	Disabled
1260	explorer.exe	0xffffe38ff6f83850	0x7ffa4fb50000	0x7ffa4fb82fff	Vad 	PAGE_EXECUTE_WRITECOPY	3	0	0xffffe38ff9b65040	\Windows\System32\devobj.dll	Disabled
1260	explorer.exe	0xffffe38ff9b672a0	0x7ffa4f7f0000	0x7ffa4f81afff	Vad 	PAGE_EXECUTE_WRITECOPY	4	0	0xffffe38ff6f83850	\Windows\System32\wldp.dll	Disabled
1260	explorer.exe	0xffffe38ff916f3a0	0x7ffa4f760000	0x7ffa4f76bfff	Vad 	PAGE_EXECUTE_WRITECOPY	3	0	0xffffe38ff9b672a0	\Windows\System32\cryptbase.dll	Disabled
1260	explorer.exe	0xffffe38ff9b722e0	0x7ffa4f860000	0x7ffa4f886fff	Vad 	PAGE_EXECUTE_WRITECOPY	3	0	0xffffe38ff9b672a0	\Windows\System32\ncrypt.dll	Disabled
1260	explorer.exe	0xffffe38ff9b726a0	0x7ffa4f820000	0x7ffa4f85afff	Vad 	PAGE_EXECUTE_WRITECOPY	2	0	0xffffe38ff9b722e0	\Windows\System32\ntasn1.dll	Disabled
1260	explorer.exe	0xffffe38ff91721e0	0x7ffa4f980000	0x7ffa4f991fff	Vad 	PAGE_EXECUTE_WRITECOPY	2	0	0xffffe38ff9b722e0	\Windows\System32\msasn1.dll	Disabled
1260	explorer.exe	0xffffe38ff6f828b0	0x7ffa4fc70000	0x7ffa4fcd2fff	Vad 	PAGE_EXECUTE_WRITECOPY	7	0	0xffffe38ff6f83850	\Windows\System32\winsta.dll	Disabled
1260	explorer.exe	0xffffe38ff91815a0	0x7ffa4fbc0000	0x7ffa4fc61fff	Vad 	PAGE_EXECUTE_WRITECOPY	3	0	0xffffe38ff6f828b0	\Windows\System32\sxs.dll	Disabled
1260	explorer.exe	0xffffe38ff91726e0	0x7ffa4fbb0000	0x7ffa4fbb9fff	Vad 	PAGE_EXECUTE_WRITECOPY	3	0	0xffffe38ff91815a0	\Windows\System32\dpapi.dll	Disabled
1260	explorer.exe	0xffffe38ff9b66e40	0x7ffa4fce0000	0x7ffa4fcf1fff	Vad 	PAGE_EXECUTE_WRITECOPY	3	0	0xffffe38ff6f828b0	\Windows\System32\umpdc.dll	Disabled
1260	explorer.exe	0xffffe38ff9b64dc0	0x7ffa4fea0000	0x7ffa4ff9ffff	Vad 	PAGE_EXECUTE_WRITECOPY	4	0	0xffffe38ff9b65040	\Windows\System32\ucrtbase.dll	Disabled
1260	explorer.exe	0xffffe38ff9b65a40	0x7ffa4fd90000	0x7ffa4fdbdfff	Vad 	PAGE_EXECUTE_WRITECOPY	4	0	0xffffe38ff9b64dc0	\Windows\System32\userenv.dll	Disabled
1260	explorer.exe	0xffffe38ff9b66760	0x7ffa4fd50000	0x7ffa4fd81fff	Vad 	PAGE_EXECUTE_WRITECOPY	5	0	0xffffe38ff9b65a40	\Windows\System32\sspicli.dll	Disabled
1260	explorer.exe	0xffffe38ff83b45a0	0x7ffa4fdd0000	0x7ffa4fdf3fff	Vad 	PAGE_EXECUTE_WRITECOPY	3	0	0xffffe38ff9b65a40	\Windows\System32\profapi.dll	Disabled
1260	explorer.exe	0xffffe38ff6f82d10	0x7ffa500d0000	0x7ffa5011dfff	Vad 	PAGE_EXECUTE_WRITECOPY	5	0	0xffffe38ff9b64dc0	\Windows\System32\cfgmgr32.dll	Disabled
1260	explorer.exe	0xffffe38ff9172d20	0x7ffa50050000	0x7ffa500c2fff	Vad 	PAGE_EXECUTE_WRITECOPY	4	0	0xffffe38ff6f82d10	\Windows\System32\wintrust.dll	Disabled
1260	explorer.exe	0xffffe38ff9b65360	0x7ffa50ff0000	0x7ffa5104afff	Vad 	PAGE_EXECUTE_WRITECOPY	4	0	0xffffe38ff9b5ee20	\Windows\System32\shlwapi.dll	Disabled
1260	explorer.exe	0xffffe38ff9b5ed80	0x7ffa508d0000	0x7ffa50991fff	Vad 	PAGE_EXECUTE_WRITECOPY	7	0	0xffffe38ff9b65360	\Windows\System32\kernel32.dll	Disabled
1260	explorer.exe	0xffffe38ff9b66300	0x7ffa506a0000	0x7ffa50721fff	Vad 	PAGE_EXECUTE_WRITECOPY	2	0	0xffffe38ff9b5ed80	\Windows\System32\bcryptprimitives.dll	Disabled
1260	explorer.exe	0xffffe38ff9b657c0	0x7ffa50580000	0x7ffa50698fff	Vad 	PAGE_EXECUTE_WRITECOPY	9	0	0xffffe38ff9b66300	\Windows\System32\gdi32full.dll	Disabled
1260	explorer.exe	0xffffe38ff9b6e3c0	0x7ffa50420000	0x7ffa5057cfff	Vad 	PAGE_EXECUTE_WRITECOPY	9	0	0xffffe38ff9b657c0	\Windows\System32\crypt32.dll	Disabled
1260	explorer.exe	0xffffe38ff9b654a0	0x7ffa507d0000	0x7ffa507f6fff	Vad 	PAGE_EXECUTE_WRITECOPY	3	0	0xffffe38ff9b66300	\Windows\System32\bcrypt.dll	Disabled
1260	explorer.exe	0xffffe38ff9b64c80	0x7ffa50730000	0x7ffa507ccfff	Vad 	PAGE_EXECUTE_WRITECOPY	7	0	0xffffe38ff9b654a0	\Windows\System32\msvcp_win.dll	Disabled
1260	explorer.exe	0xffffe38ff9b66120	0x7ffa50800000	0x7ffa50821fff	Vad 	PAGE_EXECUTE_WRITECOPY	2	0	0xffffe38ff9b654a0	\Windows\System32\win32u.dll	Disabled
1260	explorer.exe	0xffffe38ff7e720e0	0x7ffa50830000	0x7ffa50837fff	Vad 	PAGE_EXECUTE_WRITECOPY	2	0	0xffffe38ff9b66120	\Windows\System32\nsi.dll	Disabled
1260	explorer.exe	0xffffe38ff9b65e00	0x7ffa50e60000	0x7ffa50efdfff	Vad 	PAGE_EXECUTE_WRITECOPY	10	0	0xffffe38ff9b5ed80	\Windows\System32\msvcrt.dll	Disabled
1260	explorer.exe	0xffffe38ff9b63ec0	0x7ffa50c60000	0x7ffa50d2cfff	Vad 	PAGE_EXECUTE_WRITECOPY	6	0	0xffffe38ff9b65e00	\Windows\System32\oleaut32.dll	Disabled
1260	explorer.exe	0xffffe38ff9b65d60	0x7ffa50a00000	0x7ffa50aacfff	Vad 	PAGE_EXECUTE_WRITECOPY	5	0	0xffffe38ff9b63ec0	\Windows\System32\SHCore.dll	Disabled
1260	explorer.exe	0xffffe38ff83a8160	0x7ffa50d30000	0x7ffa50e5afff	Vad 	PAGE_EXECUTE_WRITECOPY	6	0	0xffffe38ff9b63ec0	\Windows\System32\ole32.dll	Disabled
1260	explorer.exe	0xffffe38ff9b663a0	0x7ffa50fb0000	0x7ffa50fdefff	Vad 	PAGE_EXECUTE_WRITECOPY	3	0	0xffffe38ff9b65e00	\Windows\System32\imm32.dll	Disabled
1260	explorer.exe	0xffffe38ff83a8de0	0x7ffa50f00000	0x7ffa50fa8fff	Vad 	PAGE_EXECUTE_WRITECOPY	9	0	0xffffe38ff9b663a0	\Windows\System32\clbcatq.dll	Disabled
1260	explorer.exe	0xffffe38ff9b63d80	0x7ffa51300000	0x7ffa5141ffff	Vad 	PAGE_EXECUTE_WRITECOPY	5	0	0xffffe38ff9b65360	\Windows\System32\rpcrt4.dll	Disabled
1260	explorer.exe	0xffffe38ff9b666c0	0x7ffa510c0000	0x7ffa511d4fff	Vad 	PAGE_EXECUTE_WRITECOPY	6	0	0xffffe38ff9b63d80	\Windows\System32\msctf.dll	Disabled
1260	explorer.exe	0xffffe38ff9b65b80	0x7ffa51050000	0x7ffa510bafff	Vad 	PAGE_EXECUTE_WRITECOPY	4	0	0xffffe38ff9b666c0	\Windows\System32\ws2_32.dll	Disabled
1260	explorer.exe	0xffffe38ff9b65720	0x7ffa512d0000	0x7ffa512fafff	Vad 	PAGE_EXECUTE_WRITECOPY	4	0	0xffffe38ff9b666c0	\Windows\System32\gdi32.dll	Disabled
1260	explorer.exe	0xffffe38ff9b6e960	0x7ffa51250000	0x7ffa512c8fff	Vad 	PAGE_EXECUTE_WRITECOPY	3	0	0xffffe38ff9b65720	\Windows\System32\coml2.dll	Disabled
1260	explorer.exe	0xffffe38ff9b661c0	0x7ffa520f0000	0x7ffa52290fff	Vad 	PAGE_EXECUTE_WRITECOPY	6	0	0xffffe38ff9b63d80	\Windows\System32\user32.dll	Disabled
1260	explorer.exe	0xffffe38ff9b65f40	0x7ffa517a0000	0x7ffa5183efff	Vad 	PAGE_EXECUTE_WRITECOPY	7	0	0xffffe38ff9b661c0	\Windows\System32\sechost.dll	Disabled
1260	explorer.exe	0xffffe38ff9b63a60	0x7ffa51440000	0x7ffa51793fff	Vad 	PAGE_EXECUTE_WRITECOPY	9	0	0xffffe38ff9b65f40	\Windows\System32\combase.dll	Disabled
1260	explorer.exe	0xffffe38ff9b73640	0x7ffa51420000	0x7ffa5143cfff	Vad 	PAGE_EXECUTE_WRITECOPY	4	0	0xffffe38ff9b63a60	\Windows\System32\imagehlp.dll	Disabled
1260	explorer.exe	0xffffe38ff9b64e60	0x7ffa518a0000	0x7ffa5200ffff	Vad 	PAGE_EXECUTE_WRITECOPY	16	0	0xffffe38ff9b65f40	\Windows\System32\shell32.dll	Disabled
1260	explorer.exe	0xffffe38ff9b655e0	0x7ffa52710000	0x7ffa527c0fff	Vad 	PAGE_EXECUTE_WRITECOPY	8	0	0xffffe38ff9b661c0	\Windows\System32\advapi32.dll	Disabled
1260	explorer.exe	0xffffe38ff916f620	0x7ffa522a0000	0x7ffa5270ffff	Vad 	PAGE_EXECUTE_WRITECOPY	5	0	0xffffe38ff9b655e0	\Windows\System32\setupapi.dll	Disabled
1260	explorer.exe	0xffffe38ff9b5b040	0x7ffa52810000	0x7ffa52a07fff	Vad 	PAGE_EXECUTE_WRITECOPY	17	0	0xffffe38ff9b655e0	\Windows\System32\ntdll.dll	Disabled
