Volatility 3 Framework 2.28.2

PID	Process	Offset	HandleValue	Type	GrantedAccess	Name

1260	explorer.exe	0xe38ff6da2b60	0x4	Event	0x1f0003	-
1260	explorer.exe	0xe38ff6da2c60	0x8	Event	0x1f0003	-
1260	explorer.exe	0xe38ffe197a50	0xc	WaitCompletionPacket	0x1	-
1260	explorer.exe	0xe38ff6c68f80	0x10	IoCompletion	0x1f0003	-
1260	explorer.exe	0xe38ff8c09d80	0x14	TpWorkerFactory	0xf00ff	-
1260	explorer.exe	0xe38ff8b9c850	0x18	IRTimer	0x100002	-
1260	explorer.exe	0xe38ffe1984e0	0x1c	WaitCompletionPacket	0x1	-
1260	explorer.exe	0xe38ff8b9f0b0	0x20	IRTimer	0x100002	-
1260	explorer.exe	0xe38ffe198ea0	0x24	WaitCompletionPacket	0x1	-
1260	explorer.exe	0xe38ff6c694a0	0x28	EtwRegistration	0x804	-
1260	explorer.exe	0xe38ff6c67980	0x2c	EtwRegistration	0x804	-
1260	explorer.exe	0xe38ff6c67de0	0x30	EtwRegistration	0x804	-
1260	explorer.exe	0xaa0f78cd7a20	0x34	Directory	0x3	KnownDlls
1260	explorer.exe	0xe38ff6da2ce0	0x38	Event	0x1f0003	-
1260	explorer.exe	0xe38ff6da2d60	0x3c	Event	0x1f0003	-
1260	explorer.exe	0xe38ffb664200	0x40	File	0x100020	\Device\HarddiskVolume3\Windows\System32
1260	explorer.exe	0xe38ff6c68be0	0x44	EtwRegistration	0x804	-
1260	explorer.exe	0xe38ffaa5b110	0x48	Mutant	0x1f0001	SM0:1260:304:WilStaging_02
1260	explorer.exe	0xe38ff7b73c50	0x4c	ALPC Port	0x1f0001	-
1260	explorer.exe	0xaa0f7bda4660	0x50	Directory	0xf	BaseNamedObjects
1260	explorer.exe	0xe38ff9b64c50	0x54	Semaphore	0x1f0003	SM0:1260:304:WilStaging_02_p0
1260	explorer.exe	0xe38ff9b64570	0x58	Semaphore	0x1f0003	SM0:1260:304:WilStaging_02_p0h
1260	explorer.exe	0xe38ff6ad17e0	0x5c	Event	0x1f0003	-
1260	explorer.exe	0xe38ffe1991e0	0x60	WaitCompletionPacket	0x1	-
1260	explorer.exe	0xe38ff6c68080	0x64	EtwRegistration	0x804	-
1260	explorer.exe	0xe38ff6c68da0	0x68	EtwRegistration	0x804	-
1260	explorer.exe	0xe38ff6c67ec0	0x6c	EtwRegistration	0x804	-
1260	explorer.exe	0xe38ff7855b00	0x70	IoCompletion	0x1f0003	-
1260	explorer.exe	0xe38ff87ccd80	0x74	TpWorkerFactory	0xf00ff	-
1260	explorer.exe	0xe38ff8b9e500	0x78	IRTimer	0x100002	-
1260	explorer.exe	0xe38ffe198f70	0x7c	WaitCompletionPacket	0x1	-
1260	explorer.exe	0xe38ff8b9f2d0	0x80	IRTimer	0x100002	-
1260	explorer.exe	0xe38ffe1980d0	0x84	WaitCompletionPacket	0x1	-
1260	explorer.exe	0xaa0f9254bc40	0x88	Key	0x20019	USER\S-1-5-21-77607562-1836748022-3122067425-1001_CLASSES\LOCAL SETTINGS\SOFTWARE\MICROSOFT
1260	explorer.exe	0xaa0f9254df50	0x8c	Key	0x20019	MACHINE
1260	explorer.exe	0xaa0f92544980	0x90	Key	0x20019	USER\S-1-5-21-77607562-1836748022-3122067425-1001_CLASSES\LOCAL SETTINGS
1260	explorer.exe	0xaa0f9254e8e0	0x94	Key	0x20019	MACHINE\SOFTWARE\MICROSOFT\OLE
1260	explorer.exe	0xe38ff6ad8460	0x98	Event	0x1f0003	-
1260	explorer.exe	0xaa0f9254db10	0x9c	Key	0x20019	MACHINE\SYSTEM\CONTROLSET001\CONTROL\NLS\SORTING\VERSIONS
1260	explorer.exe	0xaa0f92997a80	0xa0	Key	0x20019	MACHINE\SOFTWARE\MICROSOFT\MSF\REGISTRATION\LISTEN
1260	explorer.exe	0xe38ff6ada260	0xa4	Event	0x1f0003	-
1260	explorer.exe	0xe38ff786aa30	0xa8	EtwRegistration	0x804	-
1260	explorer.exe	0xe38ff786d7b0	0xac	EtwRegistration	0x804	-
1260	explorer.exe	0xe38ff786c0f0	0xb0	EtwRegistration	0x804	-
1260	explorer.exe	0xe38ff6ada2e0	0xb4	Event	0x1f0003	-
1260	explorer.exe	0xe38ff6ada460	0xb8	Event	0x1f0003	-
1260	explorer.exe	0xe38ff709d5e0	0xbc	Event	0x1f0003	-
1260	explorer.exe	0xe38ff709dc60	0xc0	Event	0x1f0003	-
1260	explorer.exe	0xe38ff709dde0	0xc4	Event	0x1f0003	-
1260	explorer.exe	0xe38ff709f9e0	0xc8	Event	0x1f0003	-
1260	explorer.exe	0xe38ff786c2b0	0xcc	EtwRegistration	0x804	-
1260	explorer.exe	0xe38ff786c470	0xd0	EtwRegistration	0x804	-
1260	explorer.exe	0xe38ff7874270	0xd8	EtwRegistration	0x804	-
1260	explorer.exe	0xe38ff788ca70	0xdc	EtwRegistration	0x804	-
1260	explorer.exe	0xe38ff788c370	0xe0	EtwRegistration	0x804	-
1260	explorer.exe	0xe38ff788c450	0xe4	EtwRegistration	0x804	-
1260	explorer.exe	0xe38ff788cd10	0xe8	EtwRegistration	0x804	-
1260	explorer.exe	0xe38ff709f260	0xec	Semaphore	0x100003	-
1260	explorer.exe	0xe38ff70a10e0	0xf0	Semaphore	0x100003	-
1260	explorer.exe	0xe38ff70a0760	0xf4	Semaphore	0x100003	-
1260	explorer.exe	0xe38ff70a0360	0xf8	Semaphore	0x100003	-
1260	explorer.exe	0xe38ff70a06e0	0xfc	Semaphore	0x100003	-
1260	explorer.exe	0xe38ff70a07e0	0x100	Semaphore	0x100003	-
1260	explorer.exe	0xe38ff70a0860	0x104	Semaphore	0x100003	-
1260	explorer.exe	0xe38ff70a0960	0x108	Semaphore	0x100003	-
1260	explorer.exe	0xe38ff788c530	0x10c	EtwRegistration	0x804	-
1260	explorer.exe	0xe38ff788cc30	0x110	EtwRegistration	0x804	-
1260	explorer.exe	0xe38ff788ced0	0x114	EtwRegistration	0x804	-
1260	explorer.exe	0xe38ff70a0b60	0x118	Semaphore	0x100003	-
1260	explorer.exe	0xe38ff70a0a60	0x11c	Semaphore	0x100003	-
1260	explorer.exe	0xe38ff70a1de0	0x120	Event	0x1f0003	-
1260	explorer.exe	0xe38ffcd20320	0x124	File	0x100003	\Device\KsecDD
1260	explorer.exe	0xe38ff788d4f0	0x128	EtwRegistration	0x804	-
1260	explorer.exe	0xe38ff788e910	0x12c	EtwRegistration	0x804	-
1260	explorer.exe	0xe38ff788e2f0	0x130	EtwRegistration	0x804	-
1260	explorer.exe	0xe38ff788db10	0x134	EtwRegistration	0x804	-
1260	explorer.exe	0xe38ff788e590	0x138	EtwRegistration	0x804	-
1260	explorer.exe	0xe38ff788ead0	0x13c	EtwRegistration	0x804	-
1260	explorer.exe	0xe38ff788d330	0x140	EtwRegistration	0x804	-
1260	explorer.exe	0xe38ff788d6b0	0x144	EtwRegistration	0x804	-
1260	explorer.exe	0xe38ff7894170	0x148	EtwRegistration	0x804	-
1260	explorer.exe	0xe38ff7d02790	0x14c	EtwRegistration	0x804	-
1260	explorer.exe	0xe38ff7d03d70	0x150	EtwRegistration	0x804	-
1260	explorer.exe	0xe38ffcd26bd0	0x154	File	0x100001	\Device\CNG
1260	explorer.exe	0xe38ff7d02250	0x158	EtwRegistration	0x804	-
1260	explorer.exe	0xe38ff7d02870	0x15c	EtwRegistration	0x804	-
1260	explorer.exe	0xe38ff7d03750	0x160	EtwRegistration	0x804	-
1260	explorer.exe	0xe38ff7d02a30	0x164	EtwRegistration	0x804	-
1260	explorer.exe	0xe38ff7d02bf0	0x168	EtwRegistration	0x804	-
1260	explorer.exe	0xe38ff7d03130	0x16c	EtwRegistration	0x804	-
1260	explorer.exe	0xe38ff7d034b0	0x170	EtwRegistration	0x804	-
1260	explorer.exe	0xe38ff7d02db0	0x174	EtwRegistration	0x804	-
1260	explorer.exe	0xe38ff7d02330	0x178	EtwRegistration	0x804	-
1260	explorer.exe	0xe38ff7d03210	0x17c	EtwRegistration	0x804	-
1260	explorer.exe	0xe38ff7d039f0	0x180	EtwRegistration	0x804	-
1260	explorer.exe	0xaa0f9254d180	0x184	Key	0x9	MACHINE\SOFTWARE\MICROSOFT\WINDOWS NT\CURRENTVERSION\IMAGE FILE EXECUTION OPTIONS
1260	explorer.exe	0xe38ff70a13e0	0x188	Event	0x1f0003	-
1260	explorer.exe	0xe38ff7d03840	0x18c	IoCompletion	0x1f0003	-
1260	explorer.exe	0xe38ff515ee30	0x190	WindowStation	0xf037f	WinSta0
1260	explorer.exe	0xe38ff5ce4890	0x194	Desktop	0xf01ff	Default
1260	explorer.exe	0xe38ff515ee30	0x198	WindowStation	0xf037f	WinSta0
1260	explorer.exe	0xe38ffcd26d60	0x19c	File	0x100001	\Device\HarddiskVolume3\Program Files\WindowsApps\Microsoft.LanguageExperiencePacken-GB_19041.62.219.0_neutral__8wekyb3d8bbwe\Windows\en-GB\explorer.exe.mui
1260	explorer.exe	0xe38ff7d03ad0	0x1a0	EtwRegistration	0x804	-
1260	explorer.exe	0xe38ff7d0eb90	0x1a4	EtwRegistration	0x804	-
1260	explorer.exe	0xe38ff7d0fed0	0x1a8	EtwRegistration	0x804	-
1260	explorer.exe	0xe38ff7d03bb0	0x1ac	EtwRegistration	0x804	-
1260	explorer.exe	0xe38ff7d02410	0x1b0	EtwRegistration	0x804	-
1260	explorer.exe	0xe38ff7d04470	0x1b4	EtwRegistration	0x804	-
1260	explorer.exe	0xe38ff7d05270	0x1b8	EtwRegistration	0x804	-
1260	explorer.exe	0xe38ff7d03f30	0x1bc	EtwRegistration	0x804	-
1260	explorer.exe	0xe38ff7d04550	0x1c0	EtwRegistration	0x804	-
1260	explorer.exe	0xe38ff7d040f0	0x1c4	EtwRegistration	0x804	-
1260	explorer.exe	0xe38ff7d05430	0x1c8	EtwRegistration	0x804	-
1260	explorer.exe	0xe38ff7d05190	0x1cc	EtwRegistration	0x804	-
1260	explorer.exe	0xe38ff7d041d0	0x1d0	EtwRegistration	0x804	-
1260	explorer.exe	0xe38ff7d050b0	0x1d4	EtwRegistration	0x804	-
1260	explorer.exe	0xe38ff7d04710	0x1d8	EtwRegistration	0x804	-
1260	explorer.exe	0xe38ff7d047f0	0x1dc	EtwRegistration	0x804	-
1260	explorer.exe	0xe38ff7d04ef0	0x1e0	EtwRegistration	0x804	-
1260	explorer.exe	0xe38ff7d049b0	0x1e4	EtwRegistration	0x804	-
1260	explorer.exe	0xe38ff7d05350	0x1e8	EtwRegistration	0x804	-
1260	explorer.exe	0xe38ff7d063f0	0x1ec	EtwRegistration	0x804	-
1260	explorer.exe	0xe38ff7d065b0	0x1f0	EtwRegistration	0x804	-
1260	explorer.exe	0xe38ff7d07d50	0x1f4	EtwRegistration	0x804	-
1260	explorer.exe	0xe38ff7d081b0	0x1f8	EtwRegistration	0x804	-
1260	explorer.exe	0xe38ff7d07650	0x1fc	EtwRegistration	0x804	-
1260	explorer.exe	0xe38ff7d08610	0x200	EtwRegistration	0x804	-
1260	explorer.exe	0xe38ff7d088b0	0x204	EtwRegistration	0x804	-
1260	explorer.exe	0xe38ff7d07b90	0x208	EtwRegistration	0x804	-
1260	explorer.exe	0xe38ff7d07730	0x20c	EtwRegistration	0x804	-
1260	explorer.exe	0xe38ff7d08c30	0x210	EtwRegistration	0x804	-
1260	explorer.exe	0xe38ff7d07f10	0x214	EtwRegistration	0x804	-
1260	explorer.exe	0xe38ff7d078f0	0x218	EtwRegistration	0x804	-
1260	explorer.exe	0xe38ff6ada360	0x21c	Semaphore	0x100003	-
1260	explorer.exe	0xe38ff70a1560	0x220	Semaphore	0x100003	-
1260	explorer.exe	0xe38ff70a15e0	0x224	Semaphore	0x100003	-
1260	explorer.exe	0xe38ff70a1660	0x228	Semaphore	0x100003	-
1260	explorer.exe	0xe38ff7d08450	0x22c	EtwRegistration	0x804	-
1260	explorer.exe	0xe38ff7d08530	0x230	EtwRegistration	0x804	-
1260	explorer.exe	0xe38ff7d08d10	0x234	EtwRegistration	0x804	-
1260	explorer.exe	0xe38ff7d086f0	0x238	EtwRegistration	0x804	-
1260	explorer.exe	0xe38ff7d087d0	0x23c	EtwRegistration	0x804	-
1260	explorer.exe	0xe38ff70a3160	0x240	Semaphore	0x100003	-
1260	explorer.exe	0xe38ff70a2a60	0x244	Semaphore	0x100003	-
1260	explorer.exe	0xe38ff7d08990	0x248	EtwRegistration	0x804	-
1260	explorer.exe	0xe38ff7d08df0	0x24c	EtwRegistration	0x804	-
1260	explorer.exe	0xe38ff7d09410	0x250	EtwRegistration	0x804	-
1260	explorer.exe	0xe38ff7d09cd0	0x254	EtwRegistration	0x804	-
1260	explorer.exe	0xe38ff7d0a2f0	0x258	EtwRegistration	0x804	-
1260	explorer.exe	0xe38ff7d0ac90	0x25c	EtwRegistration	0x804	-
1260	explorer.exe	0xe38ff7d09e90	0x260	EtwRegistration	0x804	-
1260	explorer.exe	0xe38ff7d09f70	0x264	EtwRegistration	0x804	-
1260	explorer.exe	0xe38ff7d0a830	0x268	EtwRegistration	0x804	-
1260	explorer.exe	0xe38ff7d0a130	0x26c	EtwRegistration	0x804	-
1260	explorer.exe	0xe38ff7d0a3d0	0x270	EtwRegistration	0x804	-
1260	explorer.exe	0xe38ff7d0a590	0x274	EtwRegistration	0x804	-
1260	explorer.exe	0xe38ff7d0a4b0	0x278	EtwRegistration	0x804	-
1260	explorer.exe	0xe38ff7d0a750	0x27c	EtwRegistration	0x804	-
1260	explorer.exe	0xe38ff70a24e0	0x280	Semaphore	0x100003	-
1260	explorer.exe	0xe38ff70a3560	0x284	Semaphore	0x100003	-
1260	explorer.exe	0xe38ff7d0a670	0x288	EtwRegistration	0x804	-
1260	explorer.exe	0xe38ff7d0a910	0x28c	EtwRegistration	0x804	-
1260	explorer.exe	0xe38ff7d0abb0	0x290	EtwRegistration	0x804	-
1260	explorer.exe	0xe38ff7d0a9f0	0x294	EtwRegistration	0x804	-
1260	explorer.exe	0xe38ff7d094f0	0x298	EtwRegistration	0x804	-
1260	explorer.exe	0xe38ff7d095d0	0x29c	EtwRegistration	0x804	-
1260	explorer.exe	0xe38ff7d096b0	0x2a0	EtwRegistration	0x804	-
1260	explorer.exe	0xe38ff7d0bd30	0x2a4	EtwRegistration	0x804	-
1260	explorer.exe	0xe38ff7d0b1d0	0x2a8	EtwRegistration	0x804	-
1260	explorer.exe	0xe38ff7d0c6d0	0x2ac	EtwRegistration	0x804	-
1260	explorer.exe	0xe38ff7d0b7f0	0x2b0	EtwRegistration	0x804	-
1260	explorer.exe	0xe38ff7d0d850	0x2b4	EtwRegistration	0x804	-
1260	explorer.exe	0xe38ff7d0e110	0x2b8	EtwRegistration	0x804	-
1260	explorer.exe	0xe38ff7d0d930	0x2bc	EtwRegistration	0x804	-
1260	explorer.exe	0xe38ff7d0daf0	0x2c0	EtwRegistration	0x804	-
1260	explorer.exe	0xe38ff7d0dbd0	0x2c4	EtwRegistration	0x804	-
1260	explorer.exe	0xe38ff7d0f450	0x2c8	EtwRegistration	0x804	-
1260	explorer.exe	0xaa0f9254c7f0	0x2cc	Key	0xf003f	USER\S-1-5-21-77607562-1836748022-3122067425-1001
1260	explorer.exe	0xe38ff7be4a80	0x2d0	ALPC Port	0x1f0001	-
1260	explorer.exe	0xe38ff7d0fd10	0x2d4	EtwRegistration	0x804	-
1260	explorer.exe	0xaa0f9254be60	0x2d8	Key	0xf003f	USER\S-1-5-21-77607562-1836748022-3122067425-1001\SOFTWARE\MICROSOFT\WINDOWS\CURRENTVERSION\EXPLORER
1260	explorer.exe	0xaa0f92549710	0x2dc	Key	0x20019	MACHINE\SYSTEM\CONTROLSET001\CONTROL\NLS\SORTING\IDS
1260	explorer.exe	0xe38ffe1a4230	0x2e0	WaitCompletionPacket	0x1	-
1260	explorer.exe	0xe38ff7d0ec70	0x2e4	EtwRegistration	0x804	-
1260	explorer.exe	0xe38ff7d0ed50	0x2e8	EtwRegistration	0x804	-
1260	explorer.exe	0xe38ff7d0f610	0x2ec	EtwRegistration	0x804	-
1260	explorer.exe	0xe38ff7d0f530	0x2f0	EtwRegistration	0x804	-
1260	explorer.exe	0xe38ff7d0fa70	0x2f4	EtwRegistration	0x804	-
1260	explorer.exe	0xe38ff70a3b60	0x2f8	Event	0x1f0003	-
1260	explorer.exe	0xe38ff70a3860	0x2fc	Event	0x1f0003	-
1260	explorer.exe	0xe38ff70a3be0	0x300	Event	0x1f0003	-
1260	explorer.exe	0xe38ff7d10170	0x304	EtwRegistration	0x804	-
1260	explorer.exe	0xe38ff7d0e810	0x308	EtwRegistration	0x804	-
1260	explorer.exe	0xe38ff7d0e8f0	0x30c	EtwRegistration	0x804	-
1260	explorer.exe	0xe38ff70a48e0	0x310	Event	0x1f0003	-
1260	explorer.exe	0xe38ff7d11bb0	0x314	EtwRegistration	0x804	-
1260	explorer.exe	0xe38ff7d0ef10	0x318	EtwRegistration	0x804	-
1260	explorer.exe	0xe38ff7d10330	0x31c	EtwRegistration	0x804	-
1260	explorer.exe	0xe38ff67267b0	0x320	Mutant	0x1f0001	SessionImmersiveColorMutex
1260	explorer.exe	0xaa0f7c16e2b0	0x324	Section	0xf001f	SessionImmersiveColorPreference
1260	explorer.exe	0xe38ffcd27210	0x328	File	0x100020	\Device\HarddiskVolume3\Windows\WinSxS\amd64_microsoft.windows.common-controls_6595b64144ccf1df_6.0.19041.6456_none_60b8a6cb71f64256
1260	explorer.exe	0xe38ff7d11d70	0x32c	EtwRegistration	0x804	-
1260	explorer.exe	0xaa0f9254e7d0	0x330	Key	0xf003f	USER\S-1-5-21-77607562-1836748022-3122067425-1001_CLASSES
1260	explorer.exe	0xaa0f7bfd0db0	0x334	Section	0x4	__ComCatalogCache__
1260	explorer.exe	0xe38ff7d10790	0x338	EtwRegistration	0x804	-
1260	explorer.exe	0xe38ff2091e20	0x33c	Event	0x100001	MaximumCommitCondition
1260	explorer.exe	0xaa0f7bfd0db0	0x340	Section	0x4	__ComCatalogCache__
1260	explorer.exe	0xe38ffcd273a0	0x344	File	0x120089	\Device\HarddiskVolume3\Windows\Registration\R000000000006.clb
1260	explorer.exe	0xaa0f86e10270	0x348	Section	0xf0005	-
1260	explorer.exe	0xe38ff80b65e0	0x34c	Event	0x1f0003	-
1260	explorer.exe	0xe38ff80adee0	0x350	Event	0x1f0003	-
1260	explorer.exe	0xaa0f9254fc00	0x354	Key	0x10	USER\S-1-5-21-77607562-1836748022-3122067425-1001_CLASSES
1260	explorer.exe	0xaa0f9254e280	0x358	Key	0xf003f	USER\S-1-5-21-77607562-1836748022-3122067425-1001_CLASSES
1260	explorer.exe	0xe38ff80ba9e0	0x35c	Event	0x1f0003	-
1260	explorer.exe	0xe38ff7d112f0	0x360	EtwRegistration	0x804	-
1260	explorer.exe	0xe38ff7d113d0	0x364	EtwRegistration	0x804	-
1260	explorer.exe	0xe38ff80b43e0	0x368	Event	0x1f0003	-
1260	explorer.exe	0xe38ff80b52e0	0x36c	Semaphore	0x1f0003	-
1260	explorer.exe	0xe38ff7d114b0	0x370	EtwRegistration	0x804	-
1260	explorer.exe	0xe38ff7d119f0	0x374	EtwRegistration	0x804	-
1260	explorer.exe	0xe38ff7d11590	0x378	EtwRegistration	0x804	-
1260	explorer.exe	0xe38ff7d12470	0x37c	EtwRegistration	0x804	-
1260	explorer.exe	0xe38ff7df6080	0x380	Thread	0x1fffff	Tid 5772 Pid 1260
1260	explorer.exe	0xaa0f7da9e0d0	0x384	Section	0x6	windows_shell_global_counters
1260	explorer.exe	0xe38ffaa5a990	0x388	Mutant	0x1f0001	SM0:1260:120:WilError_03
1260	explorer.exe	0xe38ff83b4430	0x38c	Semaphore	0x1f0003	SM0:1260:120:WilError_03_p0h
1260	explorer.exe	0xaa0f9254f9e0	0x390	Key	0x1	USER\S-1-5-21-77607562-1836748022-3122067425-1001\SOFTWARE\MICROSOFT\WINDOWS\CURRENTVERSION\EXPLORER
1260	explorer.exe	0xe38ff83b4750	0x394	Semaphore	0x1f0003	SM0:1260:120:WilError_03_p0
1260	explorer.exe	0xaa0f9254f8d0	0x398	Key	0xf003f	USER\S-1-5-21-77607562-1836748022-3122067425-1001_CLASSES
1260	explorer.exe	0xaa0f7bf194b0	0x39c	Section	0x6	windows_shell_global_counters
1260	explorer.exe	0xaa0f9254ec10	0x3a0	Key	0x20019	MACHINE\SOFTWARE\MICROSOFT\WINDOWS\CURRENTVERSION\EXPLORER\FOLDERDESCRIPTIONS\{B4BFCC3A-DB2C-424C-B029-7FE99A87C641}\PROPERTYBAG
1260	explorer.exe	0xe38ff7d122b0	0x3a4	EtwRegistration	0x804	-
1260	explorer.exe	0xe38ff8ec0f60	0x3a8	Event	0x1f0003	-
1260	explorer.exe	0xaa0f9254e5b0	0x3ac	Key	0x20019	MACHINE\SOFTWARE\MICROSOFT\WINDOWS\CURRENTVERSION\EXPLORER\FOLDERDESCRIPTIONS\{F42EE2D3-909F-4907-8871-4C22FC0BF756}\PROPERTYBAG
1260	explorer.exe	0xaa0f9254f7c0	0x3b0	Key	0x20019	MACHINE\SOFTWARE\MICROSOFT\WINDOWS\CURRENTVERSION\EXPLORER\FOLDERDESCRIPTIONS\{A0C69A99-21C8-4671-8703-7934162FCF1D}\PROPERTYBAG
1260	explorer.exe	0xaa0f9254dc20	0x3b4	Key	0x20019	MACHINE\SOFTWARE\MICROSOFT\WINDOWS\CURRENTVERSION\EXPLORER\FOLDERDESCRIPTIONS\{0DDD015D-B06C-45D5-8C4C-F59713854639}\PROPERTYBAG
1260	explorer.exe	0xe38ff7b367b0	0x3b8	EtwRegistration	0x804	-
1260	explorer.exe	0xaa0f9254faf0	0x3bc	Key	0x20019	MACHINE\SOFTWARE\MICROSOFT\WINDOWS\CURRENTVERSION\EXPLORER\FOLDERDESCRIPTIONS\{35286A68-3C57-41A1-BBB1-0EAE73D76C95}\PROPERTYBAG
1260	explorer.exe	0xaa0f9254ef40	0x3c0	Key	0x20019	MACHINE\SOFTWARE\MICROSOFT\WINDOWS\CURRENTVERSION\EXPLORER\FOLDERDESCRIPTIONS\{7D83EE9B-2244-4E70-B1F5-5393042AF1E4}\PROPERTYBAG
1260	explorer.exe	0xe38ff9453ae0	0x3c4	Event	0x1f0003	-
1260	explorer.exe	0xe38ff8ec2e60	0x3c8	Event	0x1f0003	-
1260	explorer.exe	0xe38ff8ec0860	0x3cc	Event	0x1f0003	-
1260	explorer.exe	0xaa0f92551140	0x3d0	Key	0x20019	MACHINE\SOFTWARE\MICROSOFT\WINDOWSRUNTIME
1260	explorer.exe	0xaa0f92550370	0x3d4	Key	0x20019	MACHINE\SOFTWARE\MICROSOFT\WINDOWSRUNTIME\ACTIVATABLECLASSID
1260	explorer.exe	0xe38ff80d7ce0	0x3d8	ALPC Port	0x1f0001	-
1260	explorer.exe	0xe38ff6da98e0	0x3e0	Event	0x1f0003	-
1260	explorer.exe	0xe38ff8794da0	0x3e4	ALPC Port	0x1f0001	OLEB28CB780378402DD1B17AE19E60C
1260	explorer.exe	0xe38ff7e55fe0	0x3e8	Event	0x1f0003	-
1260	explorer.exe	0xe38ff70a6f60	0x3f0	Event	0x1f0003	-
1260	explorer.exe	0xe38ffbedb080	0x3f8	Thread	0x1fffff	Tid 6596 Pid 1260
1260	explorer.exe	0xe38ff7b74c50	0x404	ALPC Port	0x1f0001	-
1260	explorer.exe	0xe38ff8ea8160	0x408	Event	0x1f0003	-
1260	explorer.exe	0xe38ff9453160	0x40c	Semaphore	0x1f0003	-
1260	explorer.exe	0xe38ff83b51d0	0x410	Mutant	0x1f0001	-
1260	explorer.exe	0xe38ffa3f6d40	0x414	ALPC Port	0x1f0001	-
1260	explorer.exe	0xaa0f8254b210	0x418	Section	0xf0007	4ecHWNDInterface:b0036
1260	explorer.exe	0xe38ff9185670	0x41c	Event	0x100000	{44ea083b-899c-4440-8338-2469fd4681cf}
1260	explorer.exe	0xe38ff7d12710	0x420	EtwRegistration	0x804	-
1260	explorer.exe	0xe38ff91d8be0	0x424	Event	0x1f0003	-
1260	explorer.exe	0xe38ff9b6a970	0x430	Semaphore	0x100003	CDP_CALLBACK_72356FA0-EE6F-ECC9-96F0-9A7C4D89AF81
1260	explorer.exe	0xe38ff7d14d90	0x434	EtwRegistration	0x804	-
1260	explorer.exe	0xaa0f8254b210	0x438	Section	0xf0007	4ecHWNDInterface:b0036
1260	explorer.exe	0xe38ff848e080	0x43c	Thread	0x100000	Tid 8612 Pid 8608
1260	explorer.exe	0xe38ff85f6ce0	0x440	ALPC Port	0x1f0001	-
1260	explorer.exe	0xe38ff8ec26e0	0x444	Semaphore	0x100003	-
1260	explorer.exe	0xe38ff7d13eb0	0x448	EtwRegistration	0x804	-
1260	explorer.exe	0xe38ff8ec4060	0x44c	Semaphore	0x100003	-
1260	explorer.exe	0xe38ff7d14850	0x450	EtwRegistration	0x804	-
1260	explorer.exe	0xe38ff8ec4a60	0x454	Event	0x1f0003	-
1260	explorer.exe	0xaa0f92551be0	0x458	Key	0x20019	MACHINE\SOFTWARE\MICROSOFT\WINDOWSRUNTIME\SERVER
1260	explorer.exe	0xe38ff7d14bd0	0x460	EtwRegistration	0x804	-
1260	explorer.exe	0xe38000ba8d10	0x468	Mutant	0x1f0001	C::Users:Patrick:AppData:Local:Microsoft:Windows:Explorer:thumbcache_768.db!dfMaintainer
1260	explorer.exe	0xe38ff74e5080	0x470	Thread	0x1fffff	Tid 10236 Pid 1260
1260	explorer.exe	0xe38ff6867b00	0x474	WaitCompletionPacket	0x1	-
1260	explorer.exe	0xaa0fab2abec0	0x478	Key	0x10	MACHINE\SOFTWARE\CLASSES\CLSID\{3ADD1653-EB32-4CB0-BBD7-DFA0ABB5ACCA}\INSTANCE
1260	explorer.exe	0xe38ffa729c40	0x47c	File	0x100001	\Device\HarddiskVolume3\Windows\bcastdvr
1260	explorer.exe	0xe38ff91d58e0	0x480	Event	0x1f0003	-
1260	explorer.exe	0xe38ff91d5be0	0x484	Event	0x1f0003	-
1260	explorer.exe	0xe38ffbf28180	0x488	IoCompletion	0x1f0003	-
1260	explorer.exe	0xe38ff7d145b0	0x48c	EtwRegistration	0x804	-
1260	explorer.exe	0xe38ff7d15570	0x490	EtwRegistration	0x804	-
1260	explorer.exe	0xe38ff7d144d0	0x494	EtwRegistration	0x804	-
1260	explorer.exe	0xe38ff7d14690	0x498	EtwRegistration	0x804	-
1260	explorer.exe	0xe38ff7d14f50	0x49c	EtwRegistration	0x804	-
1260	explorer.exe	0xe38ff7d13a50	0x4a0	EtwRegistration	0x804	-
1260	explorer.exe	0xe38ff7d13b30	0x4a4	EtwRegistration	0x804	-
1260	explorer.exe	0xe38ff7d13c10	0x4a8	EtwRegistration	0x804	-
1260	explorer.exe	0xe38ff7d143f0	0x4ac	EtwRegistration	0x804	-
1260	explorer.exe	0xe38ff7d14a10	0x4b0	EtwRegistration	0x804	-
1260	explorer.exe	0xe38ff7d13f90	0x4b4	EtwRegistration	0x804	-
1260	explorer.exe	0xe38ff7d14070	0x4b8	EtwRegistration	0x804	-
1260	explorer.exe	0xe38ff7d14cb0	0x4bc	EtwRegistration	0x804	-
1260	explorer.exe	0xe38ff7bb2c50	0x4c0	ALPC Port	0x1f0001	-
1260	explorer.exe	0xe38001106ce0	0x4c8	File	0x100001	\Device\HarddiskVolume3\Program Files\WindowsApps\Microsoft.LanguageExperiencePacken-GB_19041.62.219.0_neutral__8wekyb3d8bbwe\Windows\System32\en-GB\ntshrui.dll.mui
1260	explorer.exe	0xe38ffbab17c0	0x4cc	IoCompletion	0x1f0003	-
1260	explorer.exe	0xe38ff91d5360	0x4d4	Event	0x1f0003	-
1260	explorer.exe	0xe38ff6ddeb20	0x4d8	EtwRegistration	0x804	-
1260	explorer.exe	0xaa0f92313b70	0x4dc	DxgkCompositionObject	0x3	-
1260	explorer.exe	0xe38ff7d16530	0x4e0	EtwRegistration	0x804	-
1260	explorer.exe	0xe38ff9448560	0x4e4	Event	0x1f0003	-
1260	explorer.exe	0xe38ff91d5660	0x4ec	Event	0x1f0003	-
1260	explorer.exe	0xe38ff8492080	0x4f0	Thread	0x1fffff	Tid 2492 Pid 1260
1260	explorer.exe	0xe38ff71c8d30	0x4f4	ALPC Port	0x1f0001	-
1260	explorer.exe	0xe38ff7d14930	0x4f8	EtwRegistration	0x804	-
1260	explorer.exe	0xe38ff7d14af0	0x4fc	EtwRegistration	0x804	-
1260	explorer.exe	0xe38ff7d17090	0x500	EtwRegistration	0x804	-
1260	explorer.exe	0xe38ffd508230	0x504	WaitCompletionPacket	0x1	-
1260	explorer.exe	0xe38ff871c4c0	0x50c	WaitCompletionPacket	0x1	-
1260	explorer.exe	0xe38ff7d15810	0x510	EtwRegistration	0x804	-
1260	explorer.exe	0xe38ff7d15e30	0x514	EtwRegistration	0x804	-
1260	explorer.exe	0xe38ff9b88960	0x518	Semaphore	0x100003	-
1260	explorer.exe	0xaa0f92551ad0	0x520	Key	0x20019	MACHINE\SOFTWARE\CLASSES\LOCAL SETTINGS\SOFTWARE\MICROSOFT\WINDOWS\CURRENTVERSION\APPMODEL\DEPLOYMENT\PACKAGE\*\S-1-5-21-77607562-1836748022-3122067425-1001\{AB88FC24-BBF3-4638-BBEE-5619951F9668}
1260	explorer.exe	0xaa0f925519c0	0x524	Key	0x10	MACHINE\SOFTWARE\CLASSES\LOCAL SETTINGS\SOFTWARE\MICROSOFT\WINDOWS\CURRENTVERSION\APPMODEL\DEPLOYMENT\PACKAGE\*\S-1-5-21-77607562-1836748022-3122067425-1001\{AB88FC24-BBF3-4638-BBEE-5619951F9668}
1260	explorer.exe	0xe38ff91d5960	0x528	Event	0x1f0003	-
1260	explorer.exe	0xe38ff69ce240	0x52c	WaitCompletionPacket	0x1	-
1260	explorer.exe	0xe38ff7d15f10	0x530	EtwRegistration	0x804	-
1260	explorer.exe	0xe38ff6a33080	0x534	Thread	0x1fffff	Tid 10388 Pid 1260
1260	explorer.exe	0xe38ff7d15c70	0x538	EtwRegistration	0x804	-
1260	explorer.exe	0xe38ff809e560	0x53c	Event	0x1f0003	-
1260	explorer.exe	0xe38ffa38e1b0	0x540	EtwRegistration	0x804	-
1260	explorer.exe	0xe38ffa3a0a50	0x544	EtwRegistration	0x804	-
1260	explorer.exe	0xe38ff7d160d0	0x550	EtwRegistration	0x804	-
1260	explorer.exe	0xe38ff7d16df0	0x554	EtwRegistration	0x804	-
1260	explorer.exe	0xe38ff7d16610	0x558	EtwRegistration	0x804	-
1260	explorer.exe	0xe38ff7d15b90	0x55c	EtwRegistration	0x804	-
1260	explorer.exe	0xe38ff7d168b0	0x560	EtwRegistration	0x804	-
1260	explorer.exe	0xe38ff7d16c30	0x564	EtwRegistration	0x804	-
1260	explorer.exe	0xe38ffc40e810	0x568	EtwRegistration	0x804	-
1260	explorer.exe	0xe38ffd746e70	0x56c	WaitCompletionPacket	0x1	-
1260	explorer.exe	0xe38ff80a0360	0x570	Event	0x1f0003	-
1260	explorer.exe	0xe38ff944ab60	0x574	Event	0x1f0003	-
1260	explorer.exe	0xe38ffcaa3770	0x578	File	0x100001	\Device\HarddiskVolume3\Program Files\WindowsApps\Microsoft.LanguageExperiencePacken-GB_19041.62.219.0_neutral__8wekyb3d8bbwe\Windows\System32\en-GB\shell32.dll.mui
1260	explorer.exe	0xe38ffe1a3530	0x57c	WaitCompletionPacket	0x1	-
1260	explorer.exe	0xe38ff7d16990	0x580	EtwRegistration	0x804	-
1260	explorer.exe	0xe38ff7d167d0	0x584	EtwRegistration	0x804	-
1260	explorer.exe	0xe38ff67089e0	0x588	Event	0x1f0003	-
1260	explorer.exe	0xe38ffc850e80	0x58c	WaitCompletionPacket	0x1	-
1260	explorer.exe	0xe38ff7d16290	0x594	EtwRegistration	0x804	-
1260	explorer.exe	0xe38ff7d16370	0x598	EtwRegistration	0x804	-
1260	explorer.exe	0xe38ffcaab150	0x59c	File	0x100020	\Device\HarddiskVolume3\Windows\WinSxS\amd64_microsoft.windows.common-controls_6595b64144ccf1df_6.0.19041.6456_none_60b8a6cb71f64256
1260	explorer.exe	0xe38ff7d158f0	0x5a4	EtwRegistration	0x804	-
1260	explorer.exe	0xe38ff91d6560	0x5a8	Event	0x1f0003	-
1260	explorer.exe	0xe38ff7d17180	0x5ac	IoCompletion	0x1f0003	-
1260	explorer.exe	0xe38ff7d15730	0x5b0	EtwRegistration	0x804	-
1260	explorer.exe	0xe38ff91d6ee0	0x5b4	Event	0x1f0003	-
1260	explorer.exe	0xe38ff73bf540	0x5b8	Thread	0x1fffff	Tid 4776 Pid 1260
1260	explorer.exe	0xe38ff27c5730	0x5bc	Event	0x100000	TermSrvReadyEvent
1260	explorer.exe	0xe38ff87a7d60	0x5c0	ALPC Port	0x1f0001	-
1260	explorer.exe	0xe38ff7d15ab0	0x5c4	EtwRegistration	0x804	-
1260	explorer.exe	0xe38ff7d159d0	0x5c8	EtwRegistration	0x804	-
1260	explorer.exe	0xe38ff9b95be0	0x5d0	Event	0x1f0003	-
1260	explorer.exe	0xe38ff7d18c90	0x5d4	EtwRegistration	0x804	-
1260	explorer.exe	0xe38ffc0cebe0	0x5d8	Event	0x1f0003	-
1260	explorer.exe	0xe38ff7d18670	0x5dc	EtwRegistration	0x804	-
1260	explorer.exe	0xe38ff7b35390	0x5e0	EtwRegistration	0x804	-
1260	explorer.exe	0xe38ff9b48230	0x5e4	Semaphore	0x100003	CDP_CALLBACK_9AF26590-39CB-7E7D-F8D3-E24E734A9411
1260	explorer.exe	0xe38ff86dbc60	0x5e8	Event	0x1f0003	-
1260	explorer.exe	0xe38ff6a1b2a0	0x5ec	File	0x100001	\Device\HarddiskVolume3\Program Files\WindowsApps\Microsoft.LanguageExperiencePacken-GB_19041.62.219.0_neutral__8wekyb3d8bbwe\Windows\System32\en-GB\propsys.dll.mui
1260	explorer.exe	0xe38ffcaa4580	0x5f4	File	0x120089	\Device\DeviceApi\CMApi
1260	explorer.exe	0xe38ff7d15d50	0x5f8	EtwRegistration	0x804	-
1260	explorer.exe	0xe38ff7d182f0	0x5fc	EtwRegistration	0x804	-
1260	explorer.exe	0xe38ff7d18830	0x600	EtwRegistration	0x804	-
1260	explorer.exe	0xe38ff7d18750	0x604	EtwRegistration	0x804	-
1260	explorer.exe	0xe38ff7d18bb0	0x608	EtwRegistration	0x804	-
1260	explorer.exe	0xe38ff7d17250	0x60c	EtwRegistration	0x804	-
1260	explorer.exe	0xe38ff7d17330	0x610	EtwRegistration	0x804	-
1260	explorer.exe	0xe38ff91d5f60	0x614	Event	0x1f0003	-
1260	explorer.exe	0xe38ff6f80380	0x618	Mutant	0x1f0001	-
1260	explorer.exe	0xe38ff6823510	0x61c	ALPC Port	0x1f0001	-
1260	explorer.exe	0xe38ff7b359b0	0x620	EtwRegistration	0x804	-
1260	explorer.exe	0xe38ff9451be0	0x624	Event	0x1f0003	-
1260	explorer.exe	0xe38ff8206b60	0x628	WaitCompletionPacket	0x1	-
1260	explorer.exe	0xe38ff7d17870	0x630	EtwRegistration	0x804	-
1260	explorer.exe	0xe38ff809a770	0x634	Timer	0x1f0003	-
1260	explorer.exe	0xe38ff85cea80	0x638	ALPC Port	0x1f0001	-
1260	explorer.exe	0xe38ff809a410	0x63c	Timer	0x1f0003	-
1260	explorer.exe	0xe38ffcaa7460	0x640	File	0x120089	\Device\HarddiskVolume3\Windows\Fonts\StaticCache.dat
1260	explorer.exe	0xe38ff9169330	0x644	Event	0x100002	StateRepository.SecondaryTileUserNotificationChannel.{2F946C5D-0787-4694-8A7E-CC33F7C6645F}
1260	explorer.exe	0xe38ff7d17f70	0x648	EtwRegistration	0x804	-
1260	explorer.exe	0xe38ff9168430	0x64c	Event	0x100002	StateRepository.PrimaryTileUserNotificationChannel.{4E5BFACF-1C7E-4CAC-9656-641EC3D50754}
1260	explorer.exe	0xaa0f92551360	0x650	Key	0x20019	MACHINE\SOFTWARE\MICROSOFT\WINDOWS\CURRENTVERSION\EXPLORER\FOLDERDESCRIPTIONS\{F38BF404-1D43-42F2-9305-67DE0B28FC23}\PROPERTYBAG
1260	explorer.exe	0xaa0f925508c0	0x654	Key	0x20019	MACHINE\SOFTWARE\MICROSOFT\WINDOWS\CURRENTVERSION\EXPLORER\FOLDERDESCRIPTIONS\{1AC14E77-02E7-4E5D-B744-2EB1AE5198B7}\PROPERTYBAG
1260	explorer.exe	0xe38ffcaa7780	0x660	File	0x100001	\Device\HarddiskVolume3\Program Files\WindowsApps\Microsoft.LanguageExperiencePacken-GB_19041.62.219.0_neutral__8wekyb3d8bbwe\Windows\System32\en-GB\oleaccrc.dll.mui
1260	explorer.exe	0xe38ff7d183d0	0x664	EtwRegistration	0x804	-
1260	explorer.exe	0xaa0f7c0a0b30	0x668	Section	0x4	Theme4244698239
1260	explorer.exe	0xaa0f7c0a0bf0	0x66c	Section	0x4	Theme3920430053
1260	explorer.exe	0xe38ff7d174f0	0x670	EtwRegistration	0x804	-
1260	explorer.exe	0xe38ff73bf540	0x674	Thread	0x1fffff	Tid 4776 Pid 1260
1260	explorer.exe	0xaa0f86e13330	0x678	Section	0xf0005	-
1260	explorer.exe	0xe38ff7d18210	0x67c	EtwRegistration	0x804	-
1260	explorer.exe	0xaa0f85e5ac10	0x680	Section	0x6	windows_ie_global_counters
1260	explorer.exe	0xe38ff7d18910	0x684	EtwRegistration	0x804	-
1260	explorer.exe	0xaa0f8a5160d0	0x688	Section	0xf0007	-
1260	explorer.exe	0xe38ff82512d0	0x68c	ALPC Port	0x1f0001	-
1260	explorer.exe	0xe38ff7e48c60	0x690	Event	0x1f0003	-
1260	explorer.exe	0xe38ff6c7dd10	0x694	WaitCompletionPacket	0x1	-
1260	explorer.exe	0xaa0f92551250	0x698	Key	0x20019	USER\S-1-5-21-77607562-1836748022-3122067425-1001\SOFTWARE\MICROSOFT\WINDOWS\CURRENTVERSION\EXPLORER\FILEEXTS
1260	explorer.exe	0xe38ff93a8440	0x6a0	File	0x100081	\Device\HarddiskVolume3\Users\Patrick\AppData\Roaming\Microsoft\Windows\Printer Shortcuts
1260	explorer.exe	0xaa0f7e614650	0x6a4	Section	0x4	C:*ProgramData*Microsoft*Windows*Caches*{6AF0698E-D558-4F6E-9B3C-3716689AF493}.2.ver0x0000000000000002.db
1260	explorer.exe	0xe38ff91d9260	0x6a8	Event	0x1f0003	-
1260	explorer.exe	0xaa0f7e614f50	0x6ac	Section	0x4	C:*ProgramData*Microsoft*Windows*Caches*cversions.2.ro
1260	explorer.exe	0xe38ff6c7ec80	0x6b0	WaitCompletionPacket	0x1	-
1260	explorer.exe	0xaa0f7e614f50	0x6b4	Section	0x4	C:*ProgramData*Microsoft*Windows*Caches*cversions.2.ro
1260	explorer.exe	0xe38ff91d93e0	0x6b8	Event	0x1f0003	-
1260	explorer.exe	0xe38ff7d17410	0x6bc	EtwRegistration	0x804	-
1260	explorer.exe	0xaa0f7e616ed0	0x6c0	Section	0x4	C:*ProgramData*Microsoft*Windows*Caches*{DDF571F2-BE98-426D-8288-1A9A39C3FDA2}.2.ver0x0000000000000002.db
1260	explorer.exe	0xe38ff7d18d70	0x6c4	EtwRegistration	0x804	-
1260	explorer.exe	0xe38ff91d95e0	0x6c8	Event	0x1f0003	-
1260	explorer.exe	0xe38ff6c7ce70	0x6cc	WaitCompletionPacket	0x1	-
1260	explorer.exe	0xaa0f92824130	0x6d0	Section	0x0	-
1260	explorer.exe	0xe38ff818c240	0x6d8	ALPC Port	0x1f0001	-
1260	explorer.exe	0xe38ff7d17950	0x6dc	EtwRegistration	0x804	-
1260	explorer.exe	0xe38ff7d189f0	0x6e4	EtwRegistration	0x804	-
1260	explorer.exe	0xaa0f82203100	0x6e8	Key	0x20019	USER\S-1-5-21-77607562-1836748022-3122067425-1001_CLASSES\LOCAL SETTINGS\SOFTWARE\MICROSOFT\WINDOWS\SHELL\BAGS\ALLFOLDERS\SHELL
1260	explorer.exe	0xaa0f9254ee30	0x6ec	Key	0x20019	MACHINE\SOFTWARE\MICROSOFT\WINDOWS\CURRENTVERSION\EXPLORER\FOLDERDESCRIPTIONS\{FDD39AD0-238F-46AF-ADB4-6C85480369C7}\PROPERTYBAG
1260	explorer.exe	0xe38ff7d17e90	0x6f0	EtwRegistration	0x804	-
1260	explorer.exe	0xaa0f9254f380	0x6f4	Key	0x20019	MACHINE\SOFTWARE\CLASSES\PACKAGEDCOM
1260	explorer.exe	0xe38ff7d190f0	0x6f8	EtwRegistration	0x804	-
1260	explorer.exe	0xaa0f92550150	0x6fc	Key	0x20019	MACHINE\SOFTWARE\CLASSES\PACKAGEDCOM\CLASSINDEX
1260	explorer.exe	0xe38ff73bf540	0x700	Thread	0x1fffff	Tid 4776 Pid 1260
1260	explorer.exe	0xe38ffa723390	0x704	File	0x100001	\Device\HarddiskVolume3\Program Files\WindowsApps\Microsoft.LanguageExperiencePacken-GB_19041.62.219.0_neutral__8wekyb3d8bbwe\Windows\System32\en-GB\windows.storage.dll.mui
1260	explorer.exe	0xe38ff6c7d900	0x708	WaitCompletionPacket	0x1	-
1260	explorer.exe	0xe38ff6c7db70	0x70c	WaitCompletionPacket	0x1	-
1260	explorer.exe	0xe38ff9114fe0	0x710	Event	0x1f0003	-
1260	explorer.exe	0xe38ff6c7daa0	0x714	WaitCompletionPacket	0x1	-
1260	explorer.exe	0xe38ff91d6360	0x718	Event	0x1f0003	-
1260	explorer.exe	0xe38ff7d19d30	0x71c	EtwRegistration	0x804	-
1260	explorer.exe	0xe38ffaa5a730	0x720	IoCompletionReserve	0xf0003	-
1260	explorer.exe	0xe38ff7d17a30	0x724	EtwRegistration	0x804	-
1260	explorer.exe	0xe38ff7d17b10	0x728	EtwRegistration	0x804	-
1260	explorer.exe	0xe38ff6c7dde0	0x72c	WaitCompletionPacket	0x1	-
1260	explorer.exe	0xe38ff8594d30	0x730	ALPC Port	0x1f0001	-
1260	explorer.exe	0xe38ff6c7e2c0	0x734	WaitCompletionPacket	0x1	-
1260	explorer.exe	0xe38ff7d17bf0	0x738	EtwRegistration	0x804	-
1260	explorer.exe	0xe38ff7d1a7b0	0x73c	EtwRegistration	0x804	-
1260	explorer.exe	0xe38ff91dbae0	0x740	Event	0x1f0003	-
1260	explorer.exe	0xe38ff7d19630	0x744	EtwRegistration	0x804	-
1260	explorer.exe	0xe38ff7d19ef0	0x748	EtwRegistration	0x804	-
1260	explorer.exe	0xe38ff6c83a80	0x74c	WaitCompletionPacket	0x1	-
1260	explorer.exe	0xe38ff91dc760	0x750	Event	0x1f0003	-
1260	explorer.exe	0xe38ff91dc760	0x754	Event	0x1f0003	-
1260	explorer.exe	0xe38ff7d1a430	0x758	EtwRegistration	0x804	-
1260	explorer.exe	0xe38ff7d1a6d0	0x75c	EtwRegistration	0x804	-
1260	explorer.exe	0xe38ff91dc860	0x760	Event	0x1f0003	-
1260	explorer.exe	0xe38ff91dcce0	0x764	Event	0x1f0003	-
1260	explorer.exe	0xe38ff7d19390	0x768	EtwRegistration	0x804	-
1260	explorer.exe	0xaa0f925507b0	0x76c	Key	0x10	USER\S-1-5-21-77607562-1836748022-3122067425-1001\SOFTWARE\MICROSOFT\WINDOWS\CURRENTVERSION\SEARCH
1260	explorer.exe	0xe38ffa946cb0	0x770	Composition	0x20003	-
1260	explorer.exe	0xe38ff7d1a510	0x774	EtwRegistration	0x804	-
1260	explorer.exe	0xe38ff91de160	0x778	Event	0x1f0003	-
1260	explorer.exe	0xe38ff6c857c0	0x77c	WaitCompletionPacket	0x1	-
1260	explorer.exe	0xe38ff2111080	0x780	Thread	0x1002	Tid 9864 Pid 1260
1260	explorer.exe	0xaa0f92555870	0x784	Key	0x20019	USER\S-1-5-21-77607562-1836748022-3122067425-1001_CLASSES\ACTIVATABLECLASSES\PACKAGE\MICROSOFT.WINDOWS.SEARCH_1.14.18.19041_NEUTRAL_NEUTRAL_CW5N1H2TXYEWY
1260	explorer.exe	0xe38ff91defe0	0x788	Event	0x1f0003	-
1260	explorer.exe	0xaa0f9254bb30	0x78c	Key	0x10	USER\S-1-5-21-77607562-1836748022-3122067425-1001\SOFTWARE\MICROSOFT\EDGE\PROFILES
1260	explorer.exe	0xe38ff6c84920	0x790	WaitCompletionPacket	0x1	-
1260	explorer.exe	0xe38ff91df060	0x794	Event	0x1f0003	-
1260	explorer.exe	0xe38ff91dd5e0	0x798	Event	0x1f0003	-
1260	explorer.exe	0xe38ff7d192c0	0x79c	IoCompletion	0x1f0003	-
1260	explorer.exe	0xe38ff2111080	0x7a0	Thread	0x1fffff	Tid 9864 Pid 1260
1260	explorer.exe	0xe38ff91dd560	0x7a4	Event	0x1f0003	-
1260	explorer.exe	0xaa0f92555540	0x7a8	Key	0x20019	MACHINE\SOFTWARE\CLASSES\ACTIVATABLECLASSES
1260	explorer.exe	0xe38ff7d19470	0x7ac	EtwRegistration	0x804	-
1260	explorer.exe	0xe38ff8391080	0x7b0	Thread	0x1fffff	Tid 8556 Pid 1260
1260	explorer.exe	0xe38ff8391080	0x7b4	Thread	0x1fffff	Tid 8556 Pid 1260
1260	explorer.exe	0xe38ff7d1a600	0x7b8	IoCompletion	0x1f0003	-
1260	explorer.exe	0xaa0f92550260	0x7bc	Key	0x10	MACHINE\SOFTWARE\CLASSES\CLSID\{A8CDFF1C-4878-43BE-B5FD-F8091C1C60D0}\INSTANCE
1260	explorer.exe	0xe38ff91de7e0	0x7c0	Event	0x1f0003	-
1260	explorer.exe	0xe38ffa729ab0	0x7c4	File	0x100003	\Device\FltMgrMsg
1260	explorer.exe	0xaa0f92554770	0x7c8	Key	0x20019	USER\S-1-5-21-77607562-1836748022-3122067425-1001_CLASSES\ACTIVATABLECLASSES
1260	explorer.exe	0xe38ff7d19550	0x7cc	EtwRegistration	0x804	-
1260	explorer.exe	0xe38ff7aa33d0	0x7d0	Event	0x100000	CfProgressEvent
1260	explorer.exe	0xe38ff91de2e0	0x7d4	Event	0x1f0003	-
1260	explorer.exe	0xe38ff809bbb0	0x7d8	Timer	0x1f0003	-
1260	explorer.exe	0xe38ff91de660	0x7dc	Event	0x1f0003	-
1260	explorer.exe	0xaa0f92550e10	0x7e0	Key	0x10	MACHINE\SOFTWARE\CLASSES\CLSID\{B4BFCC3A-DB2C-424C-B029-7FE99A87C641}\INSTANCE
1260	explorer.exe	0xaa0f925506a0	0x7e4	Key	0x10	MACHINE\SOFTWARE\MICROSOFT\WINDOWS\CURRENTVERSION\EXPLORER\DESKTOP\NAMESPACE
1260	explorer.exe	0xe38ff91de760	0x7e8	Event	0x1f0003	-
1260	explorer.exe	0xe38ff6c84370	0x7ec	WaitCompletionPacket	0x1	-
1260	explorer.exe	0xaa0f92551580	0x7f0	Key	0x10	USER\S-1-5-21-77607562-1836748022-3122067425-1001\SOFTWARE\MICROSOFT\WINDOWS\CURRENTVERSION\EXPLORER\DESKTOP\NAMESPACE
1260	explorer.exe	0xe38ff91de860	0x7f4	Event	0x1f0003	-
1260	explorer.exe	0xe38ff6c85480	0x7f8	WaitCompletionPacket	0x1	-
1260	explorer.exe	0xaa0f92550ae0	0x7fc	Key	0x10	MACHINE\SOFTWARE\MICROSOFT\WINDOWS\CURRENTVERSION\EXPLORER\DESKTOP\NAMESPACE\DELEGATEFOLDERS
1260	explorer.exe	0xe38ff91de8e0	0x804	Event	0x1f0003	-
1260	explorer.exe	0xe38ff6c85960	0x808	WaitCompletionPacket	0x1	-
1260	explorer.exe	0xe38ff7d1a890	0x810	EtwRegistration	0x804	-
1260	explorer.exe	0xe38ff84f0350	0x814	ALPC Port	0x1f0001	-
1260	explorer.exe	0xe38ff8c02080	0x81c	Thread	0x1fffff	Tid 4916 Pid 1260
1260	explorer.exe	0xe38ff79e5300	0x824	IoCompletionReserve	0xf0003	-
1260	explorer.exe	0xe38ffc0d1260	0x828	Event	0x1f0003	-
1260	explorer.exe	0xe38ff7808be0	0x830	Event	0x1f0003	-
1260	explorer.exe	0xaa0f7e605950	0x834	Section	0x4	C:*Users*Patrick*AppData*Local*Microsoft*Windows*Caches*cversions.3.ro
1260	explorer.exe	0xe38ff7d18f30	0x83c	EtwRegistration	0x804	-
1260	explorer.exe	0xe38ff66fb920	0x840	WaitCompletionPacket	0x1	-
1260	explorer.exe	0xe38ff66f8520	0x844	WaitCompletionPacket	0x1	-
1260	explorer.exe	0xe38ff74e5080	0x848	Thread	0x1fffff	Tid 10236 Pid 1260
1260	explorer.exe	0xe38ff74e5080	0x84c	Thread	0x1fffff	Tid 10236 Pid 1260
1260	explorer.exe	0xe38ff7d18e50	0x850	EtwRegistration	0x804	-
1260	explorer.exe	0xe38ff7d19710	0x854	EtwRegistration	0x804	-
1260	explorer.exe	0xe38ff7d35e10	0x858	EtwRegistration	0x804	-
1260	explorer.exe	0xe38ff7814ce0	0x860	Semaphore	0x100003	-
1260	explorer.exe	0xaa0f7ed037f0	0x864	Section	0x0	-
1260	explorer.exe	0xe38ff9b63850	0x86c	Event	0x1f0003	HasDeferredAnimationOperations.1260.5560
1260	explorer.exe	0xe38ff80b0be0	0x870	Event	0x1f0003	-
1260	explorer.exe	0xe38ffa3a0b30	0x874	EtwRegistration	0x804	-
1260	explorer.exe	0xaa0f8c39b210	0x878	Section	0x4	C:*Users*Patrick*AppData*Local*Microsoft*Windows*Caches*{3DA71D5A-20CC-432F-A115-DFE92379E91F}.3.ver0x000000000000000e.db
1260	explorer.exe	0xaa0f92554330	0x87c	Key	0x20019	USER\S-1-5-21-77607562-1836748022-3122067425-1001_CLASSES\ACTIVATABLECLASSES\PACKAGE
1260	explorer.exe	0xe38ff91df1e0	0x880	Event	0x1f0003	-
1260	explorer.exe	0xaa0f92555650	0x884	Key	0x20019	MACHINE\SOFTWARE\CLASSES\ACTIVATABLECLASSES\PACKAGE
1260	explorer.exe	0xaa0f92554990	0x888	Key	0x20019	USER\S-1-5-21-77607562-1836748022-3122067425-1001_CLASSES\ACTIVATABLECLASSES\PACKAGE\MICROSOFTWINDOWS.CLIENT.CBS_1000.19062.1000.0_X64__CW5N1H2TXYEWY
1260	explorer.exe	0xe38ffc0c6a60	0x88c	Event	0x1f0003	-
1260	explorer.exe	0xe38ffa390d70	0x894	EtwRegistration	0x804	-
1260	explorer.exe	0xaa0f92553120	0x89c	Key	0x20019	MACHINE\SOFTWARE\POLICIES\MICROSOFT\WINDOWS\CURRENTVERSION\INTERNET SETTINGS
1260	explorer.exe	0xaa0f92554110	0x8a0	Key	0x20019	USER\S-1-5-21-77607562-1836748022-3122067425-1001\SOFTWARE\POLICIES\MICROSOFT\WINDOWS\CURRENTVERSION\INTERNET SETTINGS
1260	explorer.exe	0xaa0f92552ce0	0x8a4	Key	0x20019	USER\S-1-5-21-77607562-1836748022-3122067425-1001\SOFTWARE\MICROSOFT\WINDOWS\CURRENTVERSION\INTERNET SETTINGS
1260	explorer.exe	0xaa0f92552130	0x8a8	Key	0x20019	MACHINE\SOFTWARE\MICROSOFT\WINDOWS\CURRENTVERSION\INTERNET SETTINGS
1260	explorer.exe	0xaa0f925539a0	0x8ac	Key	0x1	MACHINE\SOFTWARE\MICROSOFT\INTERNET EXPLORER\MAIN\FEATURECONTROL
1260	explorer.exe	0xaa0f92552df0	0x8b0	Key	0x1	USER\S-1-5-21-77607562-1836748022-3122067425-1001\SOFTWARE\MICROSOFT\INTERNET EXPLORER\MAIN\FEATURECONTROL
1260	explorer.exe	0xaa0f92554cc0	0x8b4	Key	0x20019	A\{DCE6C840-1126-40E5-AE5A-AEED50B6D5F3}
1260	explorer.exe	0xaa0f92555a90	0x8b8	Key	0x10	USER\S-1-5-21-77607562-1836748022-3122067425-1001\SOFTWARE\MICROSOFT\WINDOWS\CURRENTVERSION\SEARCHSETTINGS\APPEARANCE\CURRENT
1260	explorer.exe	0xaa0f92555980	0x8bc	Key	0x20019	A\{D57EECCA-7FF0-4524-AE30-6ECA665014F8}
1260	explorer.exe	0xe38ffa37d6d0	0x8c0	EtwRegistration	0x804	-
1260	explorer.exe	0xe38ffb169340	0x8c4	File	0x100001	\Device\HarddiskVolume3\Windows\System32\en-US\KernelBase.dll.mui
1260	explorer.exe	0xe38ffe19ee80	0x8c8	WaitCompletionPacket	0x1	-
1260	explorer.exe	0xe38ff91de4e0	0x8cc	Event	0x1f0003	-
1260	explorer.exe	0xe38ffa37c710	0x8d0	EtwRegistration	0x804	-
1260	explorer.exe	0xe38ff91f43e0	0x8d4	Event	0x1f0003	-
1260	explorer.exe	0xe38ffe1a0610	0x8d8	WaitCompletionPacket	0x1	-
1260	explorer.exe	0xe38ff91f43e0	0x8dc	Event	0x1f0003	-
1260	explorer.exe	0xe38ff91f4860	0x8e0	Event	0x1f0003	-
1260	explorer.exe	0xe38ff91f48e0	0x8e4	Event	0x1f0003	-
1260	explorer.exe	0xaa0f92556b90	0x8e8	Key	0x10	USER\S-1-5-21-77607562-1836748022-3122067425-1001\SOFTWARE\MICROSOFT\WINDOWS\CURRENTVERSION\SEARCH
1260	explorer.exe	0xe38ffa948d30	0x8ec	Composition	0x20003	-
1260	explorer.exe	0xe38ff91f4ae0	0x8f0	Event	0x1f0003	-
1260	explorer.exe	0xe38ffe1a0af0	0x8f4	WaitCompletionPacket	0x1	-
1260	explorer.exe	0xe38ff91f4be0	0x8f8	Event	0x1f0003	-
1260	explorer.exe	0xe38ff6924f80	0x8fc	IoCompletion	0x1f0003	-
1260	explorer.exe	0xe38ffa37e5b0	0x900	EtwRegistration	0x804	-
1260	explorer.exe	0xe38ffa37e930	0x904	EtwRegistration	0x804	-
1260	explorer.exe	0xaa0f92554660	0x908	Key	0x10	USER\S-1-5-21-77607562-1836748022-3122067425-1001\SOFTWARE\MICROSOFT\EDGE\PROFILES
1260	explorer.exe	0xaa0f8494ad90	0x90c	Section	0xf0007	4ecHWNDInterface:20160
1260	explorer.exe	0xe38ffe19fd20	0x910	WaitCompletionPacket	0x1	-
1260	explorer.exe	0xe38ff8489c40	0x914	ALPC Port	0x1f0001	-
1260	explorer.exe	0xe38ffa37e3f0	0x918	EtwRegistration	0x804	-
1260	explorer.exe	0xaa0f8494ad90	0x91c	Section	0xf0007	4ecHWNDInterface:20160
1260	explorer.exe	0xe38ffa37e230	0x920	EtwRegistration	0x804	-
1260	explorer.exe	0xe38ffa37f3b0	0x924	EtwRegistration	0x804	-
1260	explorer.exe	0xaa0fa8496490	0x928	Section	0xf0007	4ecHWNDInterface:9069e
1260	explorer.exe	0xe38ff86e4660	0x92c	Event	0x1f0003	-
1260	explorer.exe	0xe38ffa37f490	0x930	EtwRegistration	0x804	-
1260	explorer.exe	0xe38ffa37df90	0x934	EtwRegistration	0x804	-
1260	explorer.exe	0xe38ffa37ea10	0x938	EtwRegistration	0x804	-
1260	explorer.exe	0xe38ffa37ee70	0x93c	EtwRegistration	0x804	-
1260	explorer.exe	0xe38ffa37ebd0	0x940	EtwRegistration	0x804	-
1260	explorer.exe	0xe38ffa37ed90	0x944	EtwRegistration	0x804	-
1260	explorer.exe	0xe38ffa37dcf0	0x948	EtwRegistration	0x804	-
1260	explorer.exe	0xe38ffcaa8720	0x94c	File	0x100020	\Device\HarddiskVolume3\Windows\WinSxS\amd64_microsoft.windows.common-controls_6595b64144ccf1df_6.0.19041.6456_none_60b8a6cb71f64256
1260	explorer.exe	0xe38ff9105660	0x954	Event	0x1f0003	-
1260	explorer.exe	0xe38ff7bd64e0	0x958	Event	0x100000	-
1260	explorer.exe	0xaa0f7e6048d0	0x95c	Section	0xf0007	4ecHWNDInterface:20172
1260	explorer.exe	0xaa0f7e6048d0	0x960	Section	0xf0007	4ecHWNDInterface:20172
1260	explorer.exe	0xe38ffa37e150	0x964	EtwRegistration	0x804	-
1260	explorer.exe	0xe38ffa37ef50	0x968	EtwRegistration	0x804	-
1260	explorer.exe	0xe38ffa37db30	0x96c	EtwRegistration	0x804	-
1260	explorer.exe	0xaa0f7e604b10	0x970	Section	0xf0007	4ecHWNDInterface:2016c
1260	explorer.exe	0xaa0f7e604b10	0x974	Section	0xf0007	4ecHWNDInterface:2016c
1260	explorer.exe	0xe38ff9106460	0x978	Event	0x1f0003	-
1260	explorer.exe	0xe38ff9106360	0x97c	Semaphore	0x1f0003	-
1260	explorer.exe	0xe38ff9106b60	0x980	Event	0x1f0003	-
1260	explorer.exe	0xaa0f92556420	0x984	Key	0x20019	MACHINE\SOFTWARE\MICROSOFT\WINDOWS\CURRENTVERSION\EXPLORER\FOLDERDESCRIPTIONS\{FD228CB7-AE11-4AE3-864C-16F3910AB8FE}\PROPERTYBAG
1260	explorer.exe	0xe38ff9106960	0x988	Event	0x1f0003	-
1260	explorer.exe	0xe38ffa37e070	0x98c	EtwRegistration	0x804	-
1260	explorer.exe	0xe38ffa380990	0x990	EtwRegistration	0x804	-
1260	explorer.exe	0xe38ffa380d10	0x994	EtwRegistration	0x804	-
1260	explorer.exe	0xe38ffa37f650	0x998	EtwRegistration	0x804	-
1260	explorer.exe	0xe38ffa37f9d0	0x99c	EtwRegistration	0x804	-
1260	explorer.exe	0xe38ffa37fc70	0x9a0	EtwRegistration	0x804	-
1260	explorer.exe	0xe38ffa380ed0	0x9a4	EtwRegistration	0x804	-
1260	explorer.exe	0xe38ff9107060	0x9a8	Event	0x1f0003	-
1260	explorer.exe	0xe38ff6a31080	0x9ac	Thread	0x1fffff	Tid 4272 Pid 1260
1260	explorer.exe	0xe38ff9106660	0x9b0	Event	0x1f0003	-
1260	explorer.exe	0xe38ffa3800c0	0x9b4	IoCompletion	0x1f0003	-
1260	explorer.exe	0xe38ff88999b0	0x9b8	ALPC Port	0x1f0001	-
1260	explorer.exe	0xe38ffa3808b0	0x9bc	EtwRegistration	0x804	-
1260	explorer.exe	0xe38ff9b6e870	0x9c0	Mutant	0x1f0001	-
1260	explorer.exe	0xe38ff9b6db50	0x9c4	Mutant	0x1f0001	-
1260	explorer.exe	0xe38ffcaac0f0	0x9c8	File	0x120089	\Device\HarddiskVolume3\Windows\SystemApps\Microsoft.Windows.Search_cw5n1h2txyewy\Assets\BaselineGleamSparkles.svg
1260	explorer.exe	0xe38ffcaac0f0	0x9cc	File	0x120089	\Device\HarddiskVolume3\Windows\SystemApps\Microsoft.Windows.Search_cw5n1h2txyewy\Assets\BaselineGleamSparkles.svg
1260	explorer.exe	0xe38ff9107fe0	0x9d0	Event	0x1f0003	-
1260	explorer.exe	0xe38ffe1a2350	0x9d4	WaitCompletionPacket	0x1	-
1260	explorer.exe	0xe38ff78586d0	0x9d8	EtwRegistration	0x804	-
1260	explorer.exe	0xe38ff73bf540	0x9dc	Thread	0x1fffff	Tid 4776 Pid 1260
1260	explorer.exe	0xe38ff747c6f0	0x9e0	ALPC Port	0x1f0001	[CoreUI]-PID(1260)-TID(4776) a13f6b70-fca7-4248-9536-26a9c0bfc517
1260	explorer.exe	0xe38ffe1a2760	0x9e4	WaitCompletionPacket	0x1	-
1260	explorer.exe	0xe38ff7af2c50	0x9e8	ALPC Port	0x1f0001	-
1260	explorer.exe	0xe38ffe1a2830	0x9ec	WaitCompletionPacket	0x1	-
1260	explorer.exe	0xe38ffa37ff10	0x9f0	EtwRegistration	0x804	-
1260	explorer.exe	0xe38ff7810c60	0x9f4	Semaphore	0x1f0003	-
1260	explorer.exe	0xe38ff80b0960	0x9f8	Event	0x1f0003	-
1260	explorer.exe	0xaa0f899098d0	0x9fc	Section	0x0	-
1260	explorer.exe	0xaa0f8494b810	0xa00	Section	0xf0007	4ecHWNDInterface:20168
1260	explorer.exe	0xe38ff910b1e0	0xa08	Event	0x1f0003	-
1260	explorer.exe	0xe38ff7b383b0	0xa0c	EtwRegistration	0x804	-
1260	explorer.exe	0xaa0f86448a30	0xa10	Section	0x0	-
1260	explorer.exe	0xe38ffcaa99e0	0xa14	File	0x100020	\Device\HarddiskVolume3\Windows\WinSxS\amd64_microsoft.windows.common-controls_6595b64144ccf1df_6.0.19041.6456_none_60b8a6cb71f64256
1260	explorer.exe	0xaa0f92556a80	0xa18	Key	0x2001f	USER\S-1-5-21-77607562-1836748022-3122067425-1001\SOFTWARE\MICROSOFT\WINDOWS\SHELL
1260	explorer.exe	0xaa0f8494b810	0xa20	Section	0xf0007	4ecHWNDInterface:20168
1260	explorer.exe	0xaa0f92556ca0	0xa24	Key	0x20019	USER\S-1-5-21-77607562-1836748022-3122067425-1001\SOFTWARE\MICROSOFT\WINDOWS\SHELL\BAGS\1\DESKTOP
1260	explorer.exe	0xe38ff8c02080	0xa30	Thread	0x1fffff	Tid 4916 Pid 1260
1260	explorer.exe	0xe38ff72c89b0	0xa34	ALPC Port	0x1f0001	-
1260	explorer.exe	0xe38ffbf278d0	0xa38	EtwRegistration	0x804	-
1260	explorer.exe	0xe38ff910dae0	0xa3c	Event	0x1f0003	-
1260	explorer.exe	0xe38ff89a8080	0xa40	Thread	0x1fffff	Tid 9800 Pid 1260
1260	explorer.exe	0xe38ff910e9e0	0xa44	Event	0x1f0003	-
1260	explorer.exe	0xe38ff81a8070	0xa48	ALPC Port	0x1f0001	-
1260	explorer.exe	0xe38ff67267b0	0xa4c	Mutant	0x1f0001	SessionImmersiveColorMutex
1260	explorer.exe	0xaa0f7c16e2b0	0xa50	Section	0xf001f	SessionImmersiveColorPreference
1260	explorer.exe	0xe38ffa37fab0	0xa54	EtwRegistration	0x804	-
1260	explorer.exe	0xe38ffa37f8f0	0xa58	EtwRegistration	0x804	-
1260	explorer.exe	0xe38ff7bbf300	0xa5c	ALPC Port	0x1f0001	-
1260	explorer.exe	0xaa0f92556ec0	0xa60	Key	0x20019	MACHINE\SOFTWARE\MICROSOFT\WINDOWS\SHELL
1260	explorer.exe	0xaa0f92557520	0xa64	Key	0x2001f	USER\S-1-5-21-77607562-1836748022-3122067425-1001_CLASSES\LOCAL SETTINGS\SOFTWARE\MICROSOFT\WINDOWS\SHELL
1260	explorer.exe	0xe38ffa727b70	0xa68	File	0x100020	\Device\HarddiskVolume3\Windows\WinSxS\amd64_microsoft.windows.common-controls_6595b64144ccf1df_6.0.19041.6456_none_60b8a6cb71f64256
1260	explorer.exe	0xe38ff910e3e0	0xa6c	Event	0x1f0003	-
1260	explorer.exe	0xe38ff22a65c0	0xa70	Timer	0x1f0003	-
1260	explorer.exe	0xe38ff22a9350	0xa74	Timer	0x1f0003	-
1260	explorer.exe	0xe38ff910e360	0xa78	Event	0x1f0003	-
1260	explorer.exe	0xe38ff6c92c00	0xa7c	ALPC Port	0x1f0001	-
1260	explorer.exe	0xe38ff83a0c00	0xa80	ALPC Port	0x1f0001	-
1260	explorer.exe	0xe38ff8492080	0xa84	Thread	0x1fffff	Tid 2492 Pid 1260
1260	explorer.exe	0xe38ff910e6e0	0xa8c	Event	0x1f0003	-
1260	explorer.exe	0xe38ffa380370	0xa90	EtwRegistration	0x804	-
1260	explorer.exe	0xe380009108e0	0xa94	Event	0x1f0003	-
1260	explorer.exe	0xe38ff860ba90	0xa98	EtwRegistration	0x804	-
1260	explorer.exe	0xe38ffa37fb80	0xa9c	IoCompletion	0x1f0003	-
1260	explorer.exe	0xe38ff910dce0	0xaa0	Event	0x1f0003	-
1260	explorer.exe	0xe38ff910d560	0xaa4	Event	0x1f0003	-
1260	explorer.exe	0xe38ff910f160	0xaa8	Event	0x1f0003	-
1260	explorer.exe	0xe38ff910dde0	0xab0	Event	0x1f0003	-
1260	explorer.exe	0xe38ff910e960	0xab4	Event	0x1f0003	-
1260	explorer.exe	0xe38ff87e2080	0xab8	Thread	0x1fffff	Tid 6428 Pid 1260
1260	explorer.exe	0xe38ffe1a3600	0xabc	WaitCompletionPacket	0x1	-
1260	explorer.exe	0xe38ffe1a4160	0xac0	WaitCompletionPacket	0x1	-
1260	explorer.exe	0xe38ff8492080	0xac4	Thread	0x1fffff	Tid 2492 Pid 1260
1260	explorer.exe	0xe38ffe1a4300	0xac8	WaitCompletionPacket	0x1	-
1260	explorer.exe	0xe38ffaa5e0f0	0xacc	IoCompletionReserve	0xf0003	-
1260	explorer.exe	0xe38ff8492080	0xad0	Thread	0x1fffff	Tid 2492 Pid 1260
1260	explorer.exe	0xe38ff87a0090	0xad4	ALPC Port	0x1f0001	[CoreUI]-PID(1260)-TID(2492) 22c32568-7d0b-40bb-b070-6013d074727d
1260	explorer.exe	0xe38ffe1a4570	0xad8	WaitCompletionPacket	0x1	-
1260	explorer.exe	0xe38ff7be9c00	0xadc	ALPC Port	0x1f0001	-
1260	explorer.exe	0xe38ffe1a4980	0xae0	WaitCompletionPacket	0x1	-
1260	explorer.exe	0xe38ff910ede0	0xae4	Event	0x1f0003	-
1260	explorer.exe	0xe38ff910e8e0	0xae8	Event	0x1f0003	-
1260	explorer.exe	0xe38ffa380290	0xaec	EtwRegistration	0x804	-
1260	explorer.exe	0xe38ffa37fe30	0xaf0	EtwRegistration	0x804	-
1260	explorer.exe	0xe38ffe1a3e20	0xaf4	WaitCompletionPacket	0x1	-
1260	explorer.exe	0xe38ff89a8080	0xaf8	Thread	0x1fffff	Tid 9800 Pid 1260
1260	explorer.exe	0xe38ffe1a1990	0xafc	WaitCompletionPacket	0x1	-
1260	explorer.exe	0xe38ff85d42c0	0xb08	ALPC Port	0x1f0001	-
1260	explorer.exe	0xe38ff809ede0	0xb0c	Event	0x1f0003	-
1260	explorer.exe	0xe38ffa3a2810	0xb14	EtwRegistration	0x804	-
1260	explorer.exe	0xe38ffa383d30	0xb24	EtwRegistration	0x804	-
1260	explorer.exe	0xe38ffa384430	0xb28	EtwRegistration	0x804	-
1260	explorer.exe	0xe38ff78bd2c0	0xb2c	ALPC Port	0x1f0001	-
1260	explorer.exe	0xe38ff91152e0	0xb30	Event	0x1f0003	-
1260	explorer.exe	0xe38ffa383e10	0xb34	EtwRegistration	0x804	-
1260	explorer.exe	0xe38ff91167e0	0xb38	Event	0x1f0003	-
1260	explorer.exe	0xe38ff91161e0	0xb3c	Event	0x1f0003	-
1260	explorer.exe	0xe38ff8090080	0xb40	Thread	0x1fffff	Tid 9760 Pid 1260
1260	explorer.exe	0xe38ffa383ef0	0xb44	EtwRegistration	0x804	-
1260	explorer.exe	0xaa0f92558ea0	0xb48	Key	0x20019	USER\S-1-5-21-77607562-1836748022-3122067425-1001\CONTROL PANEL\DESKTOP
1260	explorer.exe	0xe38ff91168e0	0xb4c	Event	0x1f0003	-
1260	explorer.exe	0xe38ffe186880	0xb50	WaitCompletionPacket	0x1	-
1260	explorer.exe	0xe38ff9116d60	0xb54	Event	0x1f0003	-
1260	explorer.exe	0xe38ff91162e0	0xb58	Event	0x1f0003	-
1260	explorer.exe	0xe38ff91164e0	0xb5c	Semaphore	0x1f0003	-
1260	explorer.exe	0xe38ffa384510	0xb60	EtwRegistration	0x804	-
1260	explorer.exe	0xe38ff9116be0	0xb64	Semaphore	0x1f0003	-
1260	explorer.exe	0xe38ffa382e50	0xb68	EtwRegistration	0x804	-
1260	explorer.exe	0xe38ffa3847b0	0xb6c	EtwRegistration	0x804	-
1260	explorer.exe	0xe38ffa3846d0	0xb70	EtwRegistration	0x804	-
1260	explorer.exe	0xe38ff9117ae0	0xb74	Event	0x1f0003	-
1260	explorer.exe	0xe38ffa385f40	0xb78	IoCompletion	0x1f0003	-
1260	explorer.exe	0xe38ff9116b60	0xb7c	Event	0x1f0003	-
1260	explorer.exe	0xe38ff8090080	0xb80	Thread	0x1fffff	Tid 9760 Pid 1260
1260	explorer.exe	0xe38ff91174e0	0xb84	Event	0x1f0003	-
1260	explorer.exe	0xe38ffbf1e790	0xb88	EtwRegistration	0x804	-
1260	explorer.exe	0xe38ffa3861f0	0xb8c	EtwRegistration	0x804	-
1260	explorer.exe	0xe38ffa385310	0xb90	EtwRegistration	0x804	-
1260	explorer.exe	0xe38ffa386110	0xb94	EtwRegistration	0x804	-
1260	explorer.exe	0xe38ffa3854d0	0xb98	EtwRegistration	0x804	-
1260	explorer.exe	0xe38ffa3862d0	0xb9c	EtwRegistration	0x804	-
1260	explorer.exe	0xe38ffa3853f0	0xba0	EtwRegistration	0x804	-
1260	explorer.exe	0xe38ffa385690	0xba4	EtwRegistration	0x804	-
1260	explorer.exe	0xe38ffa386490	0xba8	EtwRegistration	0x804	-
1260	explorer.exe	0xe38ffa386570	0xbac	EtwRegistration	0x804	-
1260	explorer.exe	0xe38ffa384a50	0xbb0	EtwRegistration	0x804	-
1260	explorer.exe	0xe38ffa384f90	0xbb4	EtwRegistration	0x804	-
1260	explorer.exe	0xe38ffa3855b0	0xbb8	EtwRegistration	0x804	-
1260	explorer.exe	0xe38ffa384b30	0xbbc	EtwRegistration	0x804	-
1260	explorer.exe	0xe38ffa385850	0xbc0	EtwRegistration	0x804	-
1260	explorer.exe	0xe38ffa385150	0xbc4	EtwRegistration	0x804	-
1260	explorer.exe	0xe38ffa385930	0xbc8	EtwRegistration	0x804	-
1260	explorer.exe	0xe38ffa385a10	0xbcc	EtwRegistration	0x804	-
1260	explorer.exe	0xaa0f9255b810	0xbd0	Key	0xf003f	USER\S-1-5-21-77607562-1836748022-3122067425-1001\SOFTWARE\MICROSOFT\WINDOWS\CURRENTVERSION\EXPLORER\SESSIONINFO\1\APPLICATIONVIEWMANAGEMENT
1260	explorer.exe	0xe38ffa385af0	0xbd4	EtwRegistration	0x804	-
1260	explorer.exe	0xe38ff91176e0	0xbd8	Event	0x1f0003	-
1260	explorer.exe	0xe38ff9118160	0xbdc	Event	0x1f0003	-
1260	explorer.exe	0xaa0f9255b0a0	0xbe0	Key	0x20019	MACHINE\SOFTWARE\MICROSOFT\WINDOWS\CURRENTVERSION\EXPLORER\FOLDERDESCRIPTIONS\{C3F2459E-80D6-45DC-BFEF-1F769F2BE730}\PROPERTYBAG
1260	explorer.exe	0xaa0f9255b700	0xbe4	Key	0x20019	MACHINE\SOFTWARE\MICROSOFT\WINDOWS\CURRENTVERSION\EXPLORER\FOLDERDESCRIPTIONS\{7C5A40EF-A0FB-4BFC-874A-C0F2E0B9FA8E}\PROPERTYBAG
1260	explorer.exe	0xe38ffa385bd0	0xbe8	EtwRegistration	0x804	-
1260	explorer.exe	0xaa0f9255ab50	0xbec	Key	0x20006	USER\S-1-5-21-77607562-1836748022-3122067425-1001\SOFTWARE\MICROSOFT\WINDOWS\SHELL\BAGS\1\DESKTOP
1260	explorer.exe	0xaa0f9255c3c0	0xbf0	Key	0x20019	MACHINE\SOFTWARE\MICROSOFT\WINDOWS\CURRENTVERSION\EXPLORER\FOLDERDESCRIPTIONS\{767E6811-49CB-4273-87C2-20F355E1085B}\PROPERTYBAG
1260	explorer.exe	0xaa0f92556530	0xbf4	Key	0x20019	MACHINE\SOFTWARE\MICROSOFT\WINDOWS\CURRENTVERSION\EXPLORER\FOLDERDESCRIPTIONS\{24D89E24-2F19-4534-9DDE-6A6671FBB8FE}\PROPERTYBAG
1260	explorer.exe	0xaa0f9255be70	0xbf8	Key	0x20019	MACHINE\SOFTWARE\MICROSOFT\WINDOWS\CURRENTVERSION\EXPLORER\FOLDERDESCRIPTIONS\{339719B5-8C47-4894-94C2-D8F77ADD44A6}\PROPERTYBAG
1260	explorer.exe	0xaa0f9255b920	0xbfc	Key	0x20019	MACHINE\SOFTWARE\MICROSOFT\WINDOWS\CURRENTVERSION\EXPLORER\FOLDERDESCRIPTIONS\{52528A6B-B9E3-4ADD-B60D-588C2DBA842D}\PROPERTYBAG
1260	explorer.exe	0xaa0f9255ad70	0xc04	Key	0x20019	MACHINE\SOFTWARE\MICROSOFT\WINDOWS\CURRENTVERSION\EXPLORER\FOLDERDESCRIPTIONS\{4BD8D571-6D19-48D3-BE97-422220080E43}\PROPERTYBAG
1260	explorer.exe	0xaa0f9255b3d0	0xc08	Key	0x20019	MACHINE\SOFTWARE\MICROSOFT\WINDOWS\CURRENTVERSION\EXPLORER\FOLDERDESCRIPTIONS\{905E63B6-C1BF-494E-B29C-65B732D3D21A}\PROPERTYBAG
1260	explorer.exe	0xaa0f9255bc50	0xc0c	Key	0x20019	MACHINE\SOFTWARE\MICROSOFT\WINDOWS\CURRENTVERSION\EXPLORER\FOLDERDESCRIPTIONS\{374DE290-123F-4565-9164-39C4925E467B}\PROPERTYBAG
1260	explorer.exe	0xaa0f9255c5e0	0xc10	Key	0x20019	MACHINE\SOFTWARE\MICROSOFT\WINDOWS\CURRENTVERSION\EXPLORER\FOLDERDESCRIPTIONS\{33E28130-4E1E-4676-835A-98395C3BC3BB}\PROPERTYBAG
1260	explorer.exe	0xe38ff6d634c0	0xc14	ALPC Port	0x1f0001	-
1260	explorer.exe	0xaa0f9255ba30	0xc18	Key	0x20019	MACHINE\SOFTWARE\MICROSOFT\WINDOWS\CURRENTVERSION\EXPLORER\FOLDERDESCRIPTIONS\{18989B1D-99B5-455B-841C-AB7C74E4DDFC}\PROPERTYBAG
1260	explorer.exe	0xe38ffa37b4b0	0xc1c	EtwRegistration	0x804	-
1260	explorer.exe	0xe38ffa37ab10	0xc20	EtwRegistration	0x804	-
1260	explorer.exe	0xe38ff9428390	0xc24	Mutant	0x1f0001	C::Users:Patrick:AppData:Local:Microsoft:Windows:Explorer:iconcache_16.db!dfMaintainer
1260	explorer.exe	0xe38ffa37a950	0xc28	EtwRegistration	0x804	-
1260	explorer.exe	0xe38ffa37aa30	0xc2c	EtwRegistration	0x804	-
1260	explorer.exe	0xe38ffa37b590	0xc30	EtwRegistration	0x804	-
1260	explorer.exe	0xe38ffa37acd0	0xc34	EtwRegistration	0x804	-
1260	explorer.exe	0xe38ffa37adb0	0xc38	EtwRegistration	0x804	-
1260	explorer.exe	0xe38ffa37b670	0xc3c	EtwRegistration	0x804	-
1260	explorer.exe	0xe38ffa37b750	0xc40	EtwRegistration	0x804	-
1260	explorer.exe	0xe38ff9117560	0xc44	Semaphore	0x1f0003	-
1260	explorer.exe	0xe38ff9117be0	0xc48	Event	0x1f0003	-
1260	explorer.exe	0xaa0f9255bd60	0xc4c	Key	0x20019	MACHINE\SOFTWARE\MICROSOFT\WINDOWS\CURRENTVERSION\EXPLORER
1260	explorer.exe	0xe38ffcd281b0	0xc50	File	0x100020	\Device\HarddiskVolume3\Windows\WinSxS\amd64_microsoft.windows.common-controls_6595b64144ccf1df_6.0.19041.6456_none_60b8a6cb71f64256
1260	explorer.exe	0xe38ffa37b830	0xc54	EtwRegistration	0x804	-
1260	explorer.exe	0xe38ffa37cb70	0xc58	EtwRegistration	0x804	-
1260	explorer.exe	0xe38ff70913e0	0xc5c	Event	0x1f0003	-
1260	explorer.exe	0xe38ff89a8a80	0xc64	ALPC Port	0x1f0001	-
1260	explorer.exe	0xaa0fab2b4b00	0xc6c	Key	0x10	MACHINE\SOFTWARE\CLASSES\CLSID\{F86FA3AB-70D2-4FC7-9C99-FCBF05467F3A}\INSTANCE
1260	explorer.exe	0xe38ffaf0e6c0	0xc84	File	0x100001	\Device\HarddiskVolume3\Windows\System32\en-US\DfsShlEx.dll.mui
1260	explorer.exe	0xaa0f9254ad60	0xc98	Key	0xf003f	USER\S-1-5-21-77607562-1836748022-3122067425-1001\SOFTWARE\MICROSOFT\WINDOWS\CURRENTVERSION\CLOUDSTORE
1260	explorer.exe	0xe3800090ebe0	0xc9c	Event	0x1f0003	-
1260	explorer.exe	0xaa0f81373290	0xca0	Section	0xf0007	4ecHWNDInterface:2017a
1260	explorer.exe	0xaa0f8640fae0	0xca4	Key	0x20019	MACHINE\SYSTEM\CONTROLSET001\CONTROL\NETWORKPROVIDER\PROVIDERORDER
1260	explorer.exe	0xaa0f81373290	0xcac	Section	0xf0007	4ecHWNDInterface:2017a
1260	explorer.exe	0xe38ff7d592c0	0xcc8	ALPC Port	0x1f0001	-
1260	explorer.exe	0xaa0f92986750	0xccc	Key	0x20019	USER\S-1-5-21-77607562-1836748022-3122067425-1001\SOFTWARE\MICROSOFT\SYSTEMCERTIFICATES\ROOT
1260	explorer.exe	0xaa0f7e7b3060	0xcd0	Token	0xf01ff	-
1260	explorer.exe	0xe38ff944afe0	0xcd8	Event	0x1f0003	-
1260	explorer.exe	0xe38ffa37c2b0	0xcdc	EtwRegistration	0x804	-
1260	explorer.exe	0xe38ffa37c1d0	0xce4	EtwRegistration	0x804	-
1260	explorer.exe	0xaa0f91616110	0xcf0	Section	0xf0007	4ecHWNDInterface:d0926
1260	explorer.exe	0xaa0f80163770	0xcf4	Key	0x20019	USER\S-1-5-21-77607562-1836748022-3122067425-1001_CLASSES\LOCAL SETTINGS\SOFTWARE\MICROSOFT\WINDOWS\SHELL\BAGS\31\SHELL
1260	explorer.exe	0xe38ff7a3b070	0xcf8	ALPC Port	0x1f0001	-
1260	explorer.exe	0xe38ffc0d7de0	0xcfc	Event	0x1f0003	-
1260	explorer.exe	0xaa0f8e259d80	0xd00	Key	0x10	MACHINE\SOFTWARE\CLASSES\CLSID\{A8CDFF1C-4878-43BE-B5FD-F8091C1C60D0}\INSTANCE
1260	explorer.exe	0xe38ff6d90860	0xd04	Event	0x1f0003	-
1260	explorer.exe	0xe38ff780c660	0xd0c	Event	0x1f0003	-
1260	explorer.exe	0xe38ffd022bc0	0xd18	File	0x12019f	\Device\HarddiskVolume3\Users\Patrick\AppData\Local\Microsoft\Windows\Explorer\iconcache_48.db
1260	explorer.exe	0xe38ff86ce7e0	0xd1c	Event	0x1f0003	-
1260	explorer.exe	0xe38ffd184b40	0xd20	File	0x12019f	\Device\HarddiskVolume3\Users\Patrick\AppData\Local\Microsoft\Windows\Explorer\iconcache_idx.db
1260	explorer.exe	0xe38ff8060660	0xd40	Event	0x1f0003	-
1260	explorer.exe	0xe38ffa394650	0xd44	EtwRegistration	0x804	-
1260	explorer.exe	0xe38ff86024f0	0xd48	EtwRegistration	0x804	-
1260	explorer.exe	0xe38ff9427b50	0xd4c	Mutant	0x1f0001	C::Users:Patrick:AppData:Local:Microsoft:Windows:Explorer:iconcache_2560.db!dfMaintainer
1260	explorer.exe	0xe38ff7817de0	0xd54	Event	0x1f0003	-
1260	explorer.exe	0xe38ff86c8760	0xd5c	Event	0x1f0003	-
1260	explorer.exe	0xe38ffb47e330	0xd60	File	0x100020	\Device\HarddiskVolume3
1260	explorer.exe	0xe38ffe00e4b0	0xd68	File	0x12019f	\Device\HarddiskVolume3\Users\Patrick\AppData\Local\Microsoft\Windows\Explorer\iconcache_16.db
1260	explorer.exe	0xe38ff9428150	0xd6c	Mutant	0x1f0001	C::Users:Patrick:AppData:Local:Microsoft:Windows:Explorer:iconcache_256.db!dfMaintainer
1260	explorer.exe	0xe38ff9b94c60	0xd70	Event	0x1f0003	-
1260	explorer.exe	0xe38ff216b080	0xd74	Thread	0x1fffff	Tid 5788 Pid 1260
1260	explorer.exe	0xe38ff9118a60	0xd88	Event	0x1f0003	-
1260	explorer.exe	0xaa0f7e9962e0	0xd8c	Key	0x10	MACHINE\SOFTWARE\CLASSES\CLSID\{0DB7E03F-FC29-4DC6-9020-FF41B59E513A}\INSTANCE
1260	explorer.exe	0xe38ff9118be0	0xda4	Event	0x1f0003	-
1260	explorer.exe	0xe38ff7e4e7e0	0xdac	Event	0x1f0003	-
1260	explorer.exe	0xe38ff9118fe0	0xdb4	Semaphore	0x1f0003	-
1260	explorer.exe	0xe38ffa387610	0xdbc	EtwRegistration	0x804	-
1260	explorer.exe	0xe38ff9b8aee0	0xdc8	Event	0x1f0003	-
1260	explorer.exe	0xe38ff6d9b7e0	0xdcc	Event	0x1f0003	-
1260	explorer.exe	0xaa0f9298e6d0	0xdd0	Key	0x9	MACHINE\SOFTWARE\MICROSOFT\WINDOWS\CURRENTVERSION\EXPLORER\COMMANDSTORE\SHELL\WINDOWS.PROPERTIES
1260	explorer.exe	0xe38ff6829a40	0xdd8	IoCompletion	0x1f0003	-
1260	explorer.exe	0xe38ff7d3a790	0xddc	EtwRegistration	0x804	-
1260	explorer.exe	0xaa0f9282fdf0	0xde0	Section	0x0	-
1260	explorer.exe	0xaa0f8641b910	0xdec	Key	0x20019	MACHINE\SOFTWARE\CLASSES\PACKAGEDCOM\INTERFACEINDEX
1260	explorer.exe	0xe38ff86cc6e0	0xdf8	Event	0x1f0003	-
1260	explorer.exe	0xe38ff7af4aa0	0xe04	ALPC Port	0x1f0001	[CoreUI]-PID(1260)-TID(408) 542bcdff-16f1-4f8e-a9a9-aac74baa6f6b
1260	explorer.exe	0xe38ffe00aae0	0xe0c	File	0x100001	\Device\HarddiskVolume3\Program Files\WindowsApps\Microsoft.LanguageExperiencePacken-GB_19041.62.219.0_neutral__8wekyb3d8bbwe\Windows\System32\en-GB\mpr.dll.mui
1260	explorer.exe	0xe38ffc84e9f0	0xe20	WaitCompletionPacket	0x1	-
1260	explorer.exe	0xe38ff8208970	0xe28	WaitCompletionPacket	0x1	-
1260	explorer.exe	0xe38ffa382c90	0xe2c	EtwRegistration	0x804	-
1260	explorer.exe	0xe38ff780c160	0xe30	Event	0x1f0003	-
1260	explorer.exe	0xaa0fa84978d0	0xe44	Section	0xf0007	4ecHWNDInterface:805ec
1260	explorer.exe	0xe38ffd195b20	0xe4c	File	0x100081	\Device\HarddiskVolume3\Users\Public\Desktop
1260	explorer.exe	0xaa0f8e256860	0xe5c	Key	0x20019	USER\S-1-5-21-77607562-1836748022-3122067425-1001\SOFTWARE\MICROSOFT\SYSTEMCERTIFICATES\SMARTCARDROOT
1260	explorer.exe	0xe38ffcaab470	0xe68	File	0x100001	\Device\KsecDD
1260	explorer.exe	0xe38ff7a43280	0xe6c	Process	0x2200	sihost.exe Pid 4324
1260	explorer.exe	0xe38ff780b6e0	0xe70	Event	0x1f0003	-
1260	explorer.exe	0xe38ffa387df0	0xe74	EtwRegistration	0x804	-
1260	explorer.exe	0xe38ffa386f10	0xe78	EtwRegistration	0x804	-
1260	explorer.exe	0xe38ffa387ed0	0xe7c	EtwRegistration	0x804	-
1260	explorer.exe	0xe38ff9427e50	0xe84	Mutant	0x1f0001	C::Users:Patrick:AppData:Local:Microsoft:Windows:Explorer:iconcache_idx.db!IconCacheInit
1260	explorer.exe	0xe38ff91184e0	0xe88	Event	0x1f0003	-
1260	explorer.exe	0xe38ff916fad0	0xe8c	Mutant	0x1f0001	-
1260	explorer.exe	0xe38ff9118ae0	0xe90	Event	0x1f0003	-
1260	explorer.exe	0xe38ff916f8f0	0xe94	Mutant	0x1f0001	-
1260	explorer.exe	0xe38ffa387370	0xe98	EtwRegistration	0x804	-
1260	explorer.exe	0xe38ffa3871b0	0xe9c	EtwRegistration	0x804	-
1260	explorer.exe	0xe38ffcaac280	0xea0	File	0x100020	\Device\HarddiskVolume3\Windows\WinSxS\amd64_microsoft.windows.common-controls_6595b64144ccf1df_6.0.19041.6456_none_60b8a6cb71f64256
1260	explorer.exe	0xe38ffa3868f0	0xea4	EtwRegistration	0x804	-
1260	explorer.exe	0xaa0f9255e8f0	0xea8	Key	0x1	MACHINE\SYSTEM\CONTROLSET001\CONTROL\SESSION MANAGER
1260	explorer.exe	0xe38ff778ab80	0xeb0	ALPC Port	0x1f0001	-
1260	explorer.exe	0xe38ff809f9e0	0xeb4	Event	0x1f0003	-
1260	explorer.exe	0xe38ff901ac10	0xec0	EtwRegistration	0x804	-
1260	explorer.exe	0xe38ffd508b20	0xec8	WaitCompletionPacket	0x1	-
1260	explorer.exe	0xe38ff828cab0	0xecc	EtwRegistration	0x804	-
1260	explorer.exe	0xe38ffa38b190	0xee0	EtwRegistration	0x804	-
1260	explorer.exe	0xe38ff6d923e0	0xee4	Event	0x1f0003	-
1260	explorer.exe	0xe38ff911cce0	0xee8	Event	0x1f0003	-
1260	explorer.exe	0xe38ffa38b0b0	0xeec	EtwRegistration	0x804	-
1260	explorer.exe	0xe38ff911ce60	0xef0	Event	0x1f0003	-
1260	explorer.exe	0xe38ff89de940	0xf00	ALPC Port	0x1f0001	-
1260	explorer.exe	0xaa0f81a27930	0xf20	Section	0x0	-
1260	explorer.exe	0xe38ff86dcf60	0xf24	Event	0x1f0003	-
1260	explorer.exe	0xe38ff906b430	0xf28	WaitCompletionPacket	0x1	-
1260	explorer.exe	0xe38ff9b8e8e0	0xf38	Event	0x1f0003	-
1260	explorer.exe	0xe38ff7857a90	0xf40	EtwRegistration	0x804	-
1260	explorer.exe	0xaa0f7cee7d40	0xf4c	Key	0x10	MACHINE\SOFTWARE\CLASSES\CLSID\{A0953C92-50DC-43BF-BE83-3742FED03C9C}\INSTANCE
1260	explorer.exe	0xe38ffa38b6d0	0xf50	EtwRegistration	0x804	-
1260	explorer.exe	0xe38ffa38ab70	0xf54	EtwRegistration	0x804	-
1260	explorer.exe	0xe38ffa38aef0	0xf58	EtwRegistration	0x804	-
1260	explorer.exe	0xe38ffa38b510	0xf60	EtwRegistration	0x804	-
1260	explorer.exe	0xe38ff6d92460	0xf64	Event	0x1f0003	-
1260	explorer.exe	0xe38ffa38b270	0xf70	EtwRegistration	0x804	-
1260	explorer.exe	0xe38ff7858970	0xf74	EtwRegistration	0x804	-
1260	explorer.exe	0xe38ff8090080	0xf78	Thread	0x1fffff	Tid 9760 Pid 1260
1260	explorer.exe	0xe38ffa38a2b0	0xf7c	EtwRegistration	0x804	-
1260	explorer.exe	0xaa0f9255d900	0xf80	Key	0xf003f	USER\S-1-5-21-77607562-1836748022-3122067425-1001\SOFTWARE\MICROSOFT\WINDOWS\CURRENTVERSION\EXPLORER\SESSIONINFO\1\MODETRIGGERCACHEDKEY
1260	explorer.exe	0xe38ffa38a390	0xf84	EtwRegistration	0x804	-
1260	explorer.exe	0xaa0f9255df60	0xf88	Key	0xf003f	USER\S-1-5-21-77607562-1836748022-3122067425-1001\SOFTWARE\MICROSOFT\WINDOWS\CURRENTVERSION\EXPLORER\SESSIONINFO\1\IMMERSIVESHELL\PERSISTEDAPPLICATIONDATA\VOLATILE
1260	explorer.exe	0xe38ffa38bcf0	0xf8c	EtwRegistration	0x804	-
1260	explorer.exe	0xe38ff80a1be0	0xf90	Event	0x1f0003	-
1260	explorer.exe	0xe38ffe18d970	0xf94	WaitCompletionPacket	0x1	-
1260	explorer.exe	0xe38ff80a1be0	0xf98	Event	0x2	-
1260	explorer.exe	0xaa0f9255eb10	0xf9c	Key	0x3	USER\S-1-5-21-77607562-1836748022-3122067425-1001\SOFTWARE\MICROSOFT\WINDOWS\CURRENTVERSION\EXPLORER\VIRTUALDESKTOPS
1260	explorer.exe	0xe38ffa726720	0xfa0	File	0x100001	\Device\HarddiskVolume3\Program Files\WindowsApps\Microsoft.LanguageExperiencePacken-GB_19041.62.219.0_neutral__8wekyb3d8bbwe\Windows\System32\en-GB\twinui.pcshell.dll.mui
1260	explorer.exe	0xaa0f9255d2a0	0xfa4	Key	0x3	USER\S-1-5-21-77607562-1836748022-3122067425-1001\SOFTWARE\MICROSOFT\WINDOWS\CURRENTVERSION\EXPLORER\SESSIONINFO\1\VIRTUALDESKTOPS
1260	explorer.exe	0xe38ff7ee8bc0	0xfa8	ALPC Port	0x1f0001	-
1260	explorer.exe	0xe38ff80a3ce0	0xfac	Event	0x1f0003	-
1260	explorer.exe	0xe38ff22a74f0	0xfb0	Timer	0x1f0003	-
1260	explorer.exe	0xe38ff842c270	0xfb4	Timer	0x1f0003	-
1260	explorer.exe	0xe38ff80a3d60	0xfb8	Event	0x1f0003	-
1260	explorer.exe	0xe38ffe18e810	0xfbc	WaitCompletionPacket	0x1	-
1260	explorer.exe	0xe38ff80a4a60	0xfc0	Event	0x1f0003	-
1260	explorer.exe	0xe38ffe18e8e0	0xfc4	WaitCompletionPacket	0x1	-
1260	explorer.exe	0xe38ffe18f1d0	0xfc8	WaitCompletionPacket	0x1	-
1260	explorer.exe	0xe38ffe18e9b0	0xfcc	WaitCompletionPacket	0x1	-
1260	explorer.exe	0xe38ff8090080	0xfd0	Thread	0x1fffff	Tid 9760 Pid 1260
1260	explorer.exe	0xe38ffe18ef60	0xfd4	WaitCompletionPacket	0x1	-
1260	explorer.exe	0xe38ffaa619f0	0xfd8	IoCompletionReserve	0xf0003	-
1260	explorer.exe	0xe38ffe18e5a0	0xfdc	WaitCompletionPacket	0x1	-
1260	explorer.exe	0xe38ff7ef4d60	0xfe0	ALPC Port	0x1f0001	-
1260	explorer.exe	0xe38ffe18f6b0	0xfe4	WaitCompletionPacket	0x1	-
1260	explorer.exe	0xe38ff80a68e0	0xfe8	Event	0x1f0003	-
1260	explorer.exe	0xe38ff80a7160	0xfec	Event	0x1f0003	-
1260	explorer.exe	0xe38ff80a61e0	0xff0	Event	0x1f0003	-
1260	explorer.exe	0xe38ff80a7960	0xff4	Event	0x1f0003	-
1260	explorer.exe	0xe38ff68c55e0	0xff8	Event	0x1f0003	-
1260	explorer.exe	0xe38ff7ded080	0xffc	Thread	0x1fffff	Tid 3096 Pid 1260
1260	explorer.exe	0xe38ff7ded080	0x1004	Thread	0x1fffff	Tid 3096 Pid 1260
1260	explorer.exe	0xe38ff7eb0070	0x1008	ALPC Port	0x1f0001	-
1260	explorer.exe	0xe38ff842d6b0	0x100c	Timer	0x1f0003	-
1260	explorer.exe	0xe38ff68caf60	0x1010	Event	0x1f0003	-
1260	explorer.exe	0xe38ff842d860	0x1014	Timer	0x1f0003	-
1260	explorer.exe	0xe38ff68cac60	0x1018	Event	0x1f0003	-
1260	explorer.exe	0xe38ffe18edc0	0x101c	WaitCompletionPacket	0x1	-
1260	explorer.exe	0xe38ff8ea98e0	0x1020	Event	0x1f0003	-
1260	explorer.exe	0xe38ffe18e4d0	0x1024	WaitCompletionPacket	0x1	-
1260	explorer.exe	0xe38ffe18f440	0x1028	WaitCompletionPacket	0x1	-
1260	explorer.exe	0xe38ffe18ec20	0x102c	WaitCompletionPacket	0x1	-
1260	explorer.exe	0xe38ff7ded080	0x1030	Thread	0x1fffff	Tid 3096 Pid 1260
1260	explorer.exe	0xe38ffe18e0c0	0x1034	WaitCompletionPacket	0x1	-
1260	explorer.exe	0xe38ffe18e400	0x1038	WaitCompletionPacket	0x1	-
1260	explorer.exe	0xe38ffa38ba40	0x103c	IoCompletion	0x1f0003	-
1260	explorer.exe	0xe38ffaa620b0	0x1040	IoCompletionReserve	0xf0003	-
1260	explorer.exe	0xe38ffa38d490	0x1044	EtwRegistration	0x804	-
1260	explorer.exe	0xe38ff779c920	0x1048	ALPC Port	0x1f0001	[CoreUI]-PID(1260)-TID(3096) 8d376dcd-0f92-4299-b560-3b4ee48e8bbf
1260	explorer.exe	0xe38ffe18ecf0	0x104c	WaitCompletionPacket	0x1	-
1260	explorer.exe	0xe38ffe18f510	0x1050	WaitCompletionPacket	0x1	-
1260	explorer.exe	0xe38ff7f18b60	0x1054	ALPC Port	0x1f0001	-
1260	explorer.exe	0xe38ffe18f780	0x1058	WaitCompletionPacket	0x1	-
1260	explorer.exe	0xe38ff7ec9530	0x105c	ALPC Port	0x1f0001	-
1260	explorer.exe	0xe38ffe18e190	0x1060	WaitCompletionPacket	0x1	-
1260	explorer.exe	0xe38ffa38c4d0	0x1064	EtwRegistration	0x804	-
1260	explorer.exe	0xaa0f9255d4c0	0x1068	Key	0x20019	USER\S-1-5-21-77607562-1836748022-3122067425-1001\SOFTWARE\MICROSOFT\WINDOWS\CURRENTVERSION\CONTENTDELIVERYMANAGER
1260	explorer.exe	0xe38ff8eac0e0	0x106c	Event	0x1f0003	-
1260	explorer.exe	0xe38ffa38c070	0x1074	EtwRegistration	0x804	-
1260	explorer.exe	0xe38ff8437260	0x1078	Event	0x1f0003	-
1260	explorer.exe	0xe38ffa38d570	0x107c	EtwRegistration	0x804	-
1260	explorer.exe	0xe38ff91d9160	0x1080	Event	0x1f0003	-
1260	explorer.exe	0xe38ffa38cd90	0x1084	EtwRegistration	0x804	-
1260	explorer.exe	0xe38ff7dec080	0x1088	Thread	0x1fffff	Tid 2456 Pid 1260
1260	explorer.exe	0xe38ff911e6e0	0x108c	Event	0x1f0003	-
1260	explorer.exe	0xe38ffa38cf50	0x1094	EtwRegistration	0x804	-
1260	explorer.exe	0xe38ff911d1e0	0x1098	Event	0x1f0003	-
1260	explorer.exe	0xe38ff911dc60	0x109c	Event	0x1f0003	-
1260	explorer.exe	0xe38ffa38bc10	0x10a0	EtwRegistration	0x804	-
1260	explorer.exe	0xe38ffa38c690	0x10a4	EtwRegistration	0x804	-
1260	explorer.exe	0xe38ffa38bdd0	0x10a8	EtwRegistration	0x804	-
1260	explorer.exe	0xe38ffa38c5b0	0x10ac	EtwRegistration	0x804	-
1260	explorer.exe	0xaa0f7e7b3060	0x10b0	Token	0xf01ff	-
1260	explorer.exe	0xe38ffa38d110	0x10b4	EtwRegistration	0x804	-
1260	explorer.exe	0xe38ff911d2e0	0x10b8	Event	0x1f0003	-
1260	explorer.exe	0xe38ffa38c230	0x10bc	EtwRegistration	0x804	-
1260	explorer.exe	0xe38ffa38c310	0x10c0	EtwRegistration	0x804	-
1260	explorer.exe	0xe38ffa38c770	0x10c4	EtwRegistration	0x804	-
1260	explorer.exe	0xe38ffa38c3f0	0x10c8	EtwRegistration	0x804	-
1260	explorer.exe	0xe38ffa38beb0	0x10cc	EtwRegistration	0x804	-
1260	explorer.exe	0xaa0f9254f270	0x10d0	Key	0x10	USER\S-1-5-21-77607562-1836748022-3122067425-1001\SOFTWARE\MICROSOFT\WINDOWS\CURRENTVERSION\CLOUDSTORE\STORE\DEFAULTACCOUNT\CURRENT\DEFAULT$WINDOWS.DATA.BLUELIGHTREDUCTION.SETTINGS\WINDOWS.DATA.BLUELIGHTREDUCTION.SETTINGS
1260	explorer.exe	0xe38ff911e660	0x10d4	Event	0x1f0003	-
1260	explorer.exe	0xaa0f9255cd50	0x10d8	Key	0x10	USER\S-1-5-21-77607562-1836748022-3122067425-1001\SOFTWARE\MICROSOFT\WINDOWS\CURRENTVERSION\CLOUDSTORE\STORE\DEFAULTACCOUNT\CLOUD\DEFAULT$WINDOWS.DATA.BLUELIGHTREDUCTION.SETTINGS\WINDOWS.DATA.BLUELIGHTREDUCTION.SETTINGS
1260	explorer.exe	0xe38ffe1906f0	0x10dc	WaitCompletionPacket	0x1	-
1260	explorer.exe	0xaa0f9255f4a0	0x10e0	Key	0x10	USER\S-1-5-21-77607562-1836748022-3122067425-1001\SOFTWARE\MICROSOFT\WINDOWS\CURRENTVERSION\CLOUDSTORE\STORE\DEFAULTACCOUNT\CURRENT\DEFAULT$WINDOWS.DATA.BLUELIGHTREDUCTION.BLUELIGHTREDUCTIONSTATE\WINDOWS.DATA.BLUELIGHTREDUCTION.BLUELIGHTREDUCTIONSTATE
1260	explorer.exe	0xe38ff911ed60	0x10e4	Event	0x1f0003	-
1260	explorer.exe	0xe38ffe190620	0x10e8	WaitCompletionPacket	0x1	-
1260	explorer.exe	0xaa0f9255dd40	0x10ec	Key	0x10	USER\S-1-5-21-77607562-1836748022-3122067425-1001\SOFTWARE\MICROSOFT\WINDOWS\CURRENTVERSION\CLOUDSTORE\STORE\DEFAULTACCOUNT\CLOUD\DEFAULT$WINDOWS.DATA.BLUELIGHTREDUCTION.BLUELIGHTREDUCTIONSTATE\WINDOWS.DATA.BLUELIGHTREDUCTION.BLUELIGHTREDUCTIONSTATE
1260	explorer.exe	0xe38ff911d6e0	0x10f0	Event	0x1f0003	-
1260	explorer.exe	0xe38ffe18f850	0x10f4	WaitCompletionPacket	0x1	-
1260	explorer.exe	0xe38ff7df6080	0x10f8	Thread	0x1fffff	Tid 5772 Pid 1260
1260	explorer.exe	0xe38ff911e9e0	0x10fc	Event	0x1f0003	-
1260	explorer.exe	0xe38ffe190f10	0x1100	WaitCompletionPacket	0x1	-
1260	explorer.exe	0xe38ffa38c940	0x1108	IoCompletion	0x1f0003	-
1260	explorer.exe	0xe38ffa38cbd0	0x110c	EtwRegistration	0x804	-
1260	explorer.exe	0xe38ff7ecb790	0x1110	ALPC Port	0x1f0001	-
1260	explorer.exe	0xe38ffe18f920	0x1114	WaitCompletionPacket	0x1	-
1260	explorer.exe	0xe38ffa38ca10	0x1118	EtwRegistration	0x804	-
1260	explorer.exe	0xe38ff8bc5080	0x111c	Process	0x100000	ApplicationFra Pid 9416
1260	explorer.exe	0xe38ffa38e0d0	0x1120	EtwRegistration	0x804	-
1260	explorer.exe	0xe38ff809e460	0x1124	Event	0x1f0003	-
1260	explorer.exe	0xe38ff809e360	0x1128	Event	0x1f0003	-
1260	explorer.exe	0xe38ff809e260	0x112c	Semaphore	0x1f0003	-
1260	explorer.exe	0xe38ff809e660	0x1130	Event	0x1f0003	-
1260	explorer.exe	0xe38ff70312d0	0x1134	ALPC Port	0x1f0001	-
1260	explorer.exe	0xe38ff809e4e0	0x1138	Event	0x1f0003	-
1260	explorer.exe	0xe38ffa38d1f0	0x113c	EtwRegistration	0x804	-
1260	explorer.exe	0xe38ffa38e530	0x1140	EtwRegistration	0x804	-
1260	explorer.exe	0xe38ffa38e290	0x1144	EtwRegistration	0x804	-
1260	explorer.exe	0xe38ff809f960	0x114c	Event	0x1f0003	-
1260	explorer.exe	0xe38ff78120e0	0x1154	Event	0x1f0003	-
1260	explorer.exe	0xe38ffa38edf0	0x1158	EtwRegistration	0x804	-
1260	explorer.exe	0xe38ffa38ea70	0x115c	EtwRegistration	0x804	-
1260	explorer.exe	0xe38ffa38f090	0x1160	EtwRegistration	0x804	-
1260	explorer.exe	0xe38ffa38eb50	0x1164	EtwRegistration	0x804	-
1260	explorer.exe	0xe38ffa38db90	0x1168	EtwRegistration	0x804	-
1260	explorer.exe	0xe38ffa38d810	0x116c	EtwRegistration	0x804	-
1260	explorer.exe	0xe38ffa38f170	0x1170	EtwRegistration	0x804	-
1260	explorer.exe	0xe38ffa38de30	0x1174	EtwRegistration	0x804	-
1260	explorer.exe	0xe38ffa38e610	0x1178	EtwRegistration	0x804	-
1260	explorer.exe	0xe38ffa38d650	0x117c	EtwRegistration	0x804	-
1260	explorer.exe	0xe38ffa38dc70	0x1180	EtwRegistration	0x804	-
1260	explorer.exe	0xe38ffa38e370	0x1184	EtwRegistration	0x804	-
1260	explorer.exe	0xe38ffa38ec30	0x1188	EtwRegistration	0x804	-
1260	explorer.exe	0xe38ffa38e450	0x118c	EtwRegistration	0x804	-
1260	explorer.exe	0xe38ffa38e6f0	0x1190	EtwRegistration	0x804	-
1260	explorer.exe	0xe38ffa38e7d0	0x1194	EtwRegistration	0x804	-
1260	explorer.exe	0xe38ffa38e8b0	0x1198	EtwRegistration	0x804	-
1260	explorer.exe	0xe38ffa38e990	0x119c	EtwRegistration	0x804	-
1260	explorer.exe	0xe38ffa38d730	0x11a0	EtwRegistration	0x804	-
1260	explorer.exe	0xe38ffa38d8f0	0x11a4	EtwRegistration	0x804	-
1260	explorer.exe	0xe38ffa38ed10	0x11a8	EtwRegistration	0x804	-
1260	explorer.exe	0xe38ffa380530	0x11ac	EtwRegistration	0x804	-
1260	explorer.exe	0xe38ff9b718b0	0x11b0	Event	0x1f0003	BcastdvrStartup73BD1D72-A850-47FF-82E1-8F30D2C38FFE
1260	explorer.exe	0xe38ff6c22a00	0x11b4	ALPC Port	0x1f0001	-
1260	explorer.exe	0xaa0f8640dd20	0x11b8	Key	0x20019	USER\S-1-5-21-77607562-1836748022-3122067425-1001\SOFTWARE\POLICIES
1260	explorer.exe	0xaa0f8e25a1c0	0x11bc	Key	0x20019	MACHINE\SOFTWARE\MICROSOFT\ENTERPRISECERTIFICATES\TRUST
1260	explorer.exe	0xe38ff7810ae0	0x11c4	Event	0x1f0003	-
1260	explorer.exe	0xaa0fab2b6d00	0x11c8	Key	0xf003f	USER\S-1-5-21-77607562-1836748022-3122067425-1001\SOFTWARE\MICROSOFT\WINDOWS\CURRENTVERSION\EXPLORER\FEATUREUSAGE
1260	explorer.exe	0xe38ff78143e0	0x11d0	Semaphore	0x100003	-
1260	explorer.exe	0xe38ff91db760	0x11d4	Event	0x1f0003	-
1260	explorer.exe	0xaa0f7ed06bd0	0x11dc	Section	0x0	-
1260	explorer.exe	0xaa0f92560af0	0x11e0	Key	0x10	MACHINE\SOFTWARE\CLASSES\CLSID\{B155BDF8-02F0-451E-9A26-AE317CFD7779}\INSTANCE
1260	explorer.exe	0xaa0f7e614f50	0x11f0	Section	0x4	C:*ProgramData*Microsoft*Windows*Caches*cversions.2.ro
1260	explorer.exe	0xe380009062e0	0x11f4	Event	0x1f0003	-
1260	explorer.exe	0xaa0f92549820	0x11f8	Key	0xf003f	USER\S-1-5-21-77607562-1836748022-3122067425-1001\SOFTWARE\MICROSOFT\WINDOWS\CURRENTVERSION\SIGNALMANAGER\PEEK\CACHESTORE
1260	explorer.exe	0xaa0f9255e5c0	0x11fc	Key	0x10	MACHINE\SOFTWARE\MICROSOFT\PLAYTORECEIVER
1260	explorer.exe	0xe38ff809f2e0	0x1200	Event	0x1f0003	-
1260	explorer.exe	0xe38ffe191b40	0x1204	WaitCompletionPacket	0x1	-
1260	explorer.exe	0xe38ffaa62cd0	0x1208	Mutant	0x1f0001	_SHuassist.mtx
1260	explorer.exe	0xe38ff8209e90	0x1210	WaitCompletionPacket	0x1	-
1260	explorer.exe	0xe38ff68287e0	0x1214	EtwRegistration	0x804	-
1260	explorer.exe	0xe38ffe197230	0x1218	WaitCompletionPacket	0x1	-
1260	explorer.exe	0xe38ff86d5d60	0x121c	Event	0x1f0003	-
1260	explorer.exe	0xaa0f9255ec20	0x1220	Key	0x3001f	USER\S-1-5-21-77607562-1836748022-3122067425-1001\SOFTWARE\MICROSOFT\WINDOWS\CURRENTVERSION\EXPLORER\USERASSIST\{CEBFF5CD-ACE2-4F4F-9178-9926F41749EA}\COUNT
1260	explorer.exe	0xaa0f9255ed30	0x1224	Key	0x3001f	USER\S-1-5-21-77607562-1836748022-3122067425-1001\SOFTWARE\MICROSOFT\WINDOWS\CURRENTVERSION\EXPLORER\USERASSIST\{F4E57C4B-2036-45F0-A9AB-443BCFE33D9F}\COUNT
1260	explorer.exe	0xaa0f9255ef50	0x1228	Key	0x3001f	USER\S-1-5-21-77607562-1836748022-3122067425-1001\SOFTWARE\MICROSOFT\WINDOWS\CURRENTVERSION\EXPLORER\USERASSIST\{B267E3AD-A825-4A09-82B9-EEC22AA3B847}\COUNT
1260	explorer.exe	0xaa0f9255f6c0	0x122c	Key	0x3001f	USER\S-1-5-21-77607562-1836748022-3122067425-1001\SOFTWARE\MICROSOFT\WINDOWS\CURRENTVERSION\EXPLORER\USERASSIST\{9E04CAB2-CC14-11DF-BB8C-A2F1DED72085}\COUNT
1260	explorer.exe	0xaa0f9255fb00	0x1230	Key	0x3001f	USER\S-1-5-21-77607562-1836748022-3122067425-1001\SOFTWARE\MICROSOFT\WINDOWS\CURRENTVERSION\EXPLORER\USERASSIST\{FA99DFC7-6AC2-453A-A5E2-5E2AFF4507BD}\COUNT
1260	explorer.exe	0xaa0f9255fc10	0x1234	Key	0x3001f	USER\S-1-5-21-77607562-1836748022-3122067425-1001\SOFTWARE\MICROSOFT\WINDOWS\CURRENTVERSION\EXPLORER\USERASSIST\{CAA59E3C-4792-41A5-9909-6A6A8D32490E}\COUNT
1260	explorer.exe	0xaa0f9255fe30	0x1238	Key	0x3001f	USER\S-1-5-21-77607562-1836748022-3122067425-1001\SOFTWARE\MICROSOFT\WINDOWS\CURRENTVERSION\EXPLORER\USERASSIST\{A3D53349-6E61-4557-8FC7-0028EDCEEBF6}\COUNT
1260	explorer.exe	0xaa0f9255ff40	0x123c	Key	0x3001f	USER\S-1-5-21-77607562-1836748022-3122067425-1001\SOFTWARE\MICROSOFT\WINDOWS\CURRENTVERSION\EXPLORER\USERASSIST\{F2A1CB5A-E3CC-4A2E-AF9D-505A7009D442}\COUNT
1260	explorer.exe	0xaa0f92561ae0	0x1240	Key	0x3001f	USER\S-1-5-21-77607562-1836748022-3122067425-1001\SOFTWARE\MICROSOFT\WINDOWS\CURRENTVERSION\EXPLORER\USERASSIST\{BCB48336-4DDD-48FF-BB0B-D3190DACB3E2}\COUNT
1260	explorer.exe	0xe38ff87e0080	0x1244	Thread	0x1fffff	Tid 5000 Pid 1260
1260	explorer.exe	0xaa0f929906b0	0x1248	Key	0x20019	MACHINE\SOFTWARE\CLASSES\MIME\DATABASE\CONTENT TYPE\IMAGE/X-PNG
1260	explorer.exe	0xe38ffd1951c0	0x124c	File	0x100081	\Device\HarddiskVolume3\ProgramData\Microsoft\Windows\Start Menu\Programs
1260	explorer.exe	0xe38ffa390670	0x1250	EtwRegistration	0x804	-
1260	explorer.exe	0xaa0f92561260	0x1254	Key	0x2001f	USER\S-1-5-21-77607562-1836748022-3122067425-1001\SOFTWARE\MICROSOFT\WINDOWS\CURRENTVERSION\ACTIVITYDATAMODEL\READERREVISIONINFO
1260	explorer.exe	0xe38ffa3904b0	0x125c	EtwRegistration	0x804	-
1260	explorer.exe	0xe38ffd88a810	0x1260	Event	0x1f0003	Shell.FileExplorer.WindowOpen
1260	explorer.exe	0xe38ff9105ce0	0x1264	Event	0x1f0003	-
1260	explorer.exe	0xaa0f92561480	0x1268	Key	0x20019	USER\S-1-5-21-77607562-1836748022-3122067425-1001\SOFTWARE\MICROSOFT\GAMEBAR
1260	explorer.exe	0xe38ff91063e0	0x126c	Event	0x1f0003	-
1260	explorer.exe	0xe38ffe193a20	0x1270	WaitCompletionPacket	0x1	-
1260	explorer.exe	0xaa0f92561150	0x1274	Key	0x20019	USER\S-1-5-21-77607562-1836748022-3122067425-1001\SOFTWARE\MICROSOFT\WINDOWS\CURRENTVERSION\GAMEDVR
1260	explorer.exe	0xe38ff910d260	0x1278	Event	0x1f0003	-
1260	explorer.exe	0xe38ffe193c90	0x127c	WaitCompletionPacket	0x1	-
1260	explorer.exe	0xaa0f92562f10	0x1280	Key	0x20019	MACHINE\SOFTWARE\MICROSOFT\KGL\ONESETTINGS
1260	explorer.exe	0xe38ffe193e30	0x1288	WaitCompletionPacket	0x1	-
1260	explorer.exe	0xe38ff91141e0	0x128c	Event	0x1f0003	-
1260	explorer.exe	0xe38ffb66d4e0	0x1290	File	0x120089	\Device\HarddiskVolume3\Users\Patrick\AppData\Local\Microsoft\GameDVR\KnownGameList.bin
1260	explorer.exe	0xe38ffa38df10	0x1294	EtwRegistration	0x804	-
1260	explorer.exe	0xaa0fa84966d0	0x1298	Section	0xf0007	4ecHWNDInterface:8073a
1260	explorer.exe	0xaa0f8e259610	0x129c	Key	0x20019	MACHINE\SOFTWARE\MICROSOFT\SYSTEMCERTIFICATES\TRUST
1260	explorer.exe	0xe38ffa38a550	0x12a0	EtwRegistration	0x804	-
1260	explorer.exe	0xe38ff8839450	0x12a4	EtwRegistration	0x804	-
1260	explorer.exe	0xe38ff9b850e0	0x12a8	Event	0x1f0003	-
1260	explorer.exe	0xe38ff7ecb9f0	0x12ac	ALPC Port	0x1f0001	-
1260	explorer.exe	0xe38ffcdcc080	0x12b0	Thread	0x100010	Tid 3120 Pid 1260
1260	explorer.exe	0xe38ffc406770	0x12bc	EtwRegistration	0x804	-
1260	explorer.exe	0xe38ffa38f870	0x12c0	EtwRegistration	0x804	-
1260	explorer.exe	0xe38ffa38f950	0x12c4	EtwRegistration	0x804	-
1260	explorer.exe	0xe38ffa38f250	0x12c8	EtwRegistration	0x804	-
1260	explorer.exe	0xe38ffa3902f0	0x12cc	EtwRegistration	0x804	-
1260	explorer.exe	0xe38ffa38fcd0	0x12d0	EtwRegistration	0x804	-
1260	explorer.exe	0xe38ffa38fdb0	0x12d4	EtwRegistration	0x804	-
1260	explorer.exe	0xe38ffa3909f0	0x12d8	EtwRegistration	0x804	-
1260	explorer.exe	0xe38ff7030070	0x12dc	ALPC Port	0x1f0001	-
1260	explorer.exe	0xe38ffa38f410	0x12e0	EtwRegistration	0x804	-
1260	explorer.exe	0xe38ffc7257c0	0x12e8	Timer	0x1f0003	-
1260	explorer.exe	0xe38ffa3934c0	0x12ec	IoCompletion	0x1f0003	-
1260	explorer.exe	0xe38ff9167a30	0x12f0	Semaphore	0x100003	CDP_CALLBACK_6A699D2D-E3E7-A702-1483-D5B66324DBC3
1260	explorer.exe	0xe38ff7b57cd0	0x12f4	TpWorkerFactory	0xf00ff	-
1260	explorer.exe	0xe38ff82a8530	0x12f8	IRTimer	0x100002	-
1260	explorer.exe	0xe38ffe1974a0	0x12fc	WaitCompletionPacket	0x1	-
1260	explorer.exe	0xe38ff82aa400	0x1300	IRTimer	0x100002	-
1260	explorer.exe	0xe38ffe197570	0x1304	WaitCompletionPacket	0x1	-
1260	explorer.exe	0xe38ff91669f0	0x1308	Event	0x100002	{F6151BD3-458B-4C93-9088-9F6A37F9EE97}
1260	explorer.exe	0xe38ff8d8ca80	0x130c	ALPC Port	0x1f0001	-
1260	explorer.exe	0xe38ffcd28340	0x1310	File	0x100001	\Device\HarddiskVolume3\Program Files\WindowsApps\Microsoft.XboxGameOverlay_1.54.4001.0_x64__8wekyb3d8bbwe
1260	explorer.exe	0xe38ffe196bb0	0x1314	WaitCompletionPacket	0x1	-
1260	explorer.exe	0xe38ffa392f90	0x1318	EtwRegistration	0x804	-
1260	explorer.exe	0xe38ffa396090	0x131c	EtwRegistration	0x804	-
1260	explorer.exe	0xe38ff86e1260	0x1320	Event	0x1f0003	-
1260	explorer.exe	0xe38ff916c350	0x1324	Semaphore	0x100003	CDP_CALLBACK_4DF7CFCE-4FC7-B852-D9FE-8E3830D6801D
1260	explorer.exe	0xe38ffa394e30	0x1328	EtwRegistration	0x804	-
1260	explorer.exe	0xe38ffa395df0	0x132c	EtwRegistration	0x804	-
1260	explorer.exe	0xe38ffa3951b0	0x1330	EtwRegistration	0x804	-
1260	explorer.exe	0xe38ffe198410	0x1334	WaitCompletionPacket	0x1	-
1260	explorer.exe	0xe38ffb16c220	0x1338	File	0x100001	\Device\HarddiskVolume3\Program Files\WindowsApps\Microsoft.XboxGameOverlay_1.54.4001.0_x64__8wekyb3d8bbwe
1260	explorer.exe	0xe38ffe197cc0	0x133c	WaitCompletionPacket	0x1	-
1260	explorer.exe	0xe38ffa395450	0x1340	EtwRegistration	0x804	-
1260	explorer.exe	0xe38ff7784360	0x1344	ALPC Port	0x1f0001	-
1260	explorer.exe	0xe38ffcaaecb0	0x1348	File	0x100001	\Device\HarddiskVolume3\Program Files\WindowsApps\Microsoft.XboxGameOverlay_1.54.4001.0_x64__8wekyb3d8bbwe
1260	explorer.exe	0xe38ffa728ca0	0x134c	File	0x100001	\Device\HarddiskVolume3\Users\Patrick\AppData\Local\Packages\Microsoft.XboxGamingOverlay_8wekyb3d8bbwe\LocalCache
1260	explorer.exe	0xe38ff6866d30	0x1350	WaitCompletionPacket	0x1	-
1260	explorer.exe	0xe38ff68676f0	0x1354	WaitCompletionPacket	0x1	-
1260	explorer.exe	0xe38ffa729920	0x1358	File	0x100001	\Device\HarddiskVolume3\Users\Patrick\AppData\Local\Microsoft\GameDVR
1260	explorer.exe	0xe38ff68665e0	0x135c	WaitCompletionPacket	0x1	-
1260	explorer.exe	0xe38ffa397130	0x1360	EtwRegistration	0x804	-
1260	explorer.exe	0xe38ffa397590	0x1364	EtwRegistration	0x804	-
1260	explorer.exe	0xe38ffa72d160	0x1368	File	0x120089	\Device\DeviceApi\Dev\Query
1260	explorer.exe	0xe38ffa72cb20	0x136c	File	0x120089	\Device\DeviceApi\Dev\Query
1260	explorer.exe	0xe38ff81b1540	0x1370	ALPC Port	0x1f0001	-
1260	explorer.exe	0xe38ffa388330	0x1374	EtwRegistration	0x804	-
1260	explorer.exe	0xe38ffa394c70	0x1378	EtwRegistration	0x804	-
1260	explorer.exe	0xaa0f92548c70	0x137c	Key	0x10	USER\S-1-5-21-77607562-1836748022-3122067425-1001\SOFTWARE\MICROSOFT\WINDOWS\CURRENTVERSION\THEMES\PERSONALIZE
1260	explorer.exe	0xe38ff91db3e0	0x1380	Event	0x1f0003	-
1260	explorer.exe	0xe38ff6870e10	0x1384	WaitCompletionPacket	0x1	-
1260	explorer.exe	0xe38ffa72d2f0	0x1388	File	0x120089	\Device\DeviceApi\Dev\Query
1260	explorer.exe	0xe38ff9166db0	0x138c	Event	0x100002	StateRepository.SecondaryTileUserNotificationChannel.{57A0EA3F-14B8-4136-AEAA-45DE5440286C}
1260	explorer.exe	0xaa0f84950790	0x1390	Section	0xf0007	4ecHWNDInterface:504f6
1260	explorer.exe	0xe38ffe18cba0	0x1394	WaitCompletionPacket	0x1	-
1260	explorer.exe	0xaa0f84950790	0x1398	Section	0xf0007	4ecHWNDInterface:504f6
1260	explorer.exe	0xe38ffe1889d0	0x139c	WaitCompletionPacket	0x1	-
1260	explorer.exe	0xaa0f84950910	0x13a0	Section	0xf0007	4ecHWNDInterface:30552
1260	explorer.exe	0xaa0f84950910	0x13a4	Section	0xf0007	4ecHWNDInterface:30552
1260	explorer.exe	0xe38ff91da860	0x13e0	Event	0x1f0003	-
1260	explorer.exe	0xe38ffe19a3c0	0x13e4	WaitCompletionPacket	0x1	-
1260	explorer.exe	0xaa0f925492d0	0x13e8	Key	0x10	USER\S-1-5-21-77607562-1836748022-3122067425-1001\SOFTWARE\MICROSOFT\WINDOWS\CURRENTVERSION\HOLOGRAPHIC
1260	explorer.exe	0xe38ff719cd00	0x13ec	EtwRegistration	0x804	-
1260	explorer.exe	0xe38ff7389360	0x13f0	Event	0x1f0003	-
1260	explorer.exe	0xe38ffe19a220	0x13f4	WaitCompletionPacket	0x1	-
1260	explorer.exe	0xe38ffcd28980	0x13f8	File	0x120089	\Device\DeviceApi\CMNotify
1260	explorer.exe	0xaa0f9254b6f0	0x13fc	Key	0x10	MACHINE\SOFTWARE\MICROSOFT\WINDOWS\CURRENTVERSION\PERCEPTIONSIMULATIONEXTENSIONS
1260	explorer.exe	0xe38ff6d90860	0x1404	Event	0x1f0003	-
1260	explorer.exe	0xe38ffe19a700	0x1408	WaitCompletionPacket	0x1	-
1260	explorer.exe	0xe38ff6d923e0	0x140c	Event	0x1f0003	-
1260	explorer.exe	0xe38ffe1995f0	0x1410	WaitCompletionPacket	0x1	-
1260	explorer.exe	0xe38ff719fee0	0x1414	EtwRegistration	0x804	-
1260	explorer.exe	0xe38ff91e6560	0x1418	Event	0x1f0003	-
1260	explorer.exe	0xe38ff91e6860	0x141c	Semaphore	0x1f0003	-
1260	explorer.exe	0xe38ff86d9ce0	0x1420	Event	0x1f0003	-
1260	explorer.exe	0xe38ff71a06c0	0x1424	EtwRegistration	0x804	-
1260	explorer.exe	0xe38ff91e85e0	0x1428	Event	0x1f0003	-
1260	explorer.exe	0xe38ff91e81e0	0x142c	Event	0x1f0003	-
1260	explorer.exe	0xe38ff719e680	0x1430	IoCompletion	0x1f0003	-
1260	explorer.exe	0xe38ff91e8e60	0x1434	Event	0x1f0003	-
1260	explorer.exe	0xe38ff752e080	0x1438	Thread	0x1fffff	Tid 7716 Pid 1260
1260	explorer.exe	0xe38ffe199520	0x143c	WaitCompletionPacket	0x1	-
1260	explorer.exe	0xaa0f92549600	0x1440	Key	0xf003f	USER\S-1-5-21-77607562-1836748022-3122067425-1001
1260	explorer.exe	0xaa0f92549930	0x1444	Key	0x20019	MACHINE\SOFTWARE\MICROSOFT\IDENTITYSTORE\PROVIDERS
1260	explorer.exe	0xe38ff91e6560	0x1448	Event	0x1f0003	-
1260	explorer.exe	0xe38ff91e8660	0x144c	Event	0x1f0003	-
1260	explorer.exe	0xe38ff91e49e0	0x1450	Event	0x1f0003	-
1260	explorer.exe	0xe38ff8973080	0x1454	Thread	0x1fffff	Tid 788 Pid 1260
1260	explorer.exe	0xe38ff719f7e0	0x1458	EtwRegistration	0x804	-
1260	explorer.exe	0xe38ff719e820	0x145c	EtwRegistration	0x804	-
1260	explorer.exe	0xe38ff916db10	0x1460	Event	0x100000	{c245290c-487c-4f81-9aba-7eb0dac882a2}
1260	explorer.exe	0xe38ff719f2a0	0x1464	EtwRegistration	0x804	-
1260	explorer.exe	0xe38ff91eaf60	0x1468	Event	0x1f0003	-
1260	explorer.exe	0xe38ffe19aa40	0x146c	WaitCompletionPacket	0x1	-
1260	explorer.exe	0xe38ff719f460	0x1470	EtwRegistration	0x804	-
1260	explorer.exe	0xe38ff719eac0	0x1474	EtwRegistration	0x804	-
1260	explorer.exe	0xe38ffa38eed0	0x147c	EtwRegistration	0x804	-
1260	explorer.exe	0xaa0f86448530	0x1488	Section	0x0	-
1260	explorer.exe	0xe38ff82090c0	0x1494	WaitCompletionPacket	0x1	-
1260	explorer.exe	0xe38ff898b080	0x1498	Thread	0x1fffff	Tid 408 Pid 1260
1260	explorer.exe	0xe38ff86da460	0x149c	Event	0x1f0003	-
1260	explorer.exe	0xe38ff9428f90	0x14a0	Mutant	0x1f0001	C::Users:Patrick:AppData:Local:Microsoft:Windows:Explorer:iconcache_1280.db!dfMaintainer
1260	explorer.exe	0xe38ff86cf6e0	0x14a4	Event	0x1f0003	-
1260	explorer.exe	0xe38ff9b8c960	0x14a8	Event	0x1f0003	-
1260	explorer.exe	0xe38ff70957e0	0x14b4	Event	0x1f0003	-
1260	explorer.exe	0xaa0f92549a40	0x14b8	Key	0x10	USER\S-1-5-21-77607562-1836748022-3122067425-1001\CONTROL PANEL\KEYBOARD
1260	explorer.exe	0xe38ff86c8f60	0x14bc	Event	0x1f0003	-
1260	explorer.exe	0xe38ffe19a970	0x14c0	WaitCompletionPacket	0x1	-
1260	explorer.exe	0xe38ff86dafe0	0x14c4	Event	0x1f0003	-
1260	explorer.exe	0xe38ff8090080	0x14c8	Thread	0x1fffff	Tid 9760 Pid 1260
1260	explorer.exe	0xe38ff734d2f0	0x14cc	ALPC Port	0x1f0001	[CoreUI]-PID(1260)-TID(9760) 96ee5722-d422-4c8d-8a52-c8dc03cfae8c
1260	explorer.exe	0xe38ffe19acb0	0x14d0	WaitCompletionPacket	0x1	-
1260	explorer.exe	0xe38ff719ed60	0x14d4	EtwRegistration	0x804	-
1260	explorer.exe	0xe38ff71a0ce0	0x14d8	EtwRegistration	0x804	-
1260	explorer.exe	0xe38ff71a1140	0x14dc	EtwRegistration	0x804	-
1260	explorer.exe	0xe38ff71a0ec0	0x14e0	IoCompletion	0x1f0003	-
1260	explorer.exe	0xe38ff68be900	0x14e4	ALPC Port	0x1f0001	-
1260	explorer.exe	0xe38ffe199930	0x14e8	WaitCompletionPacket	0x1	-
1260	explorer.exe	0xe38ff6fb69c0	0x14ec	ALPC Port	0x1f0001	[CoreUI]-PID(1260)-TID(9760) 5c8cd558-9072-4fc2-9837-87439de41bd1
1260	explorer.exe	0xe38ffe199a00	0x14f0	WaitCompletionPacket	0x1	-
1260	explorer.exe	0xe38ff7856210	0x14f4	EtwRegistration	0x804	-
1260	explorer.exe	0xe38ff7856c90	0x14f8	EtwRegistration	0x804	-
1260	explorer.exe	0xe38ff7856ad0	0x14fc	EtwRegistration	0x804	-
1260	explorer.exe	0xe38ff86da6e0	0x1500	Event	0x1f0003	-
1260	explorer.exe	0xe38ffe19c5e0	0x1504	WaitCompletionPacket	0x1	-
1260	explorer.exe	0xe38ff86da6e0	0x1508	Event	0x2	-
1260	explorer.exe	0xaa0f9254ab40	0x150c	Key	0x10	MACHINE\SOFTWARE\MICROSOFT\TABLETTIP\1.7
1260	explorer.exe	0xe38ff86da7e0	0x1510	Event	0x1f0003	-
1260	explorer.exe	0xe38ffe19bb50	0x1514	WaitCompletionPacket	0x1	-
1260	explorer.exe	0xaa0f92549c60	0x1518	Key	0x10	USER\S-1-5-21-77607562-1836748022-3122067425-1001\SOFTWARE\MICROSOFT\TABLETTIP\1.7
1260	explorer.exe	0xe38ff86dbd60	0x151c	Event	0x1f0003	-
1260	explorer.exe	0xe38ffe19c6b0	0x1520	WaitCompletionPacket	0x1	-
1260	explorer.exe	0xe38ff7855410	0x1524	EtwRegistration	0x804	-
1260	explorer.exe	0xe38ffe19ce00	0x1528	WaitCompletionPacket	0x1	-
1260	explorer.exe	0xe38ff71a9560	0x152c	EtwRegistration	0x804	-
1260	explorer.exe	0xaa0f86415ec0	0x1530	Key	0x10	MACHINE\SOFTWARE\CLASSES\CLSID\{B4BFCC3A-DB2C-424C-B029-7FE99A87C641}\INSTANCE
1260	explorer.exe	0xe38ff71a1300	0x1538	EtwRegistration	0x804	-
1260	explorer.exe	0xe38ffaa67e90	0x153c	Mutant	0x1f0001	SignalManager_RegistrationCacheMutex
1260	explorer.exe	0xe38ff7856750	0x1544	EtwRegistration	0x804	-
1260	explorer.exe	0xe38ff7855bf0	0x1548	EtwRegistration	0x804	-
1260	explorer.exe	0xaa0f9254b5e0	0x154c	Key	0x20019	MACHINE\SOFTWARE\MICROSOFT\WINDOWS\CURRENTVERSION\SIGNALMANAGER\PEEK\CACHESTORE
1260	explorer.exe	0xaa0f9254b1a0	0x1550	Key	0x20019	MACHINE\SOFTWARE\WOW6432NODE\MICROSOFT\EDGEUPDATE\CLIENTS
1260	explorer.exe	0xe38ff86d1060	0x1554	Event	0x1f0003	-
1260	explorer.exe	0xe38ff7855cd0	0x155c	EtwRegistration	0x804	-
1260	explorer.exe	0xe38ff7856830	0x1560	EtwRegistration	0x804	-
1260	explorer.exe	0xe38ff8405a80	0x1564	ALPC Port	0x1f0001	-
1260	explorer.exe	0xaa0f92545860	0x1568	Key	0x20019	MACHINE\SYSTEM\CONTROLSET001\SERVICES\CRYPT32
1260	explorer.exe	0xe38ff86caf60	0x156c	Event	0x1f0003	-
1260	explorer.exe	0xe38ffe19ced0	0x1570	WaitCompletionPacket	0x1	-
1260	explorer.exe	0xe38ff7856bc0	0x1574	IoCompletion	0x1f0003	-
1260	explorer.exe	0xe38ff7f6ba70	0x1578	TpWorkerFactory	0xf00ff	-
1260	explorer.exe	0xe38ff82a9eb0	0x157c	IRTimer	0x100002	-
1260	explorer.exe	0xe38ffe19d550	0x1580	WaitCompletionPacket	0x1	-
1260	explorer.exe	0xe38ff82a9960	0x1584	IRTimer	0x100002	-
1260	explorer.exe	0xe38ffe19d6f0	0x1588	WaitCompletionPacket	0x1	-
1260	explorer.exe	0xaa0f92576110	0x158c	Key	0x10	MACHINE\SOFTWARE\CLASSES\CLSID\{1F3427C8-5C10-4210-AA03-2EE45287D668}\INSTANCE
1260	explorer.exe	0xe38ff533aa90	0x1590	ALPC Port	0x1f0001	-
1260	explorer.exe	0xe38ff91da5e0	0x1594	Event	0x1f0003	-
1260	explorer.exe	0xe38ff914f570	0x159c	Event	0x1f0003	ShellReadyEvent
1260	explorer.exe	0xe38ff7855f70	0x15a0	EtwRegistration	0x804	-
1260	explorer.exe	0xe38ff7855db0	0x15a4	EtwRegistration	0x804	-
1260	explorer.exe	0xe38ff7855e90	0x15a8	EtwRegistration	0x804	-
1260	explorer.exe	0xaa0f925481d0	0x15ac	Key	0x3001f	MACHINE\SYSTEM\SOFTWARE\MICROSOFT\TIP\TESTRESULTS
1260	explorer.exe	0xe38ff7858270	0x15b0	EtwRegistration	0x804	-
1260	explorer.exe	0xe38ff7857b70	0x15b4	EtwRegistration	0x804	-
1260	explorer.exe	0xe38ffa72ccb0	0x15b8	File	0x100001	\Device\HarddiskVolume3\Windows\System32\en-US\Windows.Security.Authentication.Web.Core.dll.mui
1260	explorer.exe	0xe38ff7857ef0	0x15bc	EtwRegistration	0x804	-
1260	explorer.exe	0xe38ff78578d0	0x15c8	EtwRegistration	0x804	-
1260	explorer.exe	0xe38ff7ef3de0	0x15cc	ALPC Port	0x1f0001	-
1260	explorer.exe	0xe38ff9458560	0x15d4	Event	0x1f0003	-
1260	explorer.exe	0xe38ff8636970	0x15d8	EtwRegistration	0x804	-
1260	explorer.exe	0xe38ff9b8eee0	0x15dc	Event	0x1f0003	-
1260	explorer.exe	0xe38ff7857390	0x15e0	EtwRegistration	0x804	-
1260	explorer.exe	0xe38ff7b25090	0x15e4	EtwRegistration	0x804	-
1260	explorer.exe	0xe38ff7857630	0x15e8	EtwRegistration	0x804	-
1260	explorer.exe	0xe38ff7790070	0x15ec	ALPC Port	0x1f0001	-
1260	explorer.exe	0xe38ffcab21d0	0x15f0	File	0x100001	\Device\HarddiskVolume3\Windows\System32\en-GB\dsreg.dll.mui
1260	explorer.exe	0xe38ff78579b0	0x15f8	EtwRegistration	0x804	-
1260	explorer.exe	0xe38ff82747f0	0x15fc	EtwRegistration	0x804	-
1260	explorer.exe	0xe38ff7858890	0x1600	EtwRegistration	0x804	-
1260	explorer.exe	0xe38ff78562f0	0x1604	EtwRegistration	0x804	-
1260	explorer.exe	0xe38ff7857550	0x1608	EtwRegistration	0x804	-
1260	explorer.exe	0xe38ff7857710	0x160c	EtwRegistration	0x804	-
1260	explorer.exe	0xe38ff78577f0	0x1610	EtwRegistration	0x804	-
1260	explorer.exe	0xe38ff7857c50	0x1614	EtwRegistration	0x804	-
1260	explorer.exe	0xe38ff7857e10	0x1618	EtwRegistration	0x804	-
1260	explorer.exe	0xe38ff78570f0	0x161c	EtwRegistration	0x804	-
1260	explorer.exe	0xe38ff7857d30	0x1620	EtwRegistration	0x804	-
1260	explorer.exe	0xe38ff7856f30	0x1624	EtwRegistration	0x804	-
1260	explorer.exe	0xe38ff785a3b0	0x162c	EtwRegistration	0x804	-
1260	explorer.exe	0xe38ff7859bd0	0x1630	EtwRegistration	0x804	-
1260	explorer.exe	0xe38ff785a2d0	0x1634	EtwRegistration	0x804	-
1260	explorer.exe	0xe38ff7858a50	0x1638	EtwRegistration	0x804	-
1260	explorer.exe	0xe38ff7858b30	0x163c	EtwRegistration	0x804	-
1260	explorer.exe	0xe38ff8eba060	0x1640	Event	0x1f0003	-
1260	explorer.exe	0xe38ff75e8a80	0x1644	ALPC Port	0x1f0001	-
1260	explorer.exe	0xe38ff7859e70	0x1648	EtwRegistration	0x804	-
1260	explorer.exe	0xe38ff82764d0	0x164c	EtwRegistration	0x804	-
1260	explorer.exe	0xe38ff8436760	0x1650	Event	0x1f0003	-
1260	explorer.exe	0xe38ffd3d4080	0x1654	Thread	0x1fffff	Tid 5560 Pid 1260
1260	explorer.exe	0xe38ff809e9e0	0x165c	Event	0x1f0003	-
1260	explorer.exe	0xe38ffcd30810	0x1660	File	0x12019f	\Device\WMIDataDevice
1260	explorer.exe	0xe38ffdc4a260	0x1664	File	0x100081	\Device\HarddiskVolume3\Users\Patrick\Pictures
1260	explorer.exe	0xe38ff86eb080	0x1668	Thread	0x1fffff	Tid 4076 Pid 1260
1260	explorer.exe	0xe38ff81d9d60	0x166c	ALPC Port	0x1f0001	-
1260	explorer.exe	0xaa0f84a11350	0x1670	Section	0x0	-
1260	explorer.exe	0xe38ff8bcadf0	0x1674	ALPC Port	0x1f0001	[CoreUI]-PID(1260)-TID(5748) c771d0dc-aaba-4b20-90cc-f6ca61bcb525
1260	explorer.exe	0xe38ffb6732a0	0x1678	File	0x100001	\Device\HarddiskVolume3\Windows\System32\en-US\imapi2.dll.mui
1260	explorer.exe	0xe38ff7e508e0	0x167c	Event	0x1f0003	-
1260	explorer.exe	0xe38ff7e501e0	0x1680	Event	0x1f0003	-
1260	explorer.exe	0xe38ff8274630	0x1684	EtwRegistration	0x804	-
1260	explorer.exe	0xe38ff86ca160	0x1688	Event	0x1f0003	-
1260	explorer.exe	0xe38ff8274700	0x168c	IoCompletion	0x1f0003	-
1260	explorer.exe	0xe38ff86ca460	0x1690	Event	0x1f0003	-
1260	explorer.exe	0xe38ff86caee0	0x1694	Event	0x1f0003	-
1260	explorer.exe	0xe38ff86ca560	0x1698	Event	0x1f0003	-
1260	explorer.exe	0xe38ff86ca960	0x169c	Event	0x1f0003	-
1260	explorer.exe	0xe38ff86ca8e0	0x16a0	Event	0x1f0003	-
1260	explorer.exe	0xe38ff86cabe0	0x16a4	Event	0x1f0003	-
1260	explorer.exe	0xe38ff86ca9e0	0x16a8	Event	0x1f0003	-
1260	explorer.exe	0xe38ff86cac60	0x16ac	Event	0x1f0003	-
1260	explorer.exe	0xe38ff86cad60	0x16b0	Event	0x1f0003	-
1260	explorer.exe	0xe38ff86ca5e0	0x16b4	Event	0x1f0003	-
1260	explorer.exe	0xe38ff86caae0	0x16b8	Event	0x1f0003	-
1260	explorer.exe	0xe38ff86ca6e0	0x16bc	Event	0x1f0003	-
1260	explorer.exe	0xe38ff86ca760	0x16c0	Event	0x1f0003	-
1260	explorer.exe	0xe38ff86caa60	0x16c4	Event	0x1f0003	-
1260	explorer.exe	0xe38ff86cb7e0	0x16c8	Event	0x1f0003	-
1260	explorer.exe	0xe38ff86cb1e0	0x16cc	Event	0x1f0003	-
1260	explorer.exe	0xe38ff86cbfe0	0x16d0	Event	0x1f0003	-
1260	explorer.exe	0xe38ff86cb4e0	0x16d4	Event	0x1f0003	-
1260	explorer.exe	0xe38ff86cba60	0x16d8	Event	0x1f0003	-
1260	explorer.exe	0xe38ff86cbae0	0x16dc	Event	0x1f0003	-
1260	explorer.exe	0xe38ff6e35080	0x16e0	Thread	0x1fffff	Tid 7040 Pid 1260
1260	explorer.exe	0xe38ff94c2a80	0x16e4	ALPC Port	0x1f0001	-
1260	explorer.exe	0xe38ff86cb2e0	0x16e8	Event	0x1f0003	-
1260	explorer.exe	0xe38ff842fd80	0x16ec	Timer	0x1f0003	-
1260	explorer.exe	0xe38ff842f870	0x16f0	Timer	0x1f0003	-
1260	explorer.exe	0xe38ff86cd0e0	0x16f4	Event	0x1f0003	-
1260	explorer.exe	0xe38ffe1b1230	0x16f8	WaitCompletionPacket	0x1	-
1260	explorer.exe	0xe38ff86cc2e0	0x16fc	Event	0x1f0003	-
1260	explorer.exe	0xe38ffe1b1090	0x1700	WaitCompletionPacket	0x1	-
1260	explorer.exe	0xe38ffe1b1160	0x1704	WaitCompletionPacket	0x1	-
1260	explorer.exe	0xe38ffe1b14a0	0x1708	WaitCompletionPacket	0x1	-
1260	explorer.exe	0xe38ff6e35080	0x170c	Thread	0x1fffff	Tid 7040 Pid 1260
1260	explorer.exe	0xe38ffe1b0d50	0x1710	WaitCompletionPacket	0x1	-
1260	explorer.exe	0xe38ffc904af0	0x1714	IoCompletionReserve	0xf0003	-
1260	explorer.exe	0xe38ffe1b0530	0x1718	WaitCompletionPacket	0x1	-
1260	explorer.exe	0xe38ff8bdb070	0x171c	ALPC Port	0x1f0001	-
1260	explorer.exe	0xe38ffe1b07a0	0x1720	WaitCompletionPacket	0x1	-
1260	explorer.exe	0xe38ff7e4e960	0x1724	Event	0x1f0003	-
1260	explorer.exe	0xe38ff6e35080	0x1728	Thread	0x1fffff	Tid 7040 Pid 1260
1260	explorer.exe	0xe38ff827c5f0	0x172c	EtwRegistration	0x804	-
1260	explorer.exe	0xe38ffcd2d930	0x1730	File	0x100001	\Device\HarddiskVolume3\Program Files\WindowsApps\Microsoft.LanguageExperiencePacken-GB_19041.62.219.0_neutral__8wekyb3d8bbwe\Windows\System32\en-GB\ApplicationFrame.dll.mui
1260	explorer.exe	0xe38ff827b630	0x1734	EtwRegistration	0x804	-
1260	explorer.exe	0xe38ff827c350	0x1738	EtwRegistration	0x804	-
1260	explorer.exe	0xe38ff7e4fa60	0x1744	Event	0x1f0003	-
1260	explorer.exe	0xaa0f8568c730	0x1748	Section	0x0	-
1260	explorer.exe	0xe38ff7e4ede0	0x174c	Event	0x1f0003	-
1260	explorer.exe	0xaa0f7eaf7970	0x1750	DxgkCompositionObject	0x3	-
1260	explorer.exe	0xe38ff7e4ebe0	0x1754	Event	0x1f0003	-
1260	explorer.exe	0xe38ff827cc10	0x175c	EtwRegistration	0x804	-
1260	explorer.exe	0xe38ffe1b1cc0	0x1764	WaitCompletionPacket	0x1	-
1260	explorer.exe	0xe38ffa381250	0x1768	EtwRegistration	0x804	-
1260	explorer.exe	0xe38ff8698d80	0x176c	ALPC Port	0x1f0001	-
1260	explorer.exe	0xe38ffa381870	0x1774	EtwRegistration	0x804	-
1260	explorer.exe	0xe38ff87f8080	0x1778	Thread	0x1fffff	Tid 4108 Pid 1260
1260	explorer.exe	0xe38ff7e52660	0x177c	Event	0x1f0003	-
1260	explorer.exe	0xe38ff82821d0	0x1780	EtwRegistration	0x804	-
1260	explorer.exe	0xe38ff916db10	0x1784	Event	0x100000	{c245290c-487c-4f81-9aba-7eb0dac882a2}
1260	explorer.exe	0xe38ff9428c90	0x1788	Mutant	0x1f0001	C::Users:Patrick:AppData:Local:Microsoft:Windows:Explorer:iconcache_768.db!dfMaintainer
1260	explorer.exe	0xe38ff9427d90	0x178c	Mutant	0x1f0001	C::Users:Patrick:AppData:Local:Microsoft:Windows:Explorer:iconcache_custom_stream.db!dfMaintainer
1260	explorer.exe	0xe38ff9180990	0x1790	Event	0x1f0003	ShellLauncherLoginEvent
1260	explorer.exe	0xe38ff8283270	0x1794	EtwRegistration	0x804	-
1260	explorer.exe	0xe38ff859f070	0x1798	ALPC Port	0x1f0001	-
1260	explorer.exe	0xe38ffa382750	0x179c	EtwRegistration	0x804	-
1260	explorer.exe	0xe38ff9b44b30	0x17a0	Event	0x1f0003	Shell.BootHealth.RunningShellPassedHangChecks
1260	explorer.exe	0xe38ff94473e0	0x17a4	Event	0x1f0003	-
1260	explorer.exe	0xe38ffe1c06c0	0x17a8	WaitCompletionPacket	0x1	-
1260	explorer.exe	0xe38ff7b352b0	0x17ac	EtwRegistration	0x804	-
1260	explorer.exe	0xe38ff7b239d0	0x17b0	EtwRegistration	0x804	-
1260	explorer.exe	0xe38ff82851f0	0x17b4	EtwRegistration	0x804	-
1260	explorer.exe	0xe38ff7b25170	0x17bc	EtwRegistration	0x804	-
1260	explorer.exe	0xe38ff7e62b60	0x17c4	Event	0x1f0003	-
1260	explorer.exe	0xe38ff7b23730	0x17d4	EtwRegistration	0x804	-
1260	explorer.exe	0xe38ff6e53070	0x17d8	ALPC Port	0x1f0001	-
1260	explorer.exe	0xe38ff7eca530	0x17dc	ALPC Port	0x1f0001	-
1260	explorer.exe	0xe38ff7b23d50	0x17e0	EtwRegistration	0x804	-
1260	explorer.exe	0xe38ff7b269f0	0x17e4	EtwRegistration	0x804	-
1260	explorer.exe	0xe38ff7bab800	0x17ec	WmiGuid	0x100004	-
1260	explorer.exe	0xe38ff906a9a0	0x17f4	WaitCompletionPacket	0x1	-
1260	explorer.exe	0xe38ffe19ad80	0x17fc	WaitCompletionPacket	0x1	-
1260	explorer.exe	0xe38ffdc4a0d0	0x1804	File	0x100081	\Device\HarddiskVolume3\Users\Patrick\Music
1260	explorer.exe	0xe38ff94bd080	0x1808	Thread	0x1fffff	Tid 4172 Pid 1260
1260	explorer.exe	0xe38ff9448de0	0x180c	Event	0x1f0003	-
1260	explorer.exe	0xe38ff944a060	0x1810	Event	0x1f0003	-
1260	explorer.exe	0xe38ff871f170	0x1814	WaitCompletionPacket	0x1	-
1260	explorer.exe	0xe38ffd3f81a0	0x181c	Timer	0x1f0003	-
1260	explorer.exe	0xe38ff944cf60	0x1820	Event	0x1f0003	-
1260	explorer.exe	0xe38ff9449b60	0x1824	Event	0x1f0003	-
1260	explorer.exe	0xaa0f85123370	0x1828	DxgkCompositionObject	0x3	-
1260	explorer.exe	0xe38ff9b903e0	0x1834	Semaphore	0x100003	-
1260	explorer.exe	0xe38ff871f580	0x1838	WaitCompletionPacket	0x1	-
1260	explorer.exe	0xe38ff94d4080	0x183c	Thread	0x100000	Tid 6728 Pid 4748
1260	explorer.exe	0xe38ffc21ab70	0x1840	IoCompletionReserve	0xf0003	-
1260	explorer.exe	0xe38ff75d5080	0x1848	Thread	0x1fffff	Tid 5948 Pid 1260
1260	explorer.exe	0xe38ff7b241b0	0x184c	EtwRegistration	0x804	-
1260	explorer.exe	0xe38ff7b26670	0x1850	EtwRegistration	0x804	-
1260	explorer.exe	0xe38ff7b256c0	0x1854	IoCompletion	0x1f0003	-
1260	explorer.exe	0xe38ff7dcd080	0x1858	Thread	0x1fffff	Tid 7000 Pid 1260
1260	explorer.exe	0xe38ff9428690	0x1864	Mutant	0x1f0001	C::Users:Patrick:AppData:Local:Microsoft:Windows:Explorer:iconcache_1920.db!dfMaintainer
1260	explorer.exe	0xe38ff9449e60	0x186c	Event	0x1f0003	-
1260	explorer.exe	0xe38ffa390830	0x1870	EtwRegistration	0x804	-
1260	explorer.exe	0xe38ff7b25c00	0x1878	IoCompletion	0x1f0003	-
1260	explorer.exe	0xe38ff9449d60	0x187c	Event	0x1f0003	-
1260	explorer.exe	0xe38ff7b25cd0	0x1880	EtwRegistration	0x804	-
1260	explorer.exe	0xe38ff94495e0	0x1884	Event	0x1f0003	-
1260	explorer.exe	0xe38ff7b25250	0x1888	EtwRegistration	0x804	-
1260	explorer.exe	0xe38ff7b26750	0x188c	EtwRegistration	0x804	-
1260	explorer.exe	0xe38ff7b25db0	0x1890	EtwRegistration	0x804	-
1260	explorer.exe	0xe38ff7b26910	0x1894	EtwRegistration	0x804	-
1260	explorer.exe	0xe38ff7b26210	0x1898	EtwRegistration	0x804	-
1260	explorer.exe	0xe38ff7b264b0	0x189c	EtwRegistration	0x804	-
1260	explorer.exe	0xe38ffa730810	0x18a0	File	0x100001	\Device\HarddiskVolume3\Windows\SystemResources\stobject.dll.mun
1260	explorer.exe	0xe38ffa72f230	0x18a4	File	0x100001	\Device\HarddiskVolume3\Program Files\WindowsApps\Microsoft.LanguageExperiencePacken-GB_19041.62.219.0_neutral__8wekyb3d8bbwe\Windows\System32\en-GB\stobject.dll.mui
1260	explorer.exe	0xe38ffa72ed80	0x18a8	File	0x100020	\Device\HarddiskVolume3\Windows\WinSxS\amd64_microsoft.windows.common-controls_6595b64144ccf1df_6.0.19041.6456_none_60b8a6cb71f64256
1260	explorer.exe	0xe38ffa7309a0	0x18ac	File	0x120089	\Device\DeviceApi\CMNotify
1260	explorer.exe	0xe38ffd7440f0	0x18b0	WaitCompletionPacket	0x1	-
1260	explorer.exe	0xaa0f92572e10	0x18b4	Key	0x10	MACHINE\SOFTWARE\CLASSES\CLSID\{1F3427C8-5C10-4210-AA03-2EE45287D668}\INSTANCE
1260	explorer.exe	0xe38ffd7470e0	0x18bc	WaitCompletionPacket	0x1	-
1260	explorer.exe	0xe38ffb536760	0x18c4	File	0x120089	\Device\DeviceApi\Dev\Query
1260	explorer.exe	0xe38ff7b28190	0x18c8	EtwRegistration	0x804	-
1260	explorer.exe	0xe38ff9451a60	0x18cc	Event	0x1f0003	-
1260	explorer.exe	0xe38ff7b2a570	0x18d4	EtwRegistration	0x804	-
1260	explorer.exe	0xe38ff9451260	0x18d8	Event	0x1f0003	-
1260	explorer.exe	0xe38ff9451c60	0x18dc	Event	0x1f0003	-
1260	explorer.exe	0xe38ff7b29690	0x18e4	EtwRegistration	0x804	-
1260	explorer.exe	0xe38ff7dcd080	0x18e8	Thread	0x1fffff	Tid 7000 Pid 1260
1260	explorer.exe	0xe38ffcd2fa00	0x18ec	File	0x100001	\Device\HarddiskVolume3\Program Files\WindowsApps\Microsoft.LanguageExperiencePacken-GB_19041.62.219.0_neutral__8wekyb3d8bbwe\Windows\System32\en-GB\InputSwitch.dll.mui
1260	explorer.exe	0xe38ff7b36510	0x18f0	EtwRegistration	0x804	-
1260	explorer.exe	0xe38ff7b35a90	0x18f4	EtwRegistration	0x804	-
1260	explorer.exe	0xaa0f9256db30	0x1900	Key	0xf003f	USER\S-1-5-21-77607562-1836748022-3122067425-1001\SOFTWARE\MICROSOFT\WINDOWS\CURRENTVERSION\CLOUDSTORE
1260	explorer.exe	0xe38ffa3a1f50	0x1904	EtwRegistration	0x804	-
1260	explorer.exe	0xe38ff9455560	0x1908	Event	0x1f0003	-
1260	explorer.exe	0xe38ff7b35e10	0x190c	EtwRegistration	0x804	-
1260	explorer.exe	0xe38ffd747830	0x1910	WaitCompletionPacket	0x1	-
1260	explorer.exe	0xe38ff73bf540	0x1918	Thread	0x100000	Tid 4776 Pid 1260
1260	explorer.exe	0xe38ff9185670	0x191c	Event	0x100000	{44ea083b-899c-4440-8338-2469fd4681cf}
1260	explorer.exe	0xaa0f92572bf0	0x1920	Key	0x20019	MACHINE\SOFTWARE\MICROSOFT\WINDOWS\CURRENTVERSION\EXPLORER\FOLDERDESCRIPTIONS\{D65231B0-B2F1-4857-A4CE-A8E7C6EA7D27}\PROPERTYBAG
1260	explorer.exe	0xe38ff780fa60	0x1924	Event	0x1f0003	-
1260	explorer.exe	0xaa0f86411790	0x1934	Key	0x10	MACHINE\SOFTWARE\CLASSES\CLSID\{24AD3AD4-A569-4530-98E1-AB02F9417AA8}\INSTANCE
1260	explorer.exe	0xe38ffa389590	0x1938	EtwRegistration	0x804	-
1260	explorer.exe	0xe38ff6b8e2d0	0x1944	ALPC Port	0x1f0001	-
1260	explorer.exe	0xe38ff9b8b8e0	0x1958	Event	0x1f0003	-
1260	explorer.exe	0xaa0f92326f70	0x195c	DxgkCompositionObject	0x3	-
1260	explorer.exe	0xe38ffc0ddde0	0x1964	Event	0x1f0003	-
1260	explorer.exe	0xe38ffbbfb510	0x1968	Timer	0x1f0003	-
1260	explorer.exe	0xe38ff8c042d0	0x1978	ALPC Port	0x1f0001	-
1260	explorer.exe	0xe38ff863eaf0	0x197c	EtwRegistration	0x804	-
1260	explorer.exe	0xe38ff9427d90	0x1980	Mutant	0x1f0001	C::Users:Patrick:AppData:Local:Microsoft:Windows:Explorer:iconcache_custom_stream.db!dfMaintainer
1260	explorer.exe	0xe38ff7e8ad70	0x1984	Mutant	0x1f0001	-
1260	explorer.exe	0xaa0f92303f70	0x198c	DxgkCompositionObject	0x3	-
1260	explorer.exe	0xaa0f9298f280	0x1994	Key	0x20019	MACHINE\SOFTWARE\MICROSOFT\WINDOWS\CURRENTVERSION\EXPLORER\COMMANDSTORE\SHELL\WINDOWS.RIBBONDELETE
1260	explorer.exe	0xe38ff7308d50	0x1998	ALPC Port	0x1f0001	-
1260	explorer.exe	0xe38ff8060360	0x199c	Event	0x1f0003	-
1260	explorer.exe	0xe38ffc0dc6e0	0x19a8	Event	0x1f0003	-
1260	explorer.exe	0xe38ff9b884e0	0x19b0	Event	0x1f0003	-
1260	explorer.exe	0xe38ffd194ea0	0x19bc	File	0x100081	\Device\HarddiskVolume3\Users\Public\Desktop
1260	explorer.exe	0xaa0f8f4af850	0x19c8	Section	0xf0007	4ecHWNDInterface:240664
1260	explorer.exe	0xe38ff9455be0	0x19cc	Semaphore	0x1f0003	-
1260	explorer.exe	0xe38ff9455260	0x19d0	Event	0x1f0003	-
1260	explorer.exe	0xe38ff862dad0	0x19d4	EtwRegistration	0x804	-
1260	explorer.exe	0xe38ff8973080	0x19d8	Thread	0x1fffff	Tid 788 Pid 1260
1260	explorer.exe	0xe38ffc0d83e0	0x19dc	Event	0x1f0003	-
1260	explorer.exe	0xe38ff898b080	0x19e0	Thread	0x1fffff	Tid 408 Pid 1260
1260	explorer.exe	0xaa0f9257bc70	0x19e4	Key	0x8	USER\S-1-5-21-77607562-1836748022-3122067425-1001\SOFTWARE\MICROSOFT\WINDOWS NT\CURRENTVERSION
1260	explorer.exe	0xe38ff871e7b0	0x19f0	WaitCompletionPacket	0x1	-
1260	explorer.exe	0xe38ff7810660	0x19f8	Event	0x1f0003	-
1260	explorer.exe	0xe38ffcdcd080	0x19fc	Thread	0x1fffff	Tid 9424 Pid 1260
1260	explorer.exe	0xe38ffa671950	0x1a00	Event	0x100000	{E6071893-EF72-4032-ABCC-93B0A432FFA0}
1260	explorer.exe	0xe38ff944abe0	0x1a04	Event	0x1f0003	-
1260	explorer.exe	0xe38ff844a3e0	0x1a10	Event	0x1f0003	-
1260	explorer.exe	0xe38ff87f8080	0x1a1c	Thread	0x1fffff	Tid 4108 Pid 1260
1260	explorer.exe	0xe38ff94587e0	0x1a20	Event	0x1f0003	-
1260	explorer.exe	0xe38ffa6718b0	0x1a28	Event	0x100000	{AA7890B2-C6EC-4FDB-976E-B3E0023E6384}
1260	explorer.exe	0xe38ff538d880	0x1a2c	Event	0x1f0003	ShellStartReadyEvent
1260	explorer.exe	0xe38ffd74bee0	0x1a30	WaitCompletionPacket	0x1	-
1260	explorer.exe	0xe38ff8d29230	0x1a34	EtwRegistration	0x804	-
1260	explorer.exe	0xaa0fab2b1e60	0x1a3c	Key	0x10	MACHINE\SOFTWARE\CLASSES\CLSID\{24AD3AD4-A569-4530-98E1-AB02F9417AA8}\INSTANCE
1260	explorer.exe	0xaa0f85c9bf70	0x1a48	DxgkCompositionObject	0x3	-
1260	explorer.exe	0xe38ff7c4b6a0	0x1a54	Mutant	0x1f0001	ZonesLockedCacheCounterMutex
1260	explorer.exe	0xe38ff7c4a560	0x1a58	Mutant	0x1f0001	ZonesCacheCounterMutex
1260	explorer.exe	0xe38ff6a82a70	0x1a5c	EtwRegistration	0x804	-
1260	explorer.exe	0xaa0f7e62cb90	0x1a60	Section	0xf0007	UrlZonesSM_Patrick
1260	explorer.exe	0xe38ff682fe00	0x1a64	EtwRegistration	0x804	-
1260	explorer.exe	0xaa0f9257b940	0x1a68	Key	0x20019	MACHINE\SOFTWARE\MICROSOFT\WINDOWS\CURRENTVERSION\INTERNET SETTINGS\ZONEMAP
1260	explorer.exe	0xaa0f9257b610	0x1a6c	Key	0x2001f	USER\S-1-5-21-77607562-1836748022-3122067425-1001\SOFTWARE\MICROSOFT\WINDOWS\CURRENTVERSION\INTERNET SETTINGS\ZONEMAP
1260	explorer.exe	0xaa0f9257c3e0	0x1a70	Key	0x20019	MACHINE\SOFTWARE\WOW6432NODE
1260	explorer.exe	0xaa0f9257b500	0x1a74	Key	0x20019	USER\S-1-5-21-77607562-1836748022-3122067425-1001\SOFTWARE\POLICIES
1260	explorer.exe	0xaa0f9257c2d0	0x1a78	Key	0x20019	MACHINE\SOFTWARE
1260	explorer.exe	0xaa0f9257c0b0	0x1a84	Key	0x20019	USER\S-1-5-21-77607562-1836748022-3122067425-1001\SOFTWARE
1260	explorer.exe	0xaa0f86417400	0x1a88	Key	0x20019	USER\S-1-5-21-77607562-1836748022-3122067425-1001\SOFTWARE\MICROSOFT\WINDOWS\CURRENTVERSION\EXPLORER\TYPEDPATHS
1260	explorer.exe	0xaa0f92579da0	0x1a8c	Key	0x20019	MACHINE\SOFTWARE\POLICIES
1260	explorer.exe	0xe38ff8b76a80	0x1a90	ALPC Port	0x1f0001	-
1260	explorer.exe	0xe38ff6a83790	0x1a94	EtwRegistration	0x804	-
1260	explorer.exe	0xe38ff8f56ac0	0x1ab0	ALPC Port	0x1f0001	-
1260	explorer.exe	0xe38ffbb18f30	0x1ac0	Semaphore	0x100003	CDP_CALLBACK_A3CEE8DA-0F5B-CA93-B8A0-9F07F18213B9
1260	explorer.exe	0xaa0fab2b1b30	0x1acc	Key	0x10	MACHINE\SOFTWARE\CLASSES\CLSID\{D3162B92-9365-467A-956B-92703ACA08AF}\INSTANCE
1260	explorer.exe	0xe38ffdc4b200	0x1ad0	File	0x100081	\Device\HarddiskVolume3\Users\Patrick\AppData\Local\Microsoft\Windows\Burn
1260	explorer.exe	0xaa0f986918c0	0x1ad8	Key	0x10	MACHINE\SOFTWARE\CLASSES\CLSID\{3ADD1653-EB32-4CB0-BBD7-DFA0ABB5ACCA}\INSTANCE
1260	explorer.exe	0xe38ffa38dd50	0x1adc	EtwRegistration	0x804	-
1260	explorer.exe	0xe38ffbf207f0	0x1ae0	EtwRegistration	0x804	-
1260	explorer.exe	0xe38ffb178250	0x1ae8	File	0x120089	\Device\DeviceApi\Dev\Query
1260	explorer.exe	0xe38ffcdcd080	0x1af0	Thread	0x1fffff	Tid 9424 Pid 1260
1260	explorer.exe	0xaa0f7e7b3060	0x1af8	Token	0xf01ff	-
1260	explorer.exe	0xe38ffe028c20	0x1afc	File	0x100001	\Device\HarddiskVolume3\Program Files\WindowsApps\Microsoft.LanguageExperiencePacken-GB_19041.62.219.0_neutral__8wekyb3d8bbwe\Windows\System32\en-GB\NetworkExplorer.dll.mui
1260	explorer.exe	0xe38ff862dd70	0x1b00	EtwRegistration	0x804	-
1260	explorer.exe	0xe38ffcdcb080	0x1b04	Thread	0x1fffff	Tid 7496 Pid 1260
1260	explorer.exe	0xaa0f986b8ed0	0x1b08	Key	0x10	USER\S-1-5-21-77607562-1836748022-3122067425-1001_CLASSES\CLSID\{018D5C66-4533-4307-9B53-224DE2ED1FE6}\INSTANCE
1260	explorer.exe	0xe38ff862cb10	0x1b0c	EtwRegistration	0x804	-
1260	explorer.exe	0xaa0f92996dc0	0x1b10	Key	0x20019	MACHINE\SOFTWARE\CLASSES\LOCAL SETTINGS\SOFTWARE\MICROSOFT\WINDOWS\CURRENTVERSION\APPMODEL\DEPLOYMENT\APPEXTENSION\WINDOWSUDK.STORAGE.REGISTERSCHEMA\S-1-5-21-77607562-1836748022-3122067425-1001\{D5C21622-7F54-41BC-824A-ED5698BCF092}
1260	explorer.exe	0xe38ffcab3170	0x1b14	File	0x100020	\Device\HarddiskVolume3\Windows\WinSxS\amd64_microsoft.windows.common-controls_6595b64144ccf1df_6.0.19041.6456_none_60b8a6cb71f64256
1260	explorer.exe	0xe38ff780f2e0	0x1b18	Event	0x1f0003	-
1260	explorer.exe	0xe38ff7810760	0x1b20	Event	0x1f0003	-
1260	explorer.exe	0xe38ff78105e0	0x1b24	Event	0x1f0003	-
1260	explorer.exe	0xe38ffa6716d0	0x1b28	Event	0x100000	{A627DF18-7659-4920-80ED-7269A83E8C87}
1260	explorer.exe	0xe38ffcaae350	0x1b2c	File	0x120089	\Device\DeviceApi\CMNotify
1260	explorer.exe	0xe38ff780f460	0x1b30	Event	0x1f0003	-
1260	explorer.exe	0xe38ff862d130	0x1b34	EtwRegistration	0x804	-
1260	explorer.exe	0xe38ff780f4e0	0x1b38	Event	0x1f0003	-
1260	explorer.exe	0xe38ffcaae800	0x1b40	File	0x120089	\Device\DeviceApi\CMNotify
1260	explorer.exe	0xe38ff81d7ac0	0x1b44	ALPC Port	0x1f0001	-
1260	explorer.exe	0xe38ffb176ae0	0x1b48	File	0x120089	\Device\DeviceApi\Dev\Query
1260	explorer.exe	0xe38ff916db10	0x1b4c	Event	0x100000	{c245290c-487c-4f81-9aba-7eb0dac882a2}
1260	explorer.exe	0xe38ff780fe60	0x1b50	Event	0x1f0003	-
1260	explorer.exe	0xe38ff862ccc0	0x1b54	IoCompletion	0x1f0003	-
1260	explorer.exe	0xe38ffb176630	0x1b58	File	0x120089	\Device\DeviceApi\Dev\Query
1260	explorer.exe	0xe38ff8447b60	0x1b5c	Event	0x1f0003	-
1260	explorer.exe	0xe38ffb175370	0x1b60	File	0x100001	\Device\HarddiskVolume3\Windows\SystemResources\SndVolSSO.dll.mun
1260	explorer.exe	0xe38ffb176c70	0x1b64	File	0x120089	\Device\DeviceApi\Dev\Query
1260	explorer.exe	0xe38ffd767400	0x1b68	WaitCompletionPacket	0x1	-
1260	explorer.exe	0xaa0f86423560	0x1b6c	Key	0x20019	USER\S-1-5-21-77607562-1836748022-3122067425-1001_CLASSES\LOCAL SETTINGS\SOFTWARE\MICROSOFT\WINDOWS\SHELL\MUICACHE
1260	explorer.exe	0xe38ff7e89e70	0x1b70	Mutant	0x1f0001	-
1260	explorer.exe	0xe38ffcdcc080	0x1b74	Thread	0x100010	Tid 3120 Pid 1260
1260	explorer.exe	0xaa0fa8496190	0x1b78	Section	0xf0007	4ecHWNDInterface:207ea
1260	explorer.exe	0xaa0f8a5194b0	0x1b7c	Section	0xf0007	-
1260	explorer.exe	0xe38ff862d750	0x1b84	EtwRegistration	0x804	-
1260	explorer.exe	0xe38ffa737250	0x1b88	File	0x100020	\Device\HarddiskVolume3\Windows\WinSxS\amd64_microsoft.windows.common-controls_6595b64144ccf1df_6.0.19041.6456_none_60b8a6cb71f64256
1260	explorer.exe	0xe38ff51a7c90	0x1b8c	WaitCompletionPacket	0x1	-
1260	explorer.exe	0xe38ff6707c60	0x1b90	Event	0x1f0003	-
1260	explorer.exe	0xaa0f8640f9d0	0x1b94	Key	0x20019	USER\S-1-5-21-77607562-1836748022-3122067425-1001\SOFTWARE
1260	explorer.exe	0xe38ff7e8a870	0x1b98	Mutant	0x1f0001	-
1260	explorer.exe	0xe38ff8630bd0	0x1b9c	EtwRegistration	0x804	-
1260	explorer.exe	0xe38ffcdcb080	0x1ba0	Thread	0x100010	Tid 7496 Pid 1260
1260	explorer.exe	0xe38ff7e84650	0x1ba4	Mutant	0x1f0001	-
1260	explorer.exe	0xe38ffcaad6d0	0x1ba8	File	0x120089	\Device\DeviceApi\CMNotify
1260	explorer.exe	0xe38ffcaae990	0x1bac	File	0x120089	\Device\DeviceApi\CMNotify
1260	explorer.exe	0xaa0f9299f5c0	0x1bb0	Key	0x20019	MACHINE\SOFTWARE\MICROSOFT\WINDOWS\CURRENTVERSION\EXPLORER\FOLDERDESCRIPTIONS\{9B74B6A3-0DFD-4F11-9E78-5F7800F2E772}\PROPERTYBAG
1260	explorer.exe	0xe38ffcdcc080	0x1bb4	Thread	0x1fffff	Tid 3120 Pid 1260
1260	explorer.exe	0xe38ff780fc60	0x1bbc	Event	0x1f0003	-
1260	explorer.exe	0xe38ffcdcb080	0x1bc0	Thread	0x100000	Tid 7496 Pid 1260
1260	explorer.exe	0xe38ff862c500	0x1bc4	IoCompletion	0x1f0003	-
1260	explorer.exe	0xe38ff8442a60	0x1bc8	Event	0x1f0003	-
1260	explorer.exe	0xe38ff862d4b0	0x1bd0	EtwRegistration	0x804	-
1260	explorer.exe	0xe38ffb172df0	0x1bd4	File	0x100001	\Device\HarddiskVolume3\Program Files\WindowsApps\Microsoft.LanguageExperiencePacken-GB_19041.62.219.0_neutral__8wekyb3d8bbwe\Windows\System32\en-GB\bthprops.cpl.mui
1260	explorer.exe	0xe38ff6b2c2a0	0x1bdc	File	0x100001	\Device\HarddiskVolume3\Program Files\WindowsApps\Microsoft.LanguageExperiencePacken-GB_19041.62.219.0_neutral__8wekyb3d8bbwe\Windows\System32\en-GB\sndvolsso.dll.mui
1260	explorer.exe	0xe38ff843dde0	0x1be0	Event	0x1f0003	-
1260	explorer.exe	0xe38ff863a090	0x1be4	EtwRegistration	0x804	-
1260	explorer.exe	0xe38ff844c5e0	0x1be8	Event	0x1f0003	-
1260	explorer.exe	0xe38ff862d840	0x1bec	IoCompletion	0x1f0003	-
1260	explorer.exe	0xe38ff8637070	0x1bf0	EtwRegistration	0x804	-
1260	explorer.exe	0xe38ff862d9f0	0x1bf4	EtwRegistration	0x804	-
1260	explorer.exe	0xaa0f86411df0	0x1bf8	Key	0x10	MACHINE\SOFTWARE\CLASSES\CLSID\{1CF1260C-4DD0-4EBB-811F-33C572699FDE}\INSTANCE
1260	explorer.exe	0xe38ffc8508d0	0x1bfc	WaitCompletionPacket	0x1	-
1260	explorer.exe	0xe38ff9b939e0	0x1c08	Event	0x1f0003	-
1260	explorer.exe	0xe38ff8604e10	0x1c0c	EtwRegistration	0x804	-
1260	explorer.exe	0xe38ff862c250	0x1c10	EtwRegistration	0x804	-
1260	explorer.exe	0xaa0f9298db20	0x1c14	Key	0x20019	USER\S-1-5-21-77607562-1836748022-3122067425-1001\SOFTWARE\MICROSOFT\MSF\REGISTRATION\LISTEN
1260	explorer.exe	0xe38ff844b360	0x1c18	Event	0x1f0003	-
1260	explorer.exe	0xe38ff70a2060	0x1c1c	Event	0x1f0003	-
1260	explorer.exe	0xe38ff844b7e0	0x1c20	Semaphore	0x100003	-
1260	explorer.exe	0xe38ff7810de0	0x1c24	Event	0x1f0003	-
1260	explorer.exe	0xe38ff8637230	0x1c28	EtwRegistration	0x804	-
1260	explorer.exe	0xe38ff9b59790	0x1c2c	Mutant	0x1f0001	-
1260	explorer.exe	0xe38ff780ffe0	0x1c34	Event	0x1f0003	-
1260	explorer.exe	0xe38ff863c1d0	0x1c38	EtwRegistration	0x804	-
1260	explorer.exe	0xe38ffb52bb80	0x1c3c	File	0x100020	\Device\HarddiskVolume3\Windows\WinSxS\amd64_microsoft.windows.common-controls_6595b64144ccf1df_6.0.19041.6456_none_60b8a6cb71f64256
1260	explorer.exe	0xe38ff863e850	0x1c40	EtwRegistration	0x804	-
1260	explorer.exe	0xe38ff8449560	0x1c44	Event	0x1f0003	-
1260	explorer.exe	0xe380012d9960	0x1c4c	Event	0x1f0003	-
1260	explorer.exe	0xe38ffb1767c0	0x1c54	File	0x120089	\Device\DeviceApi\Dev\Query
1260	explorer.exe	0xe38ff78104e0	0x1c58	Event	0x1f0003	-
1260	explorer.exe	0xe38ffd3d4080	0x1c5c	Thread	0x1fffff	Tid 5560 Pid 1260
1260	explorer.exe	0xaa0fab2ccba0	0x1c64	Key	0x20019	USER\S-1-5-21-77607562-1836748022-3122067425-1001_CLASSES\DIRECTORY\BACKGROUND
1260	explorer.exe	0xe38ffdc4a710	0x1c68	File	0x100081	\Device\HarddiskVolume3\Users\Patrick\Downloads
1260	explorer.exe	0xe38ff80af660	0x1c6c	Event	0x1f0003	-
1260	explorer.exe	0xe38ff863e3f0	0x1c70	EtwRegistration	0x804	-
1260	explorer.exe	0xe38ffc84fb00	0x1c78	WaitCompletionPacket	0x1	-
1260	explorer.exe	0xe38ffc40e730	0x1c7c	EtwRegistration	0x804	-
1260	explorer.exe	0xe38ff86064d0	0x1c80	EtwRegistration	0x804	-
1260	explorer.exe	0xe38ffb539e10	0x1c8c	File	0x120089	\Device\DeviceApi\CMNotify
1260	explorer.exe	0xe38ff863cb70	0x1c94	EtwRegistration	0x804	-
1260	explorer.exe	0xe38ffc405eb0	0x1c98	EtwRegistration	0x804	-
1260	explorer.exe	0xe38ffd507ae0	0x1c9c	WaitCompletionPacket	0x1	-
1260	explorer.exe	0xe38ff8fe6cd0	0x1ca8	ALPC Port	0x1f0001	-
1260	explorer.exe	0xe38ff863f2d0	0x1cb0	EtwRegistration	0x804	-
1260	explorer.exe	0xe38ffbb15150	0x1cb4	Event	0x1f0003	WorkFoldersShellRegChangeEvent
1260	explorer.exe	0xaa0f9f369100	0x1cb8	Key	0x20019	USER\S-1-5-21-77607562-1836748022-3122067425-1001_CLASSES\DIRECTORY\BACKGROUND
1260	explorer.exe	0xe38ff9b92160	0x1cd0	Event	0x1f0003	-
1260	explorer.exe	0xe38ffdc495e0	0x1cd4	File	0x100081	\Device\HarddiskVolume3\Users\Patrick\Documents
1260	explorer.exe	0xe38ff8449d60	0x1ce0	Event	0x1f0003	-
1260	explorer.exe	0xe38ffd5077a0	0x1ce4	WaitCompletionPacket	0x1	-
1260	explorer.exe	0xe38ffba9eab0	0x1ce8	EtwRegistration	0x804	-
1260	explorer.exe	0xe38ff6829960	0x1cf8	EtwRegistration	0x804	-
1260	explorer.exe	0xe38ff8618910	0x1d00	EtwRegistration	0x804	-
1260	explorer.exe	0xe38ff9b8bb60	0x1d08	Event	0x1f0003	-
1260	explorer.exe	0xe38ff86eb080	0x1d0c	Thread	0x1fffff	Tid 4076 Pid 1260
1260	explorer.exe	0xe38ff6a90df0	0x1d18	EtwRegistration	0x804	-
1260	explorer.exe	0xe38ff8617cd0	0x1d1c	EtwRegistration	0x804	-
1260	explorer.exe	0xaa0f9257a730	0x1d20	Key	0x20019	MACHINE\SOFTWARE\MICROSOFT\WINDOWS\CURRENTVERSION\INTERNET SETTINGS\5.0\CACHE
1260	explorer.exe	0xe38ff86cf9e0	0x1d24	Event	0x1f0003	-
1260	explorer.exe	0xe38ff87bd080	0x1d30	Thread	0x1fffff	Tid 5748 Pid 1260
1260	explorer.exe	0xe38ffc84c490	0x1d40	WaitCompletionPacket	0x1	-
1260	explorer.exe	0xe38ff84506e0	0x1d44	Semaphore	0x100003	-
1260	explorer.exe	0xe38ff8620630	0x1d48	EtwRegistration	0x804	-
1260	explorer.exe	0xe38ffa7605b0	0x1d54	IoCompletionReserve	0xf0003	-
1260	explorer.exe	0xe38ffb3caca0	0x1d5c	ALPC Port	0x1f0001	-
1260	explorer.exe	0xe38ffbf27470	0x1d60	EtwRegistration	0x804	-
1260	explorer.exe	0xe38ff86cede0	0x1d68	Event	0x1f0003	-
1260	explorer.exe	0xe38ff666d920	0x1d6c	File	0x100081	\Device\HarddiskVolume3\Users\Patrick\AppData\Roaming\Microsoft\Windows\Printer Shortcuts
1260	explorer.exe	0xe38ffd506f80	0x1d74	WaitCompletionPacket	0x1	-
1260	explorer.exe	0xe38ffa381b00	0x1d7c	IoCompletion	0x1f0003	-
1260	explorer.exe	0xe38ff80630e0	0x1d80	Event	0x1f0003	-
1260	explorer.exe	0xe38ff7e58060	0x1d84	Event	0x1f0003	-
1260	explorer.exe	0xe38ff87bd080	0x1d88	Thread	0x1fffff	Tid 5748 Pid 1260
1260	explorer.exe	0xaa0f82204420	0x1d9c	Key	0x20019	USER\S-1-5-21-77607562-1836748022-3122067425-1001_CLASSES\DIRECTORY\BACKGROUND
1260	explorer.exe	0xaa0f98697860	0x1da4	Key	0x2001f	USER\S-1-5-21-77607562-1836748022-3122067425-1001\SOFTWARE\MICROSOFT\WINDOWS\CURRENTVERSION\EXPLORER\RUNMRU
1260	explorer.exe	0xe38ffc0db7e0	0x1dac	Event	0x1f0003	-
1260	explorer.exe	0xe38ff744cf00	0x1dbc	IoCompletion	0x1f0003	-
1260	explorer.exe	0xe38ff8d91080	0x1dc0	Thread	0x1fffff	Tid 10460 Pid 1260
1260	explorer.exe	0xe38ff85d6ce0	0x1dc4	ALPC Port	0x1f0001	-
1260	explorer.exe	0xaa0f7e62ab50	0x1dc8	Section	0x2	windows_webcache_counters_{9B6AB5B3-91BC-4097-835C-EA2DEC95E9CC}_S-1-5-21-77607562-1836748022-3122067425-1001
1260	explorer.exe	0xe38ff6a86970	0x1dcc	EtwRegistration	0x804	-
1260	explorer.exe	0xe38ff6a8f9d0	0x1dd0	EtwRegistration	0x804	-
1260	explorer.exe	0xe38ff6a8f490	0x1dd4	EtwRegistration	0x804	-
1260	explorer.exe	0xe38ff6a90990	0x1dd8	EtwRegistration	0x804	-
1260	explorer.exe	0xe38ff6a8fb90	0x1ddc	EtwRegistration	0x804	-
1260	explorer.exe	0xe38ff6a90a70	0x1de0	EtwRegistration	0x804	-
1260	explorer.exe	0xe38ff78149e0	0x1de4	Event	0x1f0003	-
1260	explorer.exe	0xe38ffc851360	0x1de8	WaitCompletionPacket	0x1	-
1260	explorer.exe	0xaa0f9257ab70	0x1dec	Key	0x20019	MACHINE\SYSTEM\CONTROLSET001\SERVICES\WINSOCK2\PARAMETERS\PROTOCOL_CATALOG9
1260	explorer.exe	0xe38ff7814760	0x1df0	Event	0x1f0003	-
1260	explorer.exe	0xaa0f9257ac80	0x1df4	Key	0x20019	MACHINE\SYSTEM\CONTROLSET001\SERVICES\WINSOCK2\PARAMETERS\NAMESPACE_CATALOG5
1260	explorer.exe	0xe38ff6a8fab0	0x1df8	EtwRegistration	0x804	-
1260	explorer.exe	0xe38ff6a907d0	0x1dfc	EtwRegistration	0x804	-
1260	explorer.exe	0xe38ff6a90d10	0x1e00	EtwRegistration	0x804	-
1260	explorer.exe	0xe38ff7814ae0	0x1e04	Event	0x1f0003	-
1260	explorer.exe	0xe38ffd752880	0x1e08	WaitCompletionPacket	0x1	-
1260	explorer.exe	0xaa0f9257aa60	0x1e0c	Key	0x20019	MACHINE\SOFTWARE\POLICIES\MICROSOFT\WINDOWS
1260	explorer.exe	0xe38ff7814460	0x1e10	Event	0x1f0003	-
1260	explorer.exe	0xe38ffd753da0	0x1e14	WaitCompletionPacket	0x1	-
1260	explorer.exe	0xe38ff8607110	0x1e18	EtwRegistration	0x804	-
1260	explorer.exe	0xaa0f9257b720	0x1e1c	Key	0x10	MACHINE\SOFTWARE\POLICIES\MICROSOFT\WINDOWS\TENANTRESTRICTIONS\PAYLOAD
1260	explorer.exe	0xe38ff8606930	0x1e20	EtwRegistration	0x804	-
1260	explorer.exe	0xe38ff86065b0	0x1e24	EtwRegistration	0x804	-
1260	explorer.exe	0xaa0f9257a620	0x1e28	Key	0x20019	MACHINE\SOFTWARE\POLICIES\MICROSOFT\WINDOWS
1260	explorer.exe	0xe38ff78144e0	0x1e2c	Event	0x1f0003	-
1260	explorer.exe	0xe38ff78145e0	0x1e30	Event	0x1f0003	-
1260	explorer.exe	0xe38ffd7545c0	0x1e3c	WaitCompletionPacket	0x1	-
1260	explorer.exe	0xe38ff7814be0	0x1e40	Event	0x1f0003	-
1260	explorer.exe	0xe38ffd754eb0	0x1e44	WaitCompletionPacket	0x1	-
1260	explorer.exe	0xaa0f7c9106b0	0x1e48	Section	0x4	F932B6C7-3A20-46A0-B8A0-8894AA421973
1260	explorer.exe	0xe38ffcd368f0	0x1e4c	File	0x100080	\Device\Nsi
1260	explorer.exe	0xaa0f9257a840	0x1e50	Key	0x10	MACHINE\SOFTWARE\POLICIES\MICROSOFT\WINDOWS\TENANTRESTRICTIONS\PAYLOAD
1260	explorer.exe	0xe38ff7e511e0	0x1e58	Event	0x1f0003	-
1260	explorer.exe	0xe38ffd3f70c0	0x1e5c	Timer	0x1f0003	-
1260	explorer.exe	0xe38ffc0d49e0	0x1e6c	Event	0x1f0003	-
1260	explorer.exe	0xe38ff9428390	0x1e70	Mutant	0x1f0001	C::Users:Patrick:AppData:Local:Microsoft:Windows:Explorer:iconcache_16.db!dfMaintainer
1260	explorer.exe	0xe38ff93b02d0	0x1e78	File	0x100081	\Device\HarddiskVolume3\Users\Patrick\Downloads\magnet RAM Capture
1260	explorer.exe	0xaa0f9869e7f0	0x1e7c	Key	0x2001f	USER\S-1-5-21-77607562-1836748022-3122067425-1001\SOFTWARE\MICROSOFT\WINDOWS\CURRENTVERSION\EXPLORER\RUNMRU
1260	explorer.exe	0xe38ff805de60	0x1e84	Event	0x1f0003	-
1260	explorer.exe	0xe38ff70a2c60	0x1e88	Event	0x1f0003	-
1260	explorer.exe	0xaa0f98689b60	0x1e8c	Key	0x20019	USER\S-1-5-21-77607562-1836748022-3122067425-1001\SOFTWARE\MICROSOFT\SYSTEMCERTIFICATES\CA
1260	explorer.exe	0xe38ff780a260	0x1e9c	Event	0x1f0003	-
1260	explorer.exe	0xe38ff7b0ef10	0x1ea0	EtwRegistration	0x804	-
1260	explorer.exe	0xe38ff9449460	0x1ea4	Event	0x1f0003	-
1260	explorer.exe	0xe38ff80ae1e0	0x1ea8	Event	0x1f0003	-
1260	explorer.exe	0xe38ffb6f0060	0x1eac	Event	0x1f0003	-
1260	explorer.exe	0xe38ffad4a790	0x1eb0	Mutant	0x1f0001	HGFSMUTEX
1260	explorer.exe	0xe38ff7e450e0	0x1eb4	Event	0x1f0003	-
1260	explorer.exe	0xaa0f8a5064f0	0x1ec0	Section	0x0	-
1260	explorer.exe	0xe38ff898b080	0x1ec8	Thread	0x1fffff	Tid 408 Pid 1260
1260	explorer.exe	0xaa0f8a835990	0x1ed0	Key	0x10	MACHINE\SOFTWARE\CLASSES\CLSID\{DFFACDC5-679F-4156-8947-C5C76BC0B67F}\INSTANCE
1260	explorer.exe	0xe38ff9b851e0	0x1ed8	Event	0x1f0003	-
1260	explorer.exe	0xe38ffbaa7dc0	0x1ee8	IoCompletion	0x1f0003	-
1260	explorer.exe	0xe38ff86cb6e0	0x1eec	Event	0x1f0003	-
1260	explorer.exe	0xe38ffbf2df30	0x1ef0	EtwRegistration	0x804	-
1260	explorer.exe	0xe38ff80adde0	0x1f00	Event	0x1f0003	-
1260	explorer.exe	0xe38ff2fc5500	0x1f04	WaitCompletionPacket	0x1	-
1260	explorer.exe	0xe38ff805d760	0x1f14	Semaphore	0x1f0003	-
1260	explorer.exe	0xe38ff9b960e0	0x1f18	Event	0x1f0003	-
1260	explorer.exe	0xe38ff9b93b60	0x1f1c	Event	0x1f0003	-
1260	explorer.exe	0xe38ff9b8a460	0x1f20	Event	0x1f0003	-
1260	explorer.exe	0xe38ffa395380	0x1f34	IoCompletion	0x1f0003	-
1260	explorer.exe	0xe38ff7c2b080	0x1f38	Process	0x100040	RuntimeBroker. Pid 5324
1260	explorer.exe	0xe38ffd5ef2c0	0x1f50	ALPC Port	0x1f0001	-
1260	explorer.exe	0xe38ffc84ff10	0x1f5c	WaitCompletionPacket	0x1	-
1260	explorer.exe	0xe38ff944eee0	0x1f60	Event	0x1f0003	-
1260	explorer.exe	0xe38ff7e5b8e0	0x1f68	Event	0x1f0003	-
1260	explorer.exe	0xe38ff8c27080	0x1f90	Thread	0x1fffff	Tid 10944 Pid 1260
1260	explorer.exe	0xe38ff7b7e6b0	0x1f98	WaitCompletionPacket	0x1	-
1260	explorer.exe	0xe38ff87bd080	0x1fa4	Thread	0x1fffff	Tid 5748 Pid 1260
1260	explorer.exe	0xe38ff9b88260	0x1fa8	Event	0x1f0003	-
1260	explorer.exe	0xe38ffbab4b50	0x1fb0	EtwRegistration	0x804	-
1260	explorer.exe	0xaa0f8992f350	0x1fb8	Section	0x0	-
1260	explorer.exe	0xaa0fab2b1c40	0x1fc0	Key	0x10	MACHINE\SOFTWARE\CLASSES\CLSID\{088E3905-0323-4B02-9826-5D99428E115F}\INSTANCE
1260	explorer.exe	0xe38ffbab1980	0x1fd0	IoCompletion	0x1f0003	-
1260	explorer.exe	0xe38ffdc463e0	0x1fe4	File	0x100081	\Device\HarddiskVolume3\Users\Patrick\OneDrive
1260	explorer.exe	0xe38ff906a660	0x1ff0	WaitCompletionPacket	0x1	-
1260	explorer.exe	0xe38ffc42c330	0x1ff4	EtwRegistration	0x804	-
1260	explorer.exe	0xe38ff944b7e0	0x1ffc	Event	0x1f0003	-
1260	explorer.exe	0xe38ff944bee0	0x2004	Event	0x1f0003	-
1260	explorer.exe	0xaa0f80164ed0	0x200c	Key	0x20006	USER\S-1-5-21-77607562-1836748022-3122067425-1001_CLASSES\LOCAL SETTINGS\SOFTWARE\MICROSOFT\WINDOWS\SHELL\BAGS\31\SHELL
1260	explorer.exe	0xaa0f8e257740	0x201c	Key	0x20019	USER\S-1-5-21-77607562-1836748022-3122067425-1001\SOFTWARE\MICROSOFT\SYSTEMCERTIFICATES\TRUST
1260	explorer.exe	0xe38000902ee0	0x2020	Event	0x1f0003	-
1260	explorer.exe	0xe38ff9b8b560	0x2028	Event	0x1f0003	-
1260	explorer.exe	0xe38ffd5083d0	0x202c	WaitCompletionPacket	0x1	-
1260	explorer.exe	0xe38ff6828700	0x2038	EtwRegistration	0x804	-
1260	explorer.exe	0xe38ffd18edc0	0x2044	File	0x100081	\Device\HarddiskVolume3\
1260	explorer.exe	0xe38ffd19d1e0	0x2058	File	0x100001	\Device\HarddiskVolume3\Windows\SystemResources\imageres.dll.mun
1260	explorer.exe	0xe38ff9a512e0	0x207c	File	0x12019f	\Device\HarddiskVolume3\Users\Patrick\AppData\Local\Microsoft\Windows\Explorer\iconcache_256.db
1260	explorer.exe	0xe38ff820a100	0x2084	WaitCompletionPacket	0x1	-
1260	explorer.exe	0xe38ff9b9b3e0	0x2088	Event	0x1f0003	-
1260	explorer.exe	0xe38ffd3f8860	0x208c	Timer	0x1f0003	-
1260	explorer.exe	0xaa0fab2b1910	0x20a0	Key	0x10	MACHINE\SOFTWARE\CLASSES\CLSID\{B4BFCC3A-DB2C-424C-B029-7FE99A87C641}\INSTANCE
1260	explorer.exe	0xe38ff7511d00	0x20a8	Event	0x100002	StateRepository.PrimaryTileUserNotificationChannel.{0A63881E-0B54-4401-87E4-DAAD25921EF7}
1260	explorer.exe	0xe38ff944f6e0	0x20ac	Event	0x1f0003	-
1260	explorer.exe	0xe38ff91de360	0x20b0	Event	0x1f0003	-
1260	explorer.exe	0xe38ff91de360	0x20b4	Event	0x1f0003	-
1260	explorer.exe	0xaa0f8f4af490	0x20cc	Section	0xf0007	4ecHWNDInterface:80d9a
1260	explorer.exe	0xe38000ba9610	0x20d0	Mutant	0x1f0001	C::Users:Patrick:AppData:Local:Microsoft:Windows:Explorer:thumbcache_32.db!dfMaintainer
1260	explorer.exe	0xe38ff7314900	0x20d4	ALPC Port	0x1f0001	-
1260	explorer.exe	0xe38fff7373e0	0x20d8	File	0x100020	\Device\HarddiskVolume3\Windows\WinSxS\amd64_microsoft.windows.common-controls_6595b64144ccf1df_6.0.19041.6456_none_60b8a6cb71f64256
1260	explorer.exe	0xe38fff73c6b0	0x20dc	File	0x100001	\Device\HarddiskVolume3\Program Files\WindowsApps\Microsoft.LanguageExperiencePacken-GB_19041.62.219.0_neutral__8wekyb3d8bbwe\Windows\System32\en-GB\UIRibbon.dll.mui
1260	explorer.exe	0xe38ffa3831d0	0x20e0	EtwRegistration	0x804	-
1260	explorer.exe	0xe38ffcdca080	0x20e4	Thread	0x1fffff	Tid 1084 Pid 1260
1260	explorer.exe	0xe38ff80a0460	0x20e8	Event	0x1f0003	-
1260	explorer.exe	0xe38ffc850ce0	0x20ec	WaitCompletionPacket	0x1	-
1260	explorer.exe	0xe38ff8449ae0	0x20f4	Event	0x1f0003	-
1260	explorer.exe	0xaa0f8640a910	0x2100	Key	0x10	MACHINE\SOFTWARE\CLASSES\CLSID\{088E3905-0323-4B02-9826-5D99428E115F}\INSTANCE
1260	explorer.exe	0xe38ffd18db00	0x2104	File	0x100081	\Device\HarddiskVolume3\
1260	explorer.exe	0xe38ff8c02080	0x2110	Thread	0x1fffff	Tid 4916 Pid 1260
1260	explorer.exe	0xe38ffc0d1e60	0x2114	Event	0x1f0003	-
1260	explorer.exe	0xe38ff944f4e0	0x2118	Event	0x1f0003	-
1260	explorer.exe	0xe38ffc84d5a0	0x211c	WaitCompletionPacket	0x1	-
1260	explorer.exe	0xe38ff7bd8de0	0x2120	Event	0x1f0003	-
1260	explorer.exe	0xe38ff8610870	0x2124	EtwRegistration	0x804	-
1260	explorer.exe	0xe38ffc0d7460	0x2130	Event	0x1f0003	-
1260	explorer.exe	0xe38ff86e5be0	0x2134	Event	0x1f0003	-
1260	explorer.exe	0xaa0f98696650	0x2138	Key	0x10	MACHINE\SOFTWARE\CLASSES\CLSID\{088E3905-0323-4B02-9826-5D99428E115F}\INSTANCE
1260	explorer.exe	0xaa0f986b8760	0x213c	Key	0x9	MACHINE\SOFTWARE\MICROSOFT\WINDOWS\CURRENTVERSION\EXPLORER\COMMANDSTORE\SHELL\WINDOWS.RENAME
1260	explorer.exe	0xaa0f86411ce0	0x2144	Key	0x10	MACHINE\SOFTWARE\CLASSES\CLSID\{B4BFCC3A-DB2C-424C-B029-7FE99A87C641}\INSTANCE
1260	explorer.exe	0xe38ffa3a0dd0	0x2148	EtwRegistration	0x804	-
1260	explorer.exe	0xe38ff709ae60	0x214c	Event	0x1f0003	-
1260	explorer.exe	0xe38ffa388cd0	0x2154	EtwRegistration	0x804	-
1260	explorer.exe	0xe38ff86e2060	0x2158	Event	0x1f0003	-
1260	explorer.exe	0xe38ffb249db0	0x2164	File	0x100001	\Device\HarddiskVolume3\Program Files\WindowsApps\Microsoft.LanguageExperiencePacken-GB_19041.62.219.0_neutral__8wekyb3d8bbwe\Program Files\Windows Defender\en-GB\shellext.dll.mui
1260	explorer.exe	0xe38ffd506d10	0x216c	WaitCompletionPacket	0x1	-
1260	explorer.exe	0xaa0f8640d8e0	0x2170	Key	0x20019	MACHINE\SOFTWARE\POLICIES
1260	explorer.exe	0xe38ff9526760	0x217c	File	0x12019f	\Device\HarddiskVolume3\Users\Patrick\AppData\Local\Microsoft\Windows\Explorer\iconcache_16.db
1260	explorer.exe	0xaa0f986b6230	0x2190	Key	0x20019	MACHINE\SOFTWARE\MICROSOFT\WINDOWS\CURRENTVERSION\EXPLORER\COMMANDSTORE\SHELL\WINDOWS.UNDO
1260	explorer.exe	0xaa0f85113370	0x219c	DxgkCompositionObject	0x3	-
1260	explorer.exe	0xe38ffc84eed0	0x21a8	WaitCompletionPacket	0x1	-
1260	explorer.exe	0xe38ffb52b3b0	0x21ac	File	0x100001	\Device\HarddiskVolume3\Program Files\WindowsApps\Microsoft.LanguageExperiencePacken-GB_19041.62.219.0_neutral__8wekyb3d8bbwe\Windows\System32\en-GB\hcproviders.dll.mui
1260	explorer.exe	0xe38ffd505b30	0x21b0	WaitCompletionPacket	0x1	-
1260	explorer.exe	0xaa0fa8496490	0x21c0	Section	0xf0007	4ecHWNDInterface:9069e
1260	explorer.exe	0xe38ffaf0c5f0	0x21c8	File	0x100020	\Device\HarddiskVolume3\Windows\WinSxS\amd64_microsoft.windows.common-controls_6595b64144ccf1df_6.0.19041.6456_none_60b8a6cb71f64256
1260	explorer.exe	0xaa0f92b25470	0x21cc	DxgkCompositionObject	0x3	-
1260	explorer.exe	0xe38ffc84c560	0x21d8	WaitCompletionPacket	0x1	-
1260	explorer.exe	0xe38ffa384190	0x21dc	EtwRegistration	0x804	-
1260	explorer.exe	0xe38ff87bd080	0x21ec	Thread	0x1fffff	Tid 5748 Pid 1260
1260	explorer.exe	0xe38ff7d0c970	0x21f0	EtwRegistration	0x804	-
1260	explorer.exe	0xe38ff7d0be10	0x21f4	EtwRegistration	0x804	-
1260	explorer.exe	0xe38ff9a4f210	0x2204	File	0x12019f	\Device\HarddiskVolume3\Users\Patrick\AppData\Local\Microsoft\Windows\Explorer\thumbcache_16.db
1260	explorer.exe	0xe38ff7807060	0x2208	Event	0x1f0003	-
1260	explorer.exe	0xe38ffbbf8c90	0x2218	Timer	0x1f0003	-
1260	explorer.exe	0xe38ff764a550	0x2220	ALPC Port	0x1f0001	[CoreUI]-PID(1260)-TID(9760) 00021920-68d8-494c-9dd6-688656843f67
1260	explorer.exe	0xe38000906ae0	0x2234	Semaphore	0x1f0003	-
1260	explorer.exe	0xe38ffc0c9360	0x2238	Event	0x1f0003	-
1260	explorer.exe	0xe38ff7814d60	0x2250	Event	0x1f0003	-
1260	explorer.exe	0xaa0f92818330	0x2254	Section	0x0	-
1260	explorer.exe	0xaa0f929909e0	0x2260	Key	0x20019	MACHINE\SOFTWARE\MICROSOFT\WINDOWS\CURRENTVERSION\EXPLORER\COMMANDSTORE
1260	explorer.exe	0xe38ff780dc60	0x2268	Event	0x1f0003	-
1260	explorer.exe	0xe38ff9b8e860	0x226c	Event	0x1f0003	-
1260	explorer.exe	0xe38ffc722880	0x2270	Timer	0x100002	-
1260	explorer.exe	0xe38ffc445a80	0x2288	File	0x100081	\Device\HarddiskVolume3\Users\Patrick\Searches
1260	explorer.exe	0xaa0f92543440	0x2298	Key	0x20019	USER\S-1-5-21-77607562-1836748022-3122067425-1001\SOFTWARE\MICROSOFT\INTERNET EXPLORER\SECURITY
1260	explorer.exe	0xaa0f92544540	0x229c	Key	0x20019	MACHINE\SOFTWARE\MICROSOFT\INTERNET EXPLORER\SECURITY
1260	explorer.exe	0xaa0fa8495d10	0x22b0	Section	0xf0007	4ecHWNDInterface:1206f6
1260	explorer.exe	0xe38000ba87d0	0x22b4	Mutant	0x1f0001	C::Users:Patrick:AppData:Local:Microsoft:Windows:Explorer:thumbcache_48.db!dfMaintainer
1260	explorer.exe	0xe38ffb304080	0x22b8	Thread	0x1fffff	Tid 6836 Pid 1260
1260	explorer.exe	0xe38ff86e1360	0x22bc	Event	0x1f0003	-
1260	explorer.exe	0xe38ff8062660	0x22c4	Event	0x1f0003	-
1260	explorer.exe	0xe38ffb6ef560	0x22c8	Event	0x1f0003	-
1260	explorer.exe	0xaa0f864118a0	0x22d0	Key	0x10	MACHINE\SOFTWARE\CLASSES\CLSID\{D3162B92-9365-467A-956B-92703ACA08AF}\INSTANCE
1260	explorer.exe	0xaa0f9200b3b0	0x22d8	Section	0x0	-
1260	explorer.exe	0xaa0f98691260	0x22dc	Key	0x10	MACHINE\SOFTWARE\CLASSES\CLSID\{1CF1260C-4DD0-4EBB-811F-33C572699FDE}\INSTANCE
1260	explorer.exe	0xe38ff6d8f1e0	0x22e4	Event	0x1f0003	-
1260	explorer.exe	0xe38ff906a250	0x22f4	WaitCompletionPacket	0x1	-
1260	explorer.exe	0xe38ff817dd80	0x22f8	ALPC Port	0x1f0001	-
1260	explorer.exe	0xe38ff9428450	0x22fc	Mutant	0x1f0001	C::Users:Patrick:AppData:Local:Microsoft:Windows:Explorer:iconcache_idx.db!rwWriterMutex
1260	explorer.exe	0xe38ff9b891e0	0x2300	Event	0x1f0003	-
1260	explorer.exe	0xaa0f92b4c900	0x2304	Key	0x20019	MACHINE\SOFTWARE\POLICIES\MICROSOFT\SYSTEMCERTIFICATES
1260	explorer.exe	0xaa0f92b4cb20	0x2308	Key	0x20019	USER\S-1-5-21-77607562-1836748022-3122067425-1001\SOFTWARE\POLICIES\MICROSOFT\SYSTEMCERTIFICATES
1260	explorer.exe	0xe38ff85e7d90	0x2314	Timer	0x1f0003	-
1260	explorer.exe	0xe38ffc43ab10	0x2318	EtwRegistration	0x804	-
1260	explorer.exe	0xe38ff74e5080	0x232c	Thread	0x1fffff	Tid 10236 Pid 1260
1260	explorer.exe	0xe38ffe029580	0x2330	File	0x100020	\Device\HarddiskVolume3\Windows\WinSxS\amd64_microsoft.windows.gdiplus_6595b64144ccf1df_1.1.19041.6456_none_91a399b0cc88bc24
1260	explorer.exe	0xe38ff88271d0	0x2344	EtwRegistration	0x804	-
1260	explorer.exe	0xe38ffba91ed0	0x234c	EtwRegistration	0x804	-
1260	explorer.exe	0xe38ff7e5c2e0	0x2360	Event	0x1f0003	-
1260	explorer.exe	0xe38ff901aeb0	0x2378	EtwRegistration	0x804	-
1260	explorer.exe	0xe38ffbab40d0	0x2388	EtwRegistration	0x804	-
1260	explorer.exe	0xe3800090b460	0x238c	Event	0x1f0003	-
1260	explorer.exe	0xe38ff9445e60	0x2390	Event	0x1f0003	-
1260	explorer.exe	0xe38ff9446460	0x2394	Event	0x1f0003	-
1260	explorer.exe	0xaa0f80166300	0x239c	Key	0x20019	MACHINE\SOFTWARE\MICROSOFT\ENTERPRISECERTIFICATES\CA
1260	explorer.exe	0xe38ffd50b2f0	0x23ac	WaitCompletionPacket	0x1	-
1260	explorer.exe	0xe38ff86114b0	0x23c0	EtwRegistration	0x804	-
1260	explorer.exe	0xe38ff86e1ee0	0x23c8	Semaphore	0x1f0003	-
1260	explorer.exe	0xe38000ba99d0	0x23cc	Mutant	0x1f0001	C::Users:Patrick:AppData:Local:Microsoft:Windows:Explorer:thumbcache_wide.db!dfMaintainer
1260	explorer.exe	0xaa0fab703490	0x23d0	Section	0xf0007	4ecHWNDInterface:50c26
1260	explorer.exe	0xe38ffd7667d0	0x23d4	WaitCompletionPacket	0x1	-
1260	explorer.exe	0xe38ffd50b8a0	0x23d8	WaitCompletionPacket	0x1	-
1260	explorer.exe	0xe38ffd19dcd0	0x23f0	File	0x100020	\Device\HarddiskVolume3\Windows\WinSxS\amd64_microsoft.windows.common-controls_6595b64144ccf1df_6.0.19041.6456_none_60b8a6cb71f64256
1260	explorer.exe	0xaa0f9257fc30	0x23f4	Key	0x10	MACHINE\SOFTWARE\CLASSES\CLSID\{DFFACDC5-679F-4156-8947-C5C76BC0B67F}\INSTANCE
1260	explorer.exe	0xe38ffa390c90	0x240c	EtwRegistration	0x804	-
1260	explorer.exe	0xe38ff6829500	0x2410	EtwRegistration	0x804	-
1260	explorer.exe	0xe38ff5129080	0x2414	Thread	0x1fffff	Tid 8788 Pid 1260
1260	explorer.exe	0xaa0f82202770	0x2420	Key	0x20019	USER\S-1-5-21-77607562-1836748022-3122067425-1001_CLASSES\LOCAL SETTINGS\SOFTWARE\MICROSOFT\WINDOWS\SHELL\BAGS\1\SHELL
1260	explorer.exe	0xaa0f91652410	0x2424	Section	0xf0007	4ecHWNDInterface:2002ae
1260	explorer.exe	0xe38ffbab08c0	0x242c	IoCompletion	0x1f0003	-
1260	explorer.exe	0xe38ff8614bd0	0x2430	EtwRegistration	0x804	-
1260	explorer.exe	0xe38ffd50a110	0x2448	WaitCompletionPacket	0x1	-
1260	explorer.exe	0xaa0f925819f0	0x2454	Key	0x20019	USER\S-1-5-21-77607562-1836748022-3122067425-1001_CLASSES\DIRECTORY\BACKGROUND
1260	explorer.exe	0xe38ff9b8b7e0	0x2458	Event	0x1f0003	-
1260	explorer.exe	0xe38ff8618c80	0x2460	IoCompletion	0x1f0003	-
1260	explorer.exe	0xe38ff6dcdce0	0x2468	ALPC Port	0x1f0001	-
1260	explorer.exe	0xe38ff6dcda80	0x246c	ALPC Port	0x1f0001	-
1260	explorer.exe	0xe38ff8b51fe0	0x2470	Event	0x1f0003	-
1260	explorer.exe	0xe38ff8b51260	0x2474	Event	0x1f0003	-
1260	explorer.exe	0xe38ff8b52c60	0x2478	Event	0x1f0003	-
1260	explorer.exe	0xe38ffd7600a0	0x247c	WaitCompletionPacket	0x1	-
1260	explorer.exe	0xe38ff8b52d60	0x2480	Event	0x1f0003	-
1260	explorer.exe	0xe38ffd75fd60	0x2484	WaitCompletionPacket	0x1	-
1260	explorer.exe	0xe38ff8b546e0	0x2488	Event	0x1f0003	-
1260	explorer.exe	0xe38ff8b549e0	0x248c	Event	0x1f0003	-
1260	explorer.exe	0xe38ff6c247e0	0x2490	Event	0x1f0003	-
1260	explorer.exe	0xe38ffd75f200	0x2494	WaitCompletionPacket	0x1	-
1260	explorer.exe	0xe38ff6c299e0	0x2498	Event	0x1f0003	-
1260	explorer.exe	0xe38ff6c29ae0	0x249c	Event	0x1f0003	-
1260	explorer.exe	0xe38ff6c29c60	0x24a0	Event	0x1f0003	-
1260	explorer.exe	0xe38ffd75f7b0	0x24a4	WaitCompletionPacket	0x1	-
1260	explorer.exe	0xe38ff6c2aa60	0x24a8	Event	0x1f0003	-
1260	explorer.exe	0xe38ff6c2b6e0	0x24ac	Event	0x1f0003	-
1260	explorer.exe	0xe38ff6c2b1e0	0x24b0	Event	0x1f0003	-
1260	explorer.exe	0xe38ffd760170	0x24b4	WaitCompletionPacket	0x1	-
1260	explorer.exe	0xe38ff7fd8a70	0x24b8	TpWorkerFactory	0xf00ff	-
1260	explorer.exe	0xe38ff7bac900	0x24bc	IRTimer	0x100002	-
1260	explorer.exe	0xe38ffd760240	0x24c0	WaitCompletionPacket	0x1	-
1260	explorer.exe	0xe38ff7badc20	0x24c4	IRTimer	0x100002	-
1260	explorer.exe	0xe38ffd75edf0	0x24c8	WaitCompletionPacket	0x1	-
1260	explorer.exe	0xe38ffd18ec30	0x24cc	File	0x120089	\Device\DeviceApi\CMNotify
1260	explorer.exe	0xaa0f9257d3d0	0x24d0	Key	0xf	USER\S-1-5-21-77607562-1836748022-3122067425-1001\SOFTWARE\MICROSOFT\WINDOWS\CURRENTVERSION\INTERNET SETTINGS\5.0\CACHE
1260	explorer.exe	0xaa0f7c9106b0	0x24d4	Section	0x4	F932B6C7-3A20-46A0-B8A0-8894AA421973
1260	explorer.exe	0xaa0f986b9ec0	0x24dc	Key	0x10	MACHINE\SOFTWARE\CLASSES\CLSID\{0DB7E03F-FC29-4DC6-9020-FF41B59E513A}\INSTANCE
1260	explorer.exe	0xaa0f92812f70	0x24e0	Section	0x0	-
1260	explorer.exe	0xe38ff8706f80	0x24e4	WaitCompletionPacket	0x1	-
1260	explorer.exe	0xe38ff5129080	0x24e8	Thread	0x1fffff	Tid 8788 Pid 1260
1260	explorer.exe	0xe38ff7e51fe0	0x24ec	Event	0x1f0003	-
1260	explorer.exe	0xaa0f92a06270	0x24fc	DxgkCompositionObject	0x3	-
1260	explorer.exe	0xaa0f92546eb0	0x2500	Key	0x10	MACHINE\SOFTWARE\MICROSOFT\WINDOWS\CURRENTVERSION\POLICIES\SYSTEM
1260	explorer.exe	0xe38ff862de50	0x2510	EtwRegistration	0x804	-
1260	explorer.exe	0xe38ffa36f970	0x2514	EtwRegistration	0x804	-
1260	explorer.exe	0xe38ffa3a2110	0x2520	EtwRegistration	0x804	-
1260	explorer.exe	0xe38ff9428150	0x2524	Mutant	0x1f0001	C::Users:Patrick:AppData:Local:Microsoft:Windows:Explorer:iconcache_256.db!dfMaintainer
1260	explorer.exe	0xe38ffd76e760	0x2528	WaitCompletionPacket	0x1	-
1260	explorer.exe	0xe38ff6dbaaa0	0x252c	ALPC Port	0x1f0001	[CoreUI]-PID(1260)-TID(4076) ce7b3fbf-2545-426f-8627-d117c5030c4e
1260	explorer.exe	0xe38ffd88d1d0	0x2534	Mutant	0x1f0001	-
1260	explorer.exe	0xe38ff7bd8fe0	0x2538	Event	0x1f0003	-
1260	explorer.exe	0xe38ff8713900	0x253c	WaitCompletionPacket	0x1	-
1260	explorer.exe	0xe38ff8729ce0	0x2548	WaitCompletionPacket	0x1	-
1260	explorer.exe	0xe38ff9b8ebe0	0x254c	Event	0x1f0003	-
1260	explorer.exe	0xe38ffdc46a20	0x2554	File	0x100081	\Device\HarddiskVolume3\Users\Patrick\Videos
1260	explorer.exe	0xaa0f86411f00	0x2558	Key	0x10	MACHINE\SOFTWARE\CLASSES\CLSID\{A8CDFF1C-4878-43BE-B5FD-F8091C1C60D0}\INSTANCE
1260	explorer.exe	0xaa0fab2c3f60	0x2560	Key	0x10	MACHINE\SOFTWARE\CLASSES\CLSID\{24AD3AD4-A569-4530-98E1-AB02F9417AA8}\INSTANCE
1260	explorer.exe	0xe38ff862e390	0x2564	EtwRegistration	0x804	-
1260	explorer.exe	0xe38ff7811160	0x2568	Event	0x1f0003	-
1260	explorer.exe	0xe38ff9b8a560	0x256c	Event	0x1f0003	-
1260	explorer.exe	0xe38ffa7368f0	0x2570	File	0x120089	\Device\DeviceApi\CMNotify
1260	explorer.exe	0xe38ff844b960	0x2574	Semaphore	0x100003	-
1260	explorer.exe	0xe38ff9b687b0	0x2580	Event	0x1f0003	HasBrushTransitions.1260.5560
1260	explorer.exe	0xe38ffba91530	0x2588	EtwRegistration	0x804	-
1260	explorer.exe	0xaa0fa8496490	0x2594	Section	0xf0007	4ecHWNDInterface:9069e
1260	explorer.exe	0xe38ffc409340	0x259c	IoCompletion	0x1f0003	-
1260	explorer.exe	0xe38ffa3814f0	0x25a4	EtwRegistration	0x804	-
1260	explorer.exe	0xe38ffa381db0	0x25a8	EtwRegistration	0x804	-
1260	explorer.exe	0xe38fff73c9d0	0x25ac	File	0x100001	\Device\HarddiskVolume3\Program Files\WindowsApps\Microsoft.LanguageExperiencePacken-GB_19041.62.219.0_neutral__8wekyb3d8bbwe\Windows\System32\en-GB\dui70.dll.mui
1260	explorer.exe	0xaa0f929a0d20	0x25b4	Key	0x10	MACHINE\SOFTWARE\CLASSES\CLSID\{DFFACDC5-679F-4156-8947-C5C76BC0B67F}\INSTANCE
1260	explorer.exe	0xe38ff7e50160	0x25b8	Semaphore	0x100003	-
1260	explorer.exe	0xe38ff5129080	0x25e0	Thread	0x1fffff	Tid 8788 Pid 1260
1260	explorer.exe	0xaa0f92995cc0	0x25e4	Key	0x20019	MACHINE\SOFTWARE\MICROSOFT\WINDOWS\CURRENTVERSION\EXPLORER\FOLDERDESCRIPTIONS\{2B20DF75-1EDA-4039-8097-38798227D5B7}\PROPERTYBAG
1260	explorer.exe	0xe38ff6c6f160	0x25e8	EtwRegistration	0x804	-
1260	explorer.exe	0xe38ff86cb460	0x25ec	Event	0x1f0003	-
1260	explorer.exe	0xe38ffa379ed0	0x25f0	EtwRegistration	0x804	-
1260	explorer.exe	0xe38ffa382140	0x25fc	IoCompletion	0x1f0003	-
1260	explorer.exe	0xe38ff7e5d260	0x2600	Event	0x1f0003	-
1260	explorer.exe	0xe38ff7e50de0	0x2604	Event	0x1f0003	-
1260	explorer.exe	0xaa0f81a263f0	0x2610	Section	0x0	-
1260	explorer.exe	0xaa0f92999950	0x2614	Key	0x20019	MACHINE\SOFTWARE\MICROSOFT\WINDOWS\CURRENTVERSION\EXPLORER\FOLDERDESCRIPTIONS\{3214FAB5-9757-4298-BB61-92A9DEAA44FF}\PROPERTYBAG
1260	explorer.exe	0xe38ffa3a2ab0	0x2618	EtwRegistration	0x804	-
1260	explorer.exe	0xaa0f7ed02cb0	0x2620	Section	0x0	-
1260	explorer.exe	0xe38ffc0ccfe0	0x2630	Event	0x1f0003	-
1260	explorer.exe	0xe38ff862d210	0x2638	EtwRegistration	0x804	-
1260	explorer.exe	0xe38ff862c790	0x263c	EtwRegistration	0x804	-
1260	explorer.exe	0xe38ffa381f70	0x2640	EtwRegistration	0x804	-
1260	explorer.exe	0xe38ff6d91560	0x2644	Event	0x1f0003	-
1260	explorer.exe	0xe38ffb6ee5e0	0x2648	Event	0x1f0003	-
1260	explorer.exe	0xaa0f9299d910	0x264c	Key	0x20019	MACHINE\SOFTWARE\MICROSOFT\WINDOWS\CURRENTVERSION\EXPLORER\FOLDERDESCRIPTIONS\{F3CE0F7C-4901-4ACC-8648-D5D44B04EF8F}\PROPERTYBAG
1260	explorer.exe	0xaa0f8f4aef50	0x2650	Section	0xf0007	4ecHWNDInterface:140794
1260	explorer.exe	0xe38ffba8d9b0	0x2658	EtwRegistration	0x804	-
1260	explorer.exe	0xe38ffc84e920	0x2660	WaitCompletionPacket	0x1	-
1260	explorer.exe	0xaa0f92984440	0x2664	Key	0x20019	MACHINE\SOFTWARE\MICROSOFT\SYSTEMCERTIFICATES\CA
1260	explorer.exe	0xe38ffc0dc360	0x2668	Event	0x1f0003	-
1260	explorer.exe	0xe38ff9b8c060	0x2674	Event	0x1f0003	-
1260	explorer.exe	0xe38ffb1735c0	0x2684	File	0x100001	\Device\HarddiskVolume3\Program Files\WindowsApps\Microsoft.LanguageExperiencePacken-GB_19041.62.219.0_neutral__8wekyb3d8bbwe\Windows\System32\en-GB\pnidui.dll.mui
1260	explorer.exe	0xe38ff727dd50	0x2688	ALPC Port	0x1f0001	-
1260	explorer.exe	0xaa0fab2aaa90	0x2694	Key	0x10	MACHINE\SOFTWARE\CLASSES\CLSID\{A0953C92-50DC-43BF-BE83-3742FED03C9C}\INSTANCE
1260	explorer.exe	0xe38ff9b8f6e0	0x2698	Event	0x1f0003	-
1260	explorer.exe	0xaa0f89904470	0x26a4	Section	0x0	-
1260	explorer.exe	0xe38ffcc35870	0x26a8	IoCompletionReserve	0xf0003	-
1260	explorer.exe	0xe38ff8572080	0x26b0	Thread	0x100000	Tid 7804 Pid 7800
1260	explorer.exe	0xe38ff9b8efe0	0x26c0	Event	0x1f0003	-
1260	explorer.exe	0xe38ff8633bf0	0x26c4	EtwRegistration	0x804	-
1260	explorer.exe	0xe38ff804ae60	0x26c8	Event	0x1f0003	-
1260	explorer.exe	0xe38ff8391080	0x26cc	Thread	0x1fffff	Tid 8556 Pid 1260
1260	explorer.exe	0xe38ff8637bd0	0x26d0	EtwRegistration	0x804	-
1260	explorer.exe	0xe38ff8636cf0	0x26d4	EtwRegistration	0x804	-
1260	explorer.exe	0xe38ff9b88660	0x26dc	Event	0x1f0003	-
1260	explorer.exe	0xe38ff6acb3e0	0x26e0	Event	0x1f0003	-
1260	explorer.exe	0xe38ff901add0	0x26e4	EtwRegistration	0x804	-
1260	explorer.exe	0xe38ffc850c10	0x26e8	WaitCompletionPacket	0x1	-
1260	explorer.exe	0xe38ff86c7e60	0x26ec	Event	0x1f0003	-
1260	explorer.exe	0xe38ff9b88ae0	0x26f8	Semaphore	0x100003	-
1260	explorer.exe	0xe38ff95241e0	0x2708	File	0x12019f	\Device\HarddiskVolume3\Users\Patrick\AppData\Local\Microsoft\Windows\Explorer\iconcache_idx.db
1260	explorer.exe	0xaa0f86408600	0x2710	Key	0x20019	MACHINE\SOFTWARE\CLASSES\PACKAGEDCOM\PACKAGE
1260	explorer.exe	0xaa0f7c2961e0	0x2718	Key	0x20019	USER\S-1-5-21-77607562-1836748022-3122067425-1001
1260	explorer.exe	0xe38ff9428bd0	0x2734	Mutant	0x1f0001	C::Users:Patrick:AppData:Local:Microsoft:Windows:Explorer:iconcache_exif.db!dfMaintainer
1260	explorer.exe	0xe38ff80ad5e0	0x2740	Event	0x1f0003	-
1260	explorer.exe	0xe38ff906b1c0	0x2744	WaitCompletionPacket	0x1	-
1260	explorer.exe	0xaa0f92021750	0x2748	Section	0x0	-
1260	explorer.exe	0xe38ffba8d8d0	0x2754	EtwRegistration	0x804	-
1260	explorer.exe	0xe38ff863e770	0x275c	EtwRegistration	0x804	-
1260	explorer.exe	0xe38ff9428750	0x2760	Mutant	0x1f0001	C::Users:Patrick:AppData:Local:Microsoft:Windows:Explorer:iconcache_sr.db!dfMaintainer
1260	explorer.exe	0xe38ff8611130	0x2770	EtwRegistration	0x804	-
1260	explorer.exe	0xaa0f928077b0	0x278c	Section	0x0	-
1260	explorer.exe	0xe38ff84423e0	0x279c	Event	0x1f0003	-
1260	explorer.exe	0xe38ff7d057b0	0x27a0	EtwRegistration	0x804	-
1260	explorer.exe	0xe38ffc0ccde0	0x27ac	Event	0x1f0003	-
1260	explorer.exe	0xaa0f86416410	0x27b0	Key	0x2001f	USER\S-1-5-21-77607562-1836748022-3122067425-1001\SOFTWARE\MICROSOFT\WINDOWS\CURRENTVERSION\EXPLORER\RUNMRU
1260	explorer.exe	0xe38ffc84f550	0x27c4	WaitCompletionPacket	0x1	-
1260	explorer.exe	0xaa0f9fb29590	0x27cc	Section	0xf0007	4ecHWNDInterface:1082c
1260	explorer.exe	0xaa0f864083e0	0x27e4	Key	0x20019	USER\S-1-5-21-77607562-1836748022-3122067425-1001_CLASSES\PACKAGEDCOM
1260	explorer.exe	0xe38ff84514e0	0x27ec	Event	0x1f0003	-
1260	explorer.exe	0xe38ff708dc60	0x27f0	Event	0x1f0003	-
1260	explorer.exe	0xe38ff751d560	0x27f8	Event	0x100002	StateRepository.SecondaryTileUserNotificationChannel.{2FD1748C-FCFE-49CD-8AD1-44ECD2C42B96}
1260	explorer.exe	0xe38ff862cdb0	0x27fc	EtwRegistration	0x804	-
1260	explorer.exe	0xe38ff8637150	0x2814	EtwRegistration	0x804	-
1260	explorer.exe	0xaa0f801660e0	0x2824	Key	0x20019	MACHINE\SOFTWARE\MICROSOFT\ENTERPRISECERTIFICATES\ROOT
1260	explorer.exe	0xe38ff77e4080	0x2828	Thread	0x1fffff	Tid 4356 Pid 1260
1260	explorer.exe	0xe38ffbf36eb0	0x282c	EtwRegistration	0x804	-
1260	explorer.exe	0xaa0f9254eb00	0x2830	Key	0x20019	MACHINE\SOFTWARE\MICROSOFT\WINDOWS\CURRENTVERSION\EXPLORER\FOLDERDESCRIPTIONS\{ED4824AF-DCE4-45A8-81E2-FC7965083634}\PROPERTYBAG
1260	explorer.exe	0xe38ff862cbf0	0x2834	EtwRegistration	0x804	-
1260	explorer.exe	0xe38ff9b94a60	0x283c	Event	0x1f0003	-
1260	explorer.exe	0xe38ff9428510	0x2840	Mutant	0x1f0001	C::Users:Patrick:AppData:Local:Microsoft:Windows:Explorer:iconcache_96.db!dfMaintainer
1260	explorer.exe	0xe38ff862d910	0x2848	EtwRegistration	0x804	-
1260	explorer.exe	0xe38ff944e960	0x2850	Event	0x1f0003	-
1260	explorer.exe	0xe38ffa9e4080	0x285c	Thread	0x1fffff	Tid 6252 Pid 1260
1260	explorer.exe	0xe38ff863ef50	0x2870	EtwRegistration	0x804	-
1260	explorer.exe	0xe38ff844f7e0	0x2874	Semaphore	0x100003	-
1260	explorer.exe	0xe38ff84500e0	0x287c	Semaphore	0x100003	-
1260	explorer.exe	0xaa0f986b4690	0x2888	Key	0x20019	MACHINE\SOFTWARE\MICROSOFT\WINDOWS\CURRENTVERSION\EXPLORER\COMMANDSTORE\SHELL\WINDOWS.PROPERTIES
1260	explorer.exe	0xe38ff6940cc0	0x288c	IoCompletion	0x1f0003	-
1260	explorer.exe	0xe38ff701d080	0x2890	Thread	0x1fffff	Tid 10700 Pid 1260
1260	explorer.exe	0xaa0f9254b090	0x2894	Key	0x10	USER\S-1-5-21-77607562-1836748022-3122067425-1001\SOFTWARE\MICROSOFT\WINDOWS\CURRENTVERSION\CLOUDSTORE\STORE\CACHE\DEFAULTACCOUNT\$DE${E84CD560-CF1D-4D9B-BF8B-8AF8989363D7}$$WINDOWS.DATA.UNIFIEDTILE.LOCALSTARTTILEPROPERTIESMAP\CURRENT
1260	explorer.exe	0xe38ffc0db860	0x2898	Event	0x1f0003	-
1260	explorer.exe	0xe38ff8b75dd0	0x289c	ALPC Port	0x1f0001	-
1260	explorer.exe	0xaa0f86410e00	0x28a4	Key	0x20019	MACHINE\SOFTWARE\WOW6432NODE
1260	explorer.exe	0xaa0f86443e90	0x28a8	Section	0x0	-
1260	explorer.exe	0xe38ff83f2980	0x28ac	ALPC Port	0x1f0001	-
1260	explorer.exe	0xaa0f8f4af490	0x28b0	Section	0xf0007	4ecHWNDInterface:80d9a
1260	explorer.exe	0xe38ff863dcf0	0x28b4	EtwRegistration	0x804	-
1260	explorer.exe	0xe38ffad5a970	0x28bc	IoCompletionReserve	0xf0003	-
1260	explorer.exe	0xe38ff805c160	0x28c0	Event	0x1f0003	-
1260	explorer.exe	0xe38ffd010c40	0x28c8	File	0x12019f	\Device\HarddiskVolume3\Users\Patrick\AppData\Local\Microsoft\Windows\Explorer\iconcache_idx.db
1260	explorer.exe	0xe38ff780d860	0x28d0	Event	0x1f0003	-
1260	explorer.exe	0xe38ff78100e0	0x28d4	Event	0x1f0003	-
1260	explorer.exe	0xe380009065e0	0x28d8	Event	0x1f0003	-
1260	explorer.exe	0xe38ff8defd90	0x28dc	ALPC Port	0x1f0001	-
1260	explorer.exe	0xe38ffdc46890	0x28e0	File	0x100081	\Device\HarddiskVolume3\Users\Patrick\OneDrive
1260	explorer.exe	0xe38ff780b660	0x28ec	Event	0x1f0003	-
1260	explorer.exe	0xe38ff780c060	0x28f0	Event	0x1f0003	-
1260	explorer.exe	0xe38ff844f6e0	0x28f4	Semaphore	0x100003	-
1260	explorer.exe	0xe38ff844f860	0x28f8	Semaphore	0x100003	-
1260	explorer.exe	0xe38ffa3a28f0	0x28fc	EtwRegistration	0x804	-
1260	explorer.exe	0xe38ff9127080	0x2900	Thread	0x1fffff	Tid 9764 Pid 1260
1260	explorer.exe	0xaa0f98691370	0x2908	Key	0x10	MACHINE\SOFTWARE\CLASSES\CLSID\{A8CDFF1C-4878-43BE-B5FD-F8091C1C60D0}\INSTANCE
1260	explorer.exe	0xe38ffc0ca4e0	0x290c	Event	0x1f0003	-
1260	explorer.exe	0xaa0f986b8870	0x2914	Key	0x20019	MACHINE\SOFTWARE\MICROSOFT\WINDOWS\CURRENTVERSION\EXPLORER\COMMANDSTORE\SHELL\WINDOWS.REDO
1260	explorer.exe	0xe38ff7e88f90	0x291c	Semaphore	0x100003	CDP_CALLBACK_2945F703-8D73-3A7C-763D-6E6EA39FFBCE
1260	explorer.exe	0xe38ff862f5f0	0x2920	EtwRegistration	0x804	-
1260	explorer.exe	0xe38ff9b8b6e0	0x2924	Event	0x1f0003	-
1260	explorer.exe	0xe38ffa3824b0	0x2928	EtwRegistration	0x804	-
1260	explorer.exe	0xe38ffd7467f0	0x292c	WaitCompletionPacket	0x1	-
1260	explorer.exe	0xaa0f986b37b0	0x2934	Key	0x9	MACHINE\SOFTWARE\MICROSOFT\WINDOWS\CURRENTVERSION\EXPLORER\COMMANDSTORE\SHELL\WINDOWS.PROPERTIES
1260	explorer.exe	0xe38ff68c1550	0x2938	ALPC Port	0x1f0001	[CoreUI]-PID(1260)-TID(10236) 55503ac3-fdb4-467e-82a5-ade45c20cd1e
1260	explorer.exe	0xe38ffc406850	0x293c	EtwRegistration	0x804	-
1260	explorer.exe	0xaa0f929a7870	0x2944	Key	0x20019	MACHINE\SYSTEM\CONTROLSET001\SERVICES\TCPIP\PARAMETERS\INTERFACES
1260	explorer.exe	0xe38ff863ea10	0x2948	EtwRegistration	0x804	-
1260	explorer.exe	0xe38ff80a5160	0x294c	Event	0x1f0003	-
1260	explorer.exe	0xe38ff862f430	0x2950	EtwRegistration	0x804	-
1260	explorer.exe	0xaa0f8e25a2d0	0x2954	Key	0x20019	USER\S-1-5-21-77607562-1836748022-3122067425-1001_CLASSES\LOCAL SETTINGS\SOFTWARE\MICROSOFT\WINDOWS\SHELL\BAGS\ALLFOLDERS\SHELL
1260	explorer.exe	0xe38ffa3a0f80	0x2960	IoCompletion	0x1f0003	-
1260	explorer.exe	0xe38ff871e540	0x2968	WaitCompletionPacket	0x1	-
1260	explorer.exe	0xe38ff86d3b60	0x2970	Event	0x1f0003	-
1260	explorer.exe	0xaa0f929b7bb0	0x2974	Key	0x10	MACHINE\SOFTWARE\MICROSOFT\WINDOWS\CURRENTVERSION\EXPLORER\SYNCROOTMANAGER
1260	explorer.exe	0xe38ffb674240	0x2978	File	0x100001	\Device\HarddiskVolume3\Windows\System32\en-US\mswsock.dll.mui
1260	explorer.exe	0xaa0f9299e3b0	0x297c	Key	0x20019	MACHINE\SOFTWARE\MICROSOFT\WINDOWS\CURRENTVERSION\EXPLORER\FOLDERDESCRIPTIONS\{A302545D-DEFF-464B-ABE8-61C8648D939B}\PROPERTYBAG
1260	explorer.exe	0xe38ff7dcd080	0x2980	Thread	0x100000	Tid 7000 Pid 1260
1260	explorer.exe	0xe38ff8207110	0x2988	WaitCompletionPacket	0x1	-
1260	explorer.exe	0xaa0f864239a0	0x298c	Key	0x10	USER\S-1-5-21-77607562-1836748022-3122067425-1001\SOFTWARE\MICROSOFT\WINDOWS\CURRENTVERSION\EXPLORER\BANNERSTORE
1260	explorer.exe	0xaa0fa8496190	0x2994	Section	0xf0007	4ecHWNDInterface:207ea
1260	explorer.exe	0xaa0f986b7dd0	0x2998	Key	0x20019	MACHINE\SOFTWARE\MICROSOFT\WINDOWS\CURRENTVERSION\EXPLORER\COMMANDSTORE
1260	explorer.exe	0xe38ffcab48e0	0x299c	File	0x120089	\Device\HarddiskVolume3\Windows\Fonts\segoeui.ttf
1260	explorer.exe	0xe38ffcdca080	0x29a4	Thread	0x1fffff	Tid 1084 Pid 1260
1260	explorer.exe	0xe38ffdc48960	0x29b0	File	0x100081	\Device\HarddiskVolume3\Users\Patrick\3D Objects
1260	explorer.exe	0xe38ff8450ae0	0x29b8	Semaphore	0x100003	-
1260	explorer.exe	0xe38ff7e58fe0	0x29bc	Event	0x1f0003	-
1260	explorer.exe	0xe38ff86ef070	0x29cc	ALPC Port	0x1f0001	-
1260	explorer.exe	0xe38ffc0d0360	0x29d0	Event	0x1f0003	-
1260	explorer.exe	0xe38ff8bd0070	0x29d4	ALPC Port	0x1f0001	-
1260	explorer.exe	0xe38ff8604d30	0x29d8	EtwRegistration	0x804	-
1260	explorer.exe	0xe38ff944a1e0	0x29dc	Event	0x1f0003	-
1260	explorer.exe	0xe38ffa384970	0x29e0	EtwRegistration	0x804	-
1260	explorer.exe	0xaa0f925806d0	0x29f0	Key	0x10	MACHINE\SOFTWARE\CLASSES\CLSID\{DFFACDC5-679F-4156-8947-C5C76BC0B67F}\INSTANCE
1260	explorer.exe	0xe38ff80b9be0	0x29fc	Event	0x1f0003	-
1260	explorer.exe	0xaa0f8e25c2b0	0x2a00	Key	0x10	MACHINE\SOFTWARE\CLASSES\CLSID\{088E3905-0323-4B02-9826-5D99428E115F}\INSTANCE
1260	explorer.exe	0xe38ffbb15a10	0x2a18	Event	0x1f0003	WorkFoldersShellRequeryThreadExitedEvent
1260	explorer.exe	0xe38ffd505990	0x2a20	WaitCompletionPacket	0x1	-
1260	explorer.exe	0xe38ff7349070	0x2a30	ALPC Port	0x1f0001	-
1260	explorer.exe	0xe38ff91dbbe0	0x2a34	Event	0x1f0003	-
1260	explorer.exe	0xe38ffb52ed80	0x2a38	File	0x100001	\Device\HarddiskVolume3\Program Files\WindowsApps\Microsoft.LanguageExperiencePacken-GB_19041.62.219.0_neutral__8wekyb3d8bbwe\Windows\System32\en-GB\ActionCenter.dll.mui
1260	explorer.exe	0xaa0f925609e0	0x2a3c	Key	0x10	MACHINE\SOFTWARE\CLASSES\CLSID\{1F3427C8-5C10-4210-AA03-2EE45287D668}\INSTANCE
1260	explorer.exe	0xaa0f89904290	0x2a44	Section	0x0	-
1260	explorer.exe	0xaa0f8640e7c0	0x2a54	Key	0x20019	MACHINE\SOFTWARE\WOW6432NODE
1260	explorer.exe	0xe38ff8612e00	0x2a5c	IoCompletion	0x1f0003	-
1260	explorer.exe	0xaa0f98694230	0x2a60	Key	0x20019	USER\S-1-5-21-77607562-1836748022-3122067425-1001_CLASSES\DIRECTORY\BACKGROUND
1260	explorer.exe	0xe38ff86ce760	0x2a6c	Event	0x1f0003	-
1260	explorer.exe	0xaa0f929a5120	0x2a70	Key	0x20019	USER\S-1-5-21-77607562-1836748022-3122067425-1001\SOFTWARE\MICROSOFT\WINDOWS\CURRENTVERSION\INTERNET SETTINGS\ZONES\3
1260	explorer.exe	0xe38ffd7464b0	0x2a74	WaitCompletionPacket	0x1	-
1260	explorer.exe	0xe380009069e0	0x2a78	Event	0x1f0003	-
1260	explorer.exe	0xe38ffc5f0a80	0x2a8c	ALPC Port	0x1f0001	-
1260	explorer.exe	0xe38ff844e460	0x2a98	Semaphore	0x100003	-
1260	explorer.exe	0xe38ff863ebd0	0x2a9c	EtwRegistration	0x804	-
1260	explorer.exe	0xe38ff77dede0	0x2aa0	ALPC Port	0x1f0001	-
1260	explorer.exe	0xe38ffa727d00	0x2aa8	File	0x100001	\Device\HarddiskVolume3\Program Files\WindowsApps\Microsoft.LanguageExperiencePacken-GB_19041.62.219.0_neutral__8wekyb3d8bbwe\Windows\System32\en-GB\wscui.cpl.mui
1260	explorer.exe	0xaa0f9869f5c0	0x2ab8	Key	0x10	MACHINE\SOFTWARE\CLASSES\CLSID\{374DE290-123F-4565-9164-39C4925E467B}\INSTANCE
1260	explorer.exe	0xaa0f986b6de0	0x2abc	Key	0x20019	MACHINE\SOFTWARE\MICROSOFT\WINDOWS\CURRENTVERSION\EXPLORER\COMMANDSTORE
1260	explorer.exe	0xe38000ba8950	0x2ac8	Mutant	0x1f0001	C::Users:Patrick:AppData:Local:Microsoft:Windows:Explorer:thumbcache_256.db!dfMaintainer
1260	explorer.exe	0xe38ff7d0b390	0x2acc	EtwRegistration	0x804	-
1260	explorer.exe	0xe38ff2fc50f0	0x2adc	WaitCompletionPacket	0x1	-
1260	explorer.exe	0xaa0f89908b10	0x2ae0	Section	0x0	-
1260	explorer.exe	0xe38ff901b4d0	0x2ae4	EtwRegistration	0x804	-
1260	explorer.exe	0xe38ff898b080	0x2ae8	Thread	0x1fffff	Tid 408 Pid 1260
1260	explorer.exe	0xe38ff70914e0	0x2aec	Event	0x1f0003	-
1260	explorer.exe	0xaa0f92544210	0x2af8	Key	0x10	MACHINE\SOFTWARE\MICROSOFT\WINDOWS\CURRENTVERSION\INTERNET SETTINGS\ZONES
1260	explorer.exe	0xe38ffdc4aee0	0x2afc	File	0x100081	\Device\HarddiskVolume3\Users\Patrick\AppData\Roaming\Microsoft\Windows\Start Menu
1260	explorer.exe	0xe38ff8612550	0x2b00	EtwRegistration	0x804	-
1260	explorer.exe	0xe38ff6d67a80	0x2b04	Event	0x1f0003	C::Users:Patrick:AppData:Local:Microsoft:Windows:Explorer:iconcache_idx.db!rwWriterEvent
1260	explorer.exe	0xaa0f986a0170	0x2b08	Key	0x10	MACHINE\SOFTWARE\CLASSES\CLSID\{374DE290-123F-4565-9164-39C4925E467B}\INSTANCE
1260	explorer.exe	0xe38ff9427e50	0x2b34	Mutant	0x1f0001	C::Users:Patrick:AppData:Local:Microsoft:Windows:Explorer:iconcache_idx.db!IconCacheInit
1260	explorer.exe	0xe38ff9b91ce0	0x2b54	Event	0x1f0003	-
1260	explorer.exe	0xaa0f8e257520	0x2b68	Key	0x20019	MACHINE\SOFTWARE\MICROSOFT\ENTERPRISECERTIFICATES\ROOT
1260	explorer.exe	0xe38ff86d1960	0x2b6c	Event	0x1f0003	-
1260	explorer.exe	0xe38ff863e310	0x2b74	EtwRegistration	0x804	-
1260	explorer.exe	0xe38ff844fd60	0x2b78	Semaphore	0x100003	-
1260	explorer.exe	0xe38ffbab0100	0x2b80	IoCompletion	0x1f0003	-
1260	explorer.exe	0xe38ff84355e0	0x2b90	Event	0x1f0003	-
1260	explorer.exe	0xe38ff85e8600	0x2bb4	Timer	0x100002	-
1260	explorer.exe	0xe38ff74e8ce0	0x2bbc	ALPC Port	0x1f0001	-
1260	explorer.exe	0xe38ffd7697c0	0x2bc0	WaitCompletionPacket	0x1	-
1260	explorer.exe	0xe38ff9b73570	0x2bc8	Event	0x1f0003	{43a2b8d7-6fed-4c18-bd36-b4630d61afb5}
1260	explorer.exe	0xe38ffb6f1e60	0x2bd0	Event	0x1f0003	-
1260	explorer.exe	0xaa0f86414320	0x2bd4	Key	0x10	MACHINE\SOFTWARE\CLASSES\CLSID\{3ADD1653-EB32-4CB0-BBD7-DFA0ABB5ACCA}\INSTANCE
1260	explorer.exe	0xe38ff87b62c0	0x2be0	Thread	0x1fffff	Tid 10316 Pid 1260
1260	explorer.exe	0xe38ff9428c90	0x2be4	Mutant	0x1f0001	C::Users:Patrick:AppData:Local:Microsoft:Windows:Explorer:iconcache_768.db!dfMaintainer
1260	explorer.exe	0xe38ff80b1160	0x2bf8	Event	0x1f0003	-
1260	explorer.exe	0xe38ff7bca2e0	0x2c0c	Event	0x1f0003	-
1260	explorer.exe	0xe38ffa381a30	0x2c10	EtwRegistration	0x804	-
1260	explorer.exe	0xe38ff944a160	0x2c14	Event	0x1f0003	-
1260	explorer.exe	0xe38ff7f17df0	0x2c18	ALPC Port	0x1f0001	[CoreUI]-PID(1260)-TID(5560) d991e113-20f7-41e1-9183-dde4232d9c1e
1260	explorer.exe	0xe38ff809ac80	0x2c1c	Timer	0x1f0003	-
1260	explorer.exe	0xe38ff660da80	0x2c28	ALPC Port	0x1f0001	-
1260	explorer.exe	0xe38ffa381950	0x2c30	EtwRegistration	0x804	-
1260	explorer.exe	0xe38ffa51a240	0x2c34	File	0x100001	\Device\HarddiskVolume3\Program Files\WindowsApps\Microsoft.LanguageExperiencePacken-GB_19041.62.219.0_neutral__8wekyb3d8bbwe\Windows\System32\en-GB\winnlsres.dll.mui
1260	explorer.exe	0xe38ff7e48660	0x2c38	Event	0x1f0003	-
1260	explorer.exe	0xaa0f86414ed0	0x2c40	Key	0x10	MACHINE\SOFTWARE\CLASSES\CLSID\{A8CDFF1C-4878-43BE-B5FD-F8091C1C60D0}\INSTANCE
1260	explorer.exe	0xe38ffd7692e0	0x2c48	WaitCompletionPacket	0x1	-
1260	explorer.exe	0xe38ff86e4560	0x2c4c	Event	0x1f0003	-
1260	explorer.exe	0xaa0f92989b60	0x2c68	Key	0x20019	USER
1260	explorer.exe	0xaa0f80163990	0x2c70	Key	0x20006	USER\S-1-5-21-77607562-1836748022-3122067425-1001_CLASSES\LOCAL SETTINGS\SOFTWARE\MICROSOFT\WINDOWS\SHELL\BAGS\1\SHELL\{885A186E-A440-4ADA-812B-DB871B942259}
1260	explorer.exe	0xe38ff8436060	0x2c80	Event	0x1f0003	-
1260	explorer.exe	0xaa0f92003430	0x2c90	Section	0x0	-
1260	explorer.exe	0xe38ff8606f50	0x2c94	EtwRegistration	0x804	-
1260	explorer.exe	0xaa0f986b3bf0	0x2ca4	Key	0x20019	MACHINE\SOFTWARE\MICROSOFT\WINDOWS\CURRENTVERSION\EXPLORER\COMMANDSTORE
1260	explorer.exe	0xe38ff9b5fd90	0x2ca8	Event	0x1f0003	AnimationsComplete.1260.5560
1260	explorer.exe	0xe38ff80b09e0	0x2cac	Event	0x1f0003	-
1260	explorer.exe	0xe38ff9b8d7e0	0x2cb0	Semaphore	0x100003	-
1260	explorer.exe	0xaa0f929860f0	0x2cc0	Key	0x20019	USER\S-1-5-21-77607562-1836748022-3122067425-1001
1260	explorer.exe	0xaa0f98692360	0x2cc8	Key	0x10	MACHINE\SOFTWARE\CLASSES\CLSID\{088E3905-0323-4B02-9826-5D99428E115F}\INSTANCE
1260	explorer.exe	0xe38ff79d5960	0x2ccc	Event	0x1f0003	-
1260	explorer.exe	0xe38ffc8511c0	0x2cd4	WaitCompletionPacket	0x1	-
1260	explorer.exe	0xe38ff901c2d0	0x2cd8	EtwRegistration	0x804	-
1260	explorer.exe	0xe38ff84780c0	0x2ce0	Process	0x100000	LogonUI.exe Pid 1316
1260	explorer.exe	0xe38ff9a7ca30	0x2ce4	File	0x12019f	\Device\HarddiskVolume3\Users\Patrick\AppData\Local\Microsoft\Windows\Explorer\thumbcache_idx.db
1260	explorer.exe	0xe38ff901be70	0x2ce8	EtwRegistration	0x804	-
1260	explorer.exe	0xe38ffb53adb0	0x2cec	File	0x100020	\Device\HarddiskVolume3\Windows\WinSxS\amd64_microsoft.windows.common-controls_6595b64144ccf1df_6.0.19041.6456_none_60b8a6cb71f64256
1260	explorer.exe	0xe38ff9444560	0x2cf8	Event	0x1f0003	-
1260	explorer.exe	0xe38ffb25ea80	0x2cfc	File	0x100020	\Device\HarddiskVolume3\Windows\WinSxS\amd64_microsoft.windows.common-controls_6595b64144ccf1df_6.0.19041.6456_none_60b8a6cb71f64256
1260	explorer.exe	0xe38000907ee0	0x2d0c	Event	0x1f0003	-
1260	explorer.exe	0xe38ff8438160	0x2d10	Semaphore	0x1f0003	-
1260	explorer.exe	0xe38ffc0d01e0	0x2d14	Event	0x1f0003	-
1260	explorer.exe	0xe38ff861d8b0	0x2d18	EtwRegistration	0x804	-
1260	explorer.exe	0xe38ff9a49770	0x2d30	File	0x12019f	\Device\HarddiskVolume3\Users\Patrick\AppData\Local\Microsoft\Windows\Explorer\iconcache_16.db
1260	explorer.exe	0xe38ff9b67950	0x2d34	Event	0x1f0003	ImageDecodingIdle.1260.5560
1260	explorer.exe	0xe38ff9b67b30	0x2d38	Event	0x1f0003	FontDownloadsIdle.1260.5560
1260	explorer.exe	0xe38ff9b8f760	0x2d40	Event	0x1f0003	-
1260	explorer.exe	0xaa0f92575450	0x2d44	Key	0x10	MACHINE\SOFTWARE\CLASSES\CLSID\{0DB7E03F-FC29-4DC6-9020-FF41B59E513A}\INSTANCE
1260	explorer.exe	0xaa0f91615ed0	0x2d50	Section	0xf0007	4ecHWNDInterface:300b04
1260	explorer.exe	0xaa0f98697a80	0x2d58	Key	0x20019	USER\S-1-5-21-77607562-1836748022-3122067425-1001\SOFTWARE\MICROSOFT\WINDOWS\CURRENTVERSION\EXPLORER\TYPEDPATHS
1260	explorer.exe	0xe38ff805d0e0	0x2d64	Event	0x1f0003	-
1260	explorer.exe	0xe38ff9b8b0e0	0x2d74	Event	0x1f0003	-
1260	explorer.exe	0xe38ff2fc7a60	0x2d7c	WaitCompletionPacket	0x1	-
1260	explorer.exe	0xe38ffc84c3c0	0x2d84	WaitCompletionPacket	0x1	-
1260	explorer.exe	0xaa0f92548d80	0x2d98	Key	0x10	MACHINE\SOFTWARE\CLASSES\CLSID\{A0953C92-50DC-43BF-BE83-3742FED03C9C}\INSTANCE
1260	explorer.exe	0xe38ff860dcb0	0x2d9c	EtwRegistration	0x804	-
1260	explorer.exe	0xe38ffbf2ec50	0x2da0	EtwRegistration	0x804	-
1260	explorer.exe	0xe38ff8063460	0x2da8	Event	0x1f0003	-
1260	explorer.exe	0xe38ff9b955e0	0x2dac	Event	0x1f0003	-
1260	explorer.exe	0xe38ffd3d4080	0x2db8	Thread	0x1fffff	Tid 5560 Pid 1260
1260	explorer.exe	0xe38ffd5061b0	0x2dc4	WaitCompletionPacket	0x1	-
1260	explorer.exe	0xe38ffd4ea080	0x2dcc	Thread	0x1fffff	Tid 3380 Pid 1260
1260	explorer.exe	0xe38ffba89900	0x2dd0	IoCompletion	0x1f0003	-
1260	explorer.exe	0xe38ff80b0b60	0x2dd8	Event	0x1f0003	-
1260	explorer.exe	0xe38ff9427b50	0x2de4	Mutant	0x1f0001	C::Users:Patrick:AppData:Local:Microsoft:Windows:Explorer:iconcache_2560.db!dfMaintainer
1260	explorer.exe	0xe38ff9a51470	0x2de8	File	0x12019f	\Device\HarddiskVolume3\Users\Patrick\AppData\Local\Microsoft\Windows\Explorer\thumbcache_16.db
1260	explorer.exe	0xe38ff780db60	0x2dec	Event	0x1f0003	-
1260	explorer.exe	0xe38ff9b688f0	0x2df8	Event	0x1f0003	ImplicitShowHideComplete.1260.5560
1260	explorer.exe	0xe38ff9b68990	0x2dfc	Event	0x1f0003	HasFacadeAnimations.1260.5560
1260	explorer.exe	0xe38ff780e260	0x2e00	Event	0x1f0003	-
1260	explorer.exe	0xe38ff780d760	0x2e08	Event	0x1f0003	-
1260	explorer.exe	0xaa0f811ec270	0x2e10	DxgkCompositionObject	0x3	-
1260	explorer.exe	0xe38ff9b67bd0	0x2e14	Event	0x1f0003	DeferredAnimationOperationsComplete.1260.5560
1260	explorer.exe	0xaa0f8c3a0250	0x2e18	Section	0xf0007	4ecHWNDInterface:305c0
1260	explorer.exe	0xe38ff8060ae0	0x2e20	Event	0x1f0003	-
1260	explorer.exe	0xe38ff8620ef0	0x2e2c	EtwRegistration	0x804	-
1260	explorer.exe	0xe38ff86216d0	0x2e30	EtwRegistration	0x804	-
1260	explorer.exe	0xaa0f92f20270	0x2e34	DxgkCompositionObject	0x3	-
1260	explorer.exe	0xaa0f9257e3c0	0x2e38	Key	0x20019	MACHINE\SOFTWARE\MICROSOFT\ENTERPRISECERTIFICATES\ROOT
1260	explorer.exe	0xe38ff901c3b0	0x2e40	EtwRegistration	0x804	-
1260	explorer.exe	0xaa0f85113970	0x2e44	DxgkCompositionObject	0x3	-
1260	explorer.exe	0xe38ffbb158d0	0x2e50	Event	0x1f0003	WorkFoldersShellStopRequeryThreadEvent
1260	explorer.exe	0xaa0fab2b22a0	0x2e54	Key	0x10	MACHINE\SOFTWARE\CLASSES\CLSID\{3DFDF296-DBEC-4FB4-81D1-6A3438BCF4DE}\INSTANCE
1260	explorer.exe	0xe38ffbb15790	0x2e5c	Event	0x1f0003	WorkFoldersShellStartRequeryThreadEvent
1260	explorer.exe	0xe38ff87c04f0	0x2e64	ALPC Port	0x1f0001	-
1260	explorer.exe	0xaa0f9257c930	0x2e7c	Key	0x20019	MACHINE\SOFTWARE\CLASSES\MIME\DATABASE\CONTENT TYPE\IMAGE/SVG+XML
1260	explorer.exe	0xaa0f85138570	0x2e84	DxgkCompositionObject	0x3	-
1260	explorer.exe	0xe38ff8620b70	0x2e88	EtwRegistration	0x804	-
1260	explorer.exe	0xe38ff8620e10	0x2e8c	EtwRegistration	0x804	-
1260	explorer.exe	0xe38ff9736080	0x2e90	Thread	0x1fffff	Tid 5128 Pid 1260
1260	explorer.exe	0xaa0f92986310	0x2e94	Key	0x20019	MACHINE\SOFTWARE\MICROSOFT\SYSTEMCERTIFICATES\DISALLOWED
1260	explorer.exe	0xe38ff917f890	0x2ea0	Mutant	0x1f0001	-
1260	explorer.exe	0xe38ff883ddd0	0x2ea4	EtwRegistration	0x804	-
1260	explorer.exe	0xe38ff7812f60	0x2ea8	Event	0x1f0003	-
1260	explorer.exe	0xe38ff9b889e0	0x2eb0	Semaphore	0x100003	-
1260	explorer.exe	0xaa0f856aedd0	0x2eb4	Section	0x0	-
1260	explorer.exe	0xaa0f7e375f10	0x2eb8	Section	0x4	-
1260	explorer.exe	0xaa0f86411350	0x2ec0	Key	0x10	MACHINE\SOFTWARE\CLASSES\CLSID\{A0953C92-50DC-43BF-BE83-3742FED03C9C}\INSTANCE
1260	explorer.exe	0xaa0f856b17b0	0x2ec4	Section	0xf0005	-
1260	explorer.exe	0xe38ffbf2e390	0x2ec8	EtwRegistration	0x804	-
1260	explorer.exe	0xe38ffc84c2f0	0x2ecc	WaitCompletionPacket	0x1	-
1260	explorer.exe	0xe38ff9428ed0	0x2ed0	Mutant	0x1f0001	C::Users:Patrick:AppData:Local:Microsoft:Windows:Explorer:iconcache_48.db!dfMaintainer
1260	explorer.exe	0xe38ff780d960	0x2ed4	Event	0x1f0003	-
1260	explorer.exe	0xe38ffdc487d0	0x2ed8	File	0x100081	\Device\HarddiskVolume3\Users\Patrick\AppData\Local\Microsoft\Windows\Burn\Burn
1260	explorer.exe	0xe38ff7802ae0	0x2ee0	Event	0x1f0003	-
1260	explorer.exe	0xaa0f81a30990	0x2eec	Section	0xf0007	-
1260	explorer.exe	0xaa0f91652410	0x2efc	Section	0xf0007	4ecHWNDInterface:2002ae
1260	explorer.exe	0xe38ff9445160	0x2f04	Event	0x1f0003	-
1260	explorer.exe	0xe38ff8610a40	0x2f08	IoCompletion	0x1f0003	-
1260	explorer.exe	0xe38ffc851ab0	0x2f10	WaitCompletionPacket	0x1	-
1260	explorer.exe	0xe38ffa388790	0x2f18	EtwRegistration	0x804	-
1260	explorer.exe	0xe38ff86d4c60	0x2f1c	Semaphore	0x1f0003	-
1260	explorer.exe	0xaa0f986b8650	0x2f20	Key	0x20019	MACHINE\SOFTWARE\MICROSOFT\WINDOWS\CURRENTVERSION\EXPLORER\COMMANDSTORE
1260	explorer.exe	0xaa0f9257ff60	0x2f2c	Key	0x20019	MACHINE\SOFTWARE\MICROSOFT\ENTERPRISECERTIFICATES\CA
1260	explorer.exe	0xe38ff9b95360	0x2f30	Event	0x1f0003	-
1260	explorer.exe	0xe38ff7618ee0	0x2f40	Event	0x1f0003	-
1260	explorer.exe	0xe38ff7606360	0x2f48	Event	0x1f0003	-
1260	explorer.exe	0xe38ff863c710	0x2f4c	EtwRegistration	0x804	-
1260	explorer.exe	0xe38ffbaa8c80	0x2f50	IoCompletion	0x1f0003	-
1260	explorer.exe	0xe38000902e60	0x2f60	Event	0x1f0003	-
1260	explorer.exe	0xe38ff86cc8e0	0x2f64	Event	0x1f0003	-
1260	explorer.exe	0xe38ff9b92060	0x2f78	Event	0x1f0003	-
1260	explorer.exe	0xaa0f986b8540	0x2f7c	Key	0x10	USER\S-1-5-21-77607562-1836748022-3122067425-1001_CLASSES\CLSID\{018D5C66-4533-4307-9B53-224DE2ED1FE6}\INSTANCE
1260	explorer.exe	0xaa0f7e375c90	0x2f84	Section	0xf0007	-
1260	explorer.exe	0xaa0f9257ce80	0x2f88	Key	0xf	USER\S-1-5-21-77607562-1836748022-3122067425-1001\SOFTWARE\MICROSOFT\WINDOWS\CURRENTVERSION\INTERNET SETTINGS\5.0\CACHE\EXTENSIBLE CACHE
1260	explorer.exe	0xe38ff78ca070	0x2f8c	ALPC Port	0x1f0001	-
1260	explorer.exe	0xaa0f8640c290	0x2f90	Key	0x10	MACHINE\SOFTWARE\CLASSES\CLSID\{3ADD1653-EB32-4CB0-BBD7-DFA0ABB5ACCA}\INSTANCE
1260	explorer.exe	0xe38ff7605760	0x2f94	Event	0x1f0003	-
1260	explorer.exe	0xe38ff9172370	0x2f98	Mutant	0x1f0001	-
1260	explorer.exe	0xe38ffb6eee60	0x2fa0	Event	0x1f0003	-
1260	explorer.exe	0xe38ff94291d0	0x2fa4	Mutant	0x1f0001	C::Users:Patrick:AppData:Local:Microsoft:Windows:Explorer:iconcache_wide.db!dfMaintainer
1260	explorer.exe	0xe38ff9b947e0	0x2fa8	Event	0x1f0003	-
1260	explorer.exe	0xaa0f9257cd70	0x2fb0	Key	0x20019	MACHINE\SOFTWARE\MICROSOFT\SYSTEMCERTIFICATES\CA
1260	explorer.exe	0xaa0f86416da0	0x2fd0	Key	0x2001f	USER\S-1-5-21-77607562-1836748022-3122067425-1001\SOFTWARE\MICROSOFT\WINDOWS\CURRENTVERSION\EXPLORER\RUNMRU
1260	explorer.exe	0xe38ffd507600	0x2fdc	WaitCompletionPacket	0x1	-
1260	explorer.exe	0xaa0f9257dc50	0x2fe4	Key	0x20019	MACHINE\SOFTWARE\MICROSOFT\SYSTEMCERTIFICATES\AUTHROOT
1260	explorer.exe	0xe38ff8621190	0x2fe8	EtwRegistration	0x804	-
1260	explorer.exe	0xe38ff86210b0	0x2fec	EtwRegistration	0x804	-
1260	explorer.exe	0xaa0f9257e090	0x2ff0	Key	0x20019	MACHINE\SOFTWARE\MICROSOFT\SYSTEMCERTIFICATES\ROOT
1260	explorer.exe	0xe38ff780b060	0x2ff8	Event	0x1f0003	-
1260	explorer.exe	0xaa0f92544870	0x3008	Key	0x10	MACHINE\SOFTWARE\MICROSOFT\SECURITY CENTER
1260	explorer.exe	0xaa0f98691ae0	0x300c	Key	0x10	MACHINE\SOFTWARE\CLASSES\CLSID\{3ADD1653-EB32-4CB0-BBD7-DFA0ABB5ACCA}\INSTANCE
1260	explorer.exe	0xe38ffbaaa600	0x3010	IoCompletion	0x1f0003	-
1260	explorer.exe	0xe38ff944b060	0x3014	Event	0x1f0003	-
1260	explorer.exe	0xe38ff780d260	0x3018	Event	0x1f0003	-
1260	explorer.exe	0xe38ff9428510	0x301c	Mutant	0x1f0001	C::Users:Patrick:AppData:Local:Microsoft:Windows:Explorer:iconcache_96.db!dfMaintainer
1260	explorer.exe	0xe38ffbb15650	0x3020	Event	0x1f0003	WorkFoldersShellRequeryEvent
1260	explorer.exe	0xe38ff8e87080	0x3034	Thread	0x1fffff	Tid 2888 Pid 1260
1260	explorer.exe	0xe38ff68290a0	0x3038	EtwRegistration	0x804	-
1260	explorer.exe	0xe38ffa38f5d0	0x303c	EtwRegistration	0x804	-
1260	explorer.exe	0xe38ff6de1c20	0x3040	EtwRegistration	0x804	-
1260	explorer.exe	0xaa0f986b7660	0x304c	Key	0x20019	MACHINE\SOFTWARE\MICROSOFT\WINDOWS\CURRENTVERSION\EXPLORER\COMMANDSTORE\SHELL\WINDOWS.RENAME
1260	explorer.exe	0xaa0f86413110	0x3070	Key	0x10	MACHINE\SOFTWARE\CLASSES\CLSID\{088E3905-0323-4B02-9826-5D99428E115F}\INSTANCE
1260	explorer.exe	0xe38ffbb15bd0	0x3074	Mutant	0x1f0001	-
1260	explorer.exe	0xe38ffb66b0f0	0x3078	File	0x100020	\Device\HarddiskVolume3\Windows\WinSxS\amd64_microsoft.windows.gdiplus_6595b64144ccf1df_1.1.19041.6456_none_91a399b0cc88bc24
1260	explorer.exe	0xe38ffbe81b70	0x307c	File	0x100001	\Device\HarddiskVolume3\Program Files\WindowsApps\Microsoft.LanguageExperiencePacken-GB_19041.62.219.0_neutral__8wekyb3d8bbwe\Windows\System32\en-GB\Windows.UI.Immersive.dll.mui
1260	explorer.exe	0xe38ff8610db0	0x3080	EtwRegistration	0x804	-
1260	explorer.exe	0xaa0f86406b70	0x3088	Key	0x20019	USER\S-1-5-21-77607562-1836748022-3122067425-1001_CLASSES\PACKAGEDCOM\PACKAGE
1260	explorer.exe	0xe38ff80b03e0	0x3094	Event	0x1f0003	-
1260	explorer.exe	0xe38000906ce0	0x3098	Event	0x1f0003	-
1260	explorer.exe	0xe38ff7349a10	0x30a0	ALPC Port	0x1f0001	-
1260	explorer.exe	0xe38ff2fc7990	0x30a8	WaitCompletionPacket	0x1	-
1260	explorer.exe	0xe38ffa37f570	0x30ac	EtwRegistration	0x804	-
1260	explorer.exe	0xe38ff6828d20	0x30c0	EtwRegistration	0x804	-
1260	explorer.exe	0xaa0f8f48c090	0x30c8	Section	0x2	HGFSMEMORY
1260	explorer.exe	0xe38000912060	0x30cc	Event	0x1f0003	-
1260	explorer.exe	0xe38ffa380a70	0x30d8	EtwRegistration	0x804	-
1260	explorer.exe	0xe38ffdc46ed0	0x30dc	File	0x100081	\Device\HarddiskVolume3\Users\Patrick\Music
1260	explorer.exe	0xe38ff94464e0	0x30e4	Event	0x1f0003	-
1260	explorer.exe	0xe38ff868b080	0x30e8	Thread	0x1fffff	Tid 4928 Pid 1260
1260	explorer.exe	0xe38ff7e4a060	0x30ec	Event	0x1f0003	-
1260	explorer.exe	0xe38ffe02dbd0	0x30f0	File	0x100001	\Device\HarddiskVolume3\Windows\System32\en-US\combase.dll.mui
1260	explorer.exe	0xe38ffd506de0	0x30f8	WaitCompletionPacket	0x1	-
1260	explorer.exe	0xe38fff706e70	0x30fc	File	0x100001	\Device\HarddiskVolume3\Windows\SystemResources\ExplorerFrame.dll.mun
1260	explorer.exe	0xe38ff709d4e0	0x3104	Event	0x1f0003	-
1260	explorer.exe	0xe38ff7808660	0x3108	Event	0x1f0003	-
1260	explorer.exe	0xe38ff9427c10	0x310c	Mutant	0x1f0001	C::Users:Patrick:AppData:Local:Microsoft:Windows:Explorer:iconcache_wide_alternate.db!dfMaintainer
1260	explorer.exe	0xaa0f986b6780	0x3114	Key	0x9	MACHINE\SOFTWARE\MICROSOFT\WINDOWS\CURRENTVERSION\EXPLORER\COMMANDSTORE\SHELL\WINDOWS.HELP
1260	explorer.exe	0xe38ff8435be0	0x311c	Event	0x1f0003	-
1260	explorer.exe	0xe38ff6829420	0x3124	EtwRegistration	0x804	-
1260	explorer.exe	0xe38ffd76c7b0	0x3138	WaitCompletionPacket	0x1	-
1260	explorer.exe	0xe38ff7810be0	0x313c	Event	0x1f0003	-
1260	explorer.exe	0xaa0f928106d0	0x3148	Section	0xf0007	-
1260	explorer.exe	0xe38ffcfe4070	0x314c	ALPC Port	0x1f0001	-
1260	explorer.exe	0xe38ff780a760	0x3154	Event	0x1f0003	-
1260	explorer.exe	0xe38ff9428150	0x3160	Mutant	0x1f0001	C::Users:Patrick:AppData:Local:Microsoft:Windows:Explorer:iconcache_256.db!dfMaintainer
1260	explorer.exe	0xe38ff7bdaee0	0x3164	Event	0x1f0003	-
1260	explorer.exe	0xe38ff7bdaee0	0x3168	Event	0x1f0003	-
1260	explorer.exe	0xe38ffa9e4080	0x317c	Thread	0x1fffff	Tid 6252 Pid 1260
1260	explorer.exe	0xe38ffbab4530	0x318c	EtwRegistration	0x804	-
1260	explorer.exe	0xe38ff9428750	0x3190	Mutant	0x1f0001	C::Users:Patrick:AppData:Local:Microsoft:Windows:Explorer:iconcache_sr.db!dfMaintainer
1260	explorer.exe	0xe38ff82099b0	0x3194	WaitCompletionPacket	0x1	-
1260	explorer.exe	0xe38ffbf2f190	0x31a0	EtwRegistration	0x804	-
1260	explorer.exe	0xe38ff86e5e60	0x31a4	Event	0x1f0003	-
1260	explorer.exe	0xe38ff8a49550	0x31b4	File	0x100001	\Device\HarddiskVolume3\Program Files\WindowsApps\Microsoft.LanguageExperiencePacken-GB_19041.62.219.0_neutral__8wekyb3d8bbwe\Windows\System32\en-GB\user32.dll.mui
1260	explorer.exe	0xe38ffd50fce0	0x31c0	WaitCompletionPacket	0x1	-
1260	explorer.exe	0xe38ffd769550	0x31c4	WaitCompletionPacket	0x1	-
1260	explorer.exe	0xe38ffe691e30	0x31d8	File	0x100020	\Device\HarddiskVolume3\Windows\WinSxS\amd64_microsoft.windows.c..-controls.resources_6595b64144ccf1df_6.0.19041.1_en-gb_c3d871e478025c14
1260	explorer.exe	0xe38ffd76c540	0x31e0	WaitCompletionPacket	0x1	-
1260	explorer.exe	0xe38ff9b43910	0x31e4	Event	0x1f0003	HasAnimations.1260.5560
1260	explorer.exe	0xe38ff882d900	0x31e8	IoCompletion	0x1f0003	-
1260	explorer.exe	0xe38ffcc34a30	0x31f0	IoCompletionReserve	0xf0003	-
1260	explorer.exe	0xe38ffdc4a3f0	0x31f4	File	0x100081	\Device\HarddiskVolume3\Users\Patrick\Pictures
1260	explorer.exe	0xe38ff80ae9e0	0x3204	Event	0x1f0003	-
1260	explorer.exe	0xe38ff7b2a110	0x3214	EtwRegistration	0x804	-
1260	explorer.exe	0xaa0f86413cc0	0x3218	Key	0x10	MACHINE\SOFTWARE\CLASSES\CLSID\{374DE290-123F-4565-9164-39C4925E467B}\INSTANCE
1260	explorer.exe	0xe38ff9b67810	0x3220	Event	0x1f0003	PageNavigationComplete.1260.5560
1260	explorer.exe	0xe38ff9b94560	0x3228	Event	0x1f0003	-
1260	explorer.exe	0xe38ff8390500	0x3230	ALPC Port	0x1f0001	-
1260	explorer.exe	0xe38ffc851770	0x3240	WaitCompletionPacket	0x1	-
1260	explorer.exe	0xaa0f9257e6f0	0x324c	Key	0x10	USER\S-1-5-21-77607562-1836748022-3122067425-1001\SOFTWARE\MICROSOFT\WINDOWS\CURRENTVERSION\CLOUDSTORE\STORE\CACHE\DEFAULTACCOUNT\$DE${E84CD560-CF1D-4D9B-BF8B-8AF8989363D7}$$WINDOWS.DATA.UNIFIEDTILE.LOCALSTARTVOLATILETILEPROPERTIESMAP\CURRENT
1260	explorer.exe	0xe38ff7bd8fe0	0x3254	Event	0x1f0003	-
1260	explorer.exe	0xe38ff9b68a30	0x3258	Event	0x1f0003	BrushTransitionsComplete.1260.5560
1260	explorer.exe	0xaa0f82558e90	0x3260	Section	0xf0007	4ecHWNDInterface:21087a
1260	explorer.exe	0xe38ff7e5d460	0x3268	Event	0x1f0003	-
1260	explorer.exe	0xe38ff86cbde0	0x326c	Event	0x1f0003	-
1260	explorer.exe	0xe38ffa393930	0x3274	EtwRegistration	0x804	-
1260	explorer.exe	0xe38ff863dc10	0x327c	EtwRegistration	0x804	-
1260	explorer.exe	0xe38ff9b679f0	0x3288	Event	0x1f0003	RootVisualReset.1260.5560
1260	explorer.exe	0xe38ff94461e0	0x328c	Event	0x1f0003	-
1260	explorer.exe	0xe38ff9b683f0	0x3290	Event	0x1f0003	KeyboardInputReceived.1260.5560
1260	explorer.exe	0xe38ff9b68350	0x3294	Event	0x1f0003	BuildTreeServiceDrained.1260.5560
1260	explorer.exe	0xe38ff9b685d0	0x3298	Event	0x1f0003	AnimatedFacadePropertyChangesComplete.1260.5560
1260	explorer.exe	0xe38ff9b68490	0x329c	Event	0x1f0003	FacadeAnimationsComplete.1260.5560
1260	explorer.exe	0xe38ff9b682b0	0x32ac	Event	0x1f0003	HasBuildTreeWorks.1260.5560
1260	explorer.exe	0xe38ff9b68210	0x32b0	Event	0x1f0003	PopupMenuCommandInvoked.1260.5560
1260	explorer.exe	0xaa0f86409e70	0x32b8	Key	0x20019	MACHINE\SYSTEM\CONTROLSET001\CONTROL\NETWORKPROVIDER\HWORDER
1260	explorer.exe	0xe38ff7de1ce0	0x32c0	ALPC Port	0x1f0001	-
1260	explorer.exe	0xe38ffaedad80	0x32c4	ALPC Port	0x1f0001	-
1260	explorer.exe	0xaa0f8c3a0250	0x32c8	Section	0xf0007	4ecHWNDInterface:305c0
1260	explorer.exe	0xe38ff9427a90	0x32e8	Mutant	0x1f0001	C::Users:Patrick:AppData:Local:Microsoft:Windows:Explorer:iconcache_32.db!dfMaintainer
1260	explorer.exe	0xe38ff86cf860	0x32f0	Event	0x1f0003	-
1260	explorer.exe	0xe38ff94291d0	0x32f4	Mutant	0x1f0001	C::Users:Patrick:AppData:Local:Microsoft:Windows:Explorer:iconcache_wide.db!dfMaintainer
1260	explorer.exe	0xe38ffb304080	0x32f8	Thread	0x1fffff	Tid 6836 Pid 1260
1260	explorer.exe	0xe38ff80b0760	0x32fc	Event	0x1f0003	-
1260	explorer.exe	0xe38ff7e5dee0	0x3300	Event	0x1f0003	-
1260	explorer.exe	0xe3800090fa60	0x3304	Event	0x1f0003	-
1260	explorer.exe	0xaa0f9868f5b0	0x3308	Key	0x10	MACHINE\SOFTWARE\CLASSES\CLSID\{088E3905-0323-4B02-9826-5D99428E115F}\INSTANCE
1260	explorer.exe	0xaa0fa84978d0	0x3324	Section	0xf0007	4ecHWNDInterface:805ec
1260	explorer.exe	0xe38ffd009710	0x3328	File	0x12019f	\Device\HarddiskVolume3\Users\Patrick\AppData\Local\Microsoft\Windows\Explorer\iconcache_idx.db
1260	explorer.exe	0xe38ff86d0960	0x3338	Event	0x1f0003	-
1260	explorer.exe	0xaa0f92543dd0	0x3340	Key	0x10	USER\S-1-5-21-77607562-1836748022-3122067425-1001\SOFTWARE\MICROSOFT\WINDOWS\CURRENTVERSION\INTERNET SETTINGS\ZONES
1260	explorer.exe	0xe38ffa382ad0	0x3344	EtwRegistration	0x804	-
1260	explorer.exe	0xe38ffa382210	0x3348	EtwRegistration	0x804	-
1260	explorer.exe	0xe38ff9750df0	0x334c	ALPC Port	0x1f0001	-
1260	explorer.exe	0xe38ff7bda960	0x3350	Event	0x1f0003	-
1260	explorer.exe	0xe38ff901c1f0	0x3354	EtwRegistration	0x804	-
1260	explorer.exe	0xe38ff8c74ce0	0x3358	ALPC Port	0x1f0001	-
1260	explorer.exe	0xaa0f7e7b3060	0x335c	Token	0xf01ff	-
1260	explorer.exe	0xaa0f92315b70	0x3364	DxgkCompositionObject	0x3	-
1260	explorer.exe	0xaa0f8640e490	0x3370	Key	0x20019	MACHINE\SOFTWARE
1260	explorer.exe	0xe38ffd769480	0x337c	WaitCompletionPacket	0x1	-
1260	explorer.exe	0xe38ff86d6d60	0x3380	Semaphore	0x1f0003	-
1260	explorer.exe	0xaa0f92985980	0x338c	Key	0x20019	MACHINE\SOFTWARE\MICROSOFT\WINDOWS\CURRENTVERSION\EXPLORER\COMMANDSTORE\SHELL\WINDOWS.UNDO
1260	explorer.exe	0xe38ffa395ed0	0x3390	EtwRegistration	0x804	-
1260	explorer.exe	0xaa0f920112b0	0x3398	Section	0x0	-
1260	explorer.exe	0xe38ffd769620	0x33a0	WaitCompletionPacket	0x1	-
1260	explorer.exe	0xe38ff81ac080	0x33a4	Thread	0x1fffff	Tid 8296 Pid 1260
1260	explorer.exe	0xe38ffd4ef080	0x33a8	Thread	0x1fffff	Tid 6688 Pid 1260
1260	explorer.exe	0xe38ff809f660	0x33bc	Event	0x1f0003	-
1260	explorer.exe	0xe38ff9b9a360	0x33d0	Event	0x1f0003	-
1260	explorer.exe	0xaa0f8640fbf0	0x33d4	Key	0x20019	MACHINE\SOFTWARE\POLICIES
1260	explorer.exe	0xaa0f986a9850	0x3404	Key	0xf003f	USER\S-1-5-21-77607562-1836748022-3122067425-1001_CLASSES
1260	explorer.exe	0xe38ffa737a20	0x3418	File	0x100020	\Device\HarddiskVolume3\Windows\WinSxS\amd64_microsoft.windows.common-controls_6595b64144ccf1df_6.0.19041.6456_none_60b8a6cb71f64256
1260	explorer.exe	0xe38ff7d32df0	0x341c	EtwRegistration	0x804	-
1260	explorer.exe	0xe38ff844e5e0	0x3420	Semaphore	0x100003	-
1260	explorer.exe	0xe38ffcfe2040	0x3424	Thread	0x1fffff	Tid 4744 Pid 1260
1260	explorer.exe	0xe38ffbaafe40	0x3428	IoCompletion	0x1f0003	-
1260	explorer.exe	0xe38ffbbfa430	0x342c	Timer	0x1f0003	-
1260	explorer.exe	0xe38ff809ba00	0x343c	Timer	0x1f0003	-
1260	explorer.exe	0xe38ffd752a20	0x3440	WaitCompletionPacket	0x1	-
1260	explorer.exe	0xe38ff80b10e0	0x3444	Event	0x1f0003	-
1260	explorer.exe	0xe38ff780e660	0x3448	Event	0x1f0003	-
1260	explorer.exe	0xe38ffd76ace0	0x3450	WaitCompletionPacket	0x1	-
1260	explorer.exe	0xe38ff709f160	0x3460	Event	0x1f0003	-
1260	explorer.exe	0xe38ff87b4d90	0x3464	ALPC Port	0x1f0001	-
1260	explorer.exe	0xaa0f89907210	0x3468	Section	0x0	-
1260	explorer.exe	0xaa0f92303e70	0x3470	DxgkCompositionObject	0x3	-
1260	explorer.exe	0xe38ff708d960	0x3478	Event	0x1f0003	-
1260	explorer.exe	0xe38ff708db60	0x347c	Event	0x1f0003	-
1260	explorer.exe	0xe38001129ab0	0x3480	File	0x100001	\Device\HarddiskVolume3\Program Files\WindowsApps\Microsoft.LanguageExperiencePacken-GB_19041.62.219.0_neutral__8wekyb3d8bbwe\Windows\System32\en-GB\twext.dll.mui
1260	explorer.exe	0xe38ffbaaff40	0x3484	IoCompletion	0x1f0003	-
1260	explorer.exe	0xe38ff7e581e0	0x3488	Event	0x1f0003	-
1260	explorer.exe	0xaa0f929a80f0	0x3490	Key	0x10	MACHINE\SOFTWARE\MICROSOFT\WINDOWS SEARCH\CRAWLSCOPEMANAGER\WINDOWS\SYSTEMINDEX\SEARCHROOTS
1260	explorer.exe	0xe38ffa5037c0	0x3494	File	0x100001	\Device\HarddiskVolume3\Program Files\WindowsApps\Microsoft.LanguageExperiencePacken-GB_19041.62.219.0_neutral__8wekyb3d8bbwe\Windows\System32\en-GB\shdocvw.dll.mui
1260	explorer.exe	0xe38ff7b29070	0x3498	EtwRegistration	0x804	-
1260	explorer.exe	0xe38ff91218e0	0x349c	Event	0x1f0003	-
1260	explorer.exe	0xaa0f8f4af490	0x34a4	Section	0xf0007	4ecHWNDInterface:80d9a
1260	explorer.exe	0xaa0f929928b0	0x34a8	Key	0x20019	MACHINE\SOFTWARE\MICROSOFT\WINDOWS\CURRENTVERSION\EXPLORER\COMMANDSTORE\SHELL\WINDOWS.RENAME
1260	explorer.exe	0xe38ff86e3260	0x34ac	Event	0x1f0003	-
1260	explorer.exe	0xaa0f82204200	0x34b4	Key	0x20019	USER\S-1-5-21-77607562-1836748022-3122067425-1001_CLASSES\DIRECTORY\BACKGROUND
1260	explorer.exe	0xe38ff8638490	0x34b8	EtwRegistration	0x804	-
1260	explorer.exe	0xaa0f80786e70	0x34c0	DxgkCompositionObject	0x3	-
1260	explorer.exe	0xe38ffeb59750	0x34c4	EtwRegistration	0x804	-
1260	explorer.exe	0xe38ff9b8b4e0	0x34d0	Event	0x1f0003	-
1260	explorer.exe	0xe38ff9b8aae0	0x34d4	Event	0x1f0003	-
1260	explorer.exe	0xe38ff863db30	0x34d8	EtwRegistration	0x804	-
1260	explorer.exe	0xe38ff844e7e0	0x34dc	Semaphore	0x100003	-
1260	explorer.exe	0xe38ff7e560e0	0x34e0	Event	0x1f0003	-
1260	explorer.exe	0xe38ff863e070	0x34f4	EtwRegistration	0x804	-
1260	explorer.exe	0xe38ff709d860	0x34f8	Event	0x1f0003	-
1260	explorer.exe	0xe38ff9b8d2e0	0x3508	Event	0x1f0003	-
1260	explorer.exe	0xe38ff7e567e0	0x3510	Event	0x1f0003	-
1260	explorer.exe	0xe38ffa3830f0	0x3520	EtwRegistration	0x804	-
1260	explorer.exe	0xe38ffdc460c0	0x3524	File	0x100081	\Device\HarddiskVolume3\Users\Patrick\AppData\Roaming\Microsoft\Windows\Libraries
1260	explorer.exe	0xe38ff9b68cb0	0x353c	Event	0x1f0003	PRS_EXTERNAL_CHECK_CHANGED_NOTIFY
1260	explorer.exe	0xe38000909360	0x3544	Event	0x1f0003	-
1260	explorer.exe	0xaa0f86416c90	0x354c	Key	0x10	USER\S-1-5-21-77607562-1836748022-3122067425-1001_CLASSES\CLSID\{018D5C66-4533-4307-9B53-224DE2ED1FE6}\INSTANCE
1260	explorer.exe	0xe38ff8060e60	0x3550	Event	0x1f0003	-
1260	explorer.exe	0xe38ff9428f90	0x3574	Mutant	0x1f0001	C::Users:Patrick:AppData:Local:Microsoft:Windows:Explorer:iconcache_1280.db!dfMaintainer
1260	explorer.exe	0xe38ffd745610	0x3578	WaitCompletionPacket	0x1	-
1260	explorer.exe	0xe38ff863f110	0x357c	EtwRegistration	0x804	-
1260	explorer.exe	0xe38ff9428750	0x3580	Mutant	0x1f0001	C::Users:Patrick:AppData:Local:Microsoft:Windows:Explorer:iconcache_sr.db!dfMaintainer
1260	explorer.exe	0xe38ff7d04630	0x3584	EtwRegistration	0x804	-
1260	explorer.exe	0xe38ffa3a1070	0x3588	EtwRegistration	0x804	-
1260	explorer.exe	0xe38ffa379a70	0x358c	EtwRegistration	0x804	-
1260	explorer.exe	0xe38ff805dc60	0x35a4	Event	0x1f0003	-
1260	explorer.exe	0xaa0f986b6890	0x35a8	Key	0x20019	MACHINE\SOFTWARE\MICROSOFT\WINDOWS\CURRENTVERSION\EXPLORER\COMMANDSTORE\SHELL\WINDOWS.NEWFOLDER
1260	explorer.exe	0xe38ff9428bd0	0x35b8	Mutant	0x1f0001	C::Users:Patrick:AppData:Local:Microsoft:Windows:Explorer:iconcache_exif.db!dfMaintainer
1260	explorer.exe	0xaa0f9868fd20	0x35c0	Key	0x10	MACHINE\SOFTWARE\CLASSES\CLSID\{B4BFCC3A-DB2C-424C-B029-7FE99A87C641}\INSTANCE
1260	explorer.exe	0xe38ff9b73570	0x35c4	Event	0x1f0003	{43a2b8d7-6fed-4c18-bd36-b4630d61afb5}
1260	explorer.exe	0xe38ffc42dc90	0x35d0	EtwRegistration	0x804	-
1260	explorer.exe	0xaa0f86445ab0	0x35d8	Section	0x0	-
1260	explorer.exe	0xe38ff875f240	0x35e0	ALPC Port	0x1f0001	-
1260	explorer.exe	0xe38ffc41a510	0x35e8	EtwRegistration	0x804	-
1260	explorer.exe	0xe38ff863f1f0	0x35f0	EtwRegistration	0x804	-
1260	explorer.exe	0xe38ffc0d0860	0x35fc	Event	0x1f0003	-
1260	explorer.exe	0xe38ff86e3de0	0x3600	Event	0x1f0003	-
1260	explorer.exe	0xe38ff86cc5e0	0x3610	Event	0x1f0003	-
1260	explorer.exe	0xe38ff844fee0	0x3618	Semaphore	0x100003	-
1260	explorer.exe	0xe38ffd505cd0	0x361c	WaitCompletionPacket	0x1	-
1260	explorer.exe	0xaa0f92544ed0	0x3628	Key	0x10	USER\S-1-5-21-77607562-1836748022-3122067425-1001\SOFTWARE\MICROSOFT\WINDOWS\CURRENTVERSION\EXPLORER\ACCENT
1260	explorer.exe	0xe38ffa378ab0	0x3630	EtwRegistration	0x804	-
1260	explorer.exe	0xe38ff6924870	0x363c	EtwRegistration	0x804	-
1260	explorer.exe	0xaa0f9298ee40	0x3640	Key	0x9	MACHINE\SOFTWARE\MICROSOFT\WINDOWS\CURRENTVERSION\EXPLORER\COMMANDSTORE\SHELL\WINDOWS.HELP
1260	explorer.exe	0xe38ff8061060	0x3644	Semaphore	0x1f0003	-
1260	explorer.exe	0xe38ff9b89c60	0x3654	Event	0x1f0003	-
1260	explorer.exe	0xe38ff862d2f0	0x3658	EtwRegistration	0x804	-
1260	explorer.exe	0xe38ff844fb60	0x365c	Semaphore	0x100003	-
1260	explorer.exe	0xe38ff844fce0	0x3660	Semaphore	0x100003	-
1260	explorer.exe	0xe38ff844f8e0	0x3664	Semaphore	0x100003	-
1260	explorer.exe	0xaa0f8640e380	0x3678	Key	0x20019	USER\S-1-5-21-77607562-1836748022-3122067425-1001\SOFTWARE
1260	explorer.exe	0xe38ff862e470	0x367c	EtwRegistration	0x804	-
1260	explorer.exe	0xaa0f86446230	0x3680	Section	0x0	-
1260	explorer.exe	0xaa0f86408c60	0x368c	Key	0x10	MACHINE\SOFTWARE\CLASSES\CLSID\{088E3905-0323-4B02-9826-5D99428E115F}\INSTANCE
1260	explorer.exe	0xe38ffc0cc660	0x369c	Event	0x1f0003	-
1260	explorer.exe	0xe38ff80b0fe0	0x36ac	Event	0x1f0003	-
1260	explorer.exe	0xe38ff863e4d0	0x36b0	EtwRegistration	0x804	-
1260	explorer.exe	0xe38ff8606e70	0x36b4	EtwRegistration	0x804	-
1260	explorer.exe	0xe38ff7806a60	0x36bc	Event	0x1f0003	-
1260	explorer.exe	0xaa0f929a7cb0	0x36c0	Key	0x20019	MACHINE\SYSTEM\CONTROLSET001\SERVICES\TCPIP6\PARAMETERS\INTERFACES
1260	explorer.exe	0xe38ffdc4a580	0x36c8	File	0x100081	\Device\HarddiskVolume3\Users\Patrick\Downloads
1260	explorer.exe	0xe38ff863e690	0x36cc	EtwRegistration	0x804	-
1260	explorer.exe	0xaa0f92543660	0x36d0	Key	0x10	USER\S-1-5-21-77607562-1836748022-3122067425-1001\SOFTWARE\MICROSOFT\WINDOWS\CURRENTVERSION\THEMES\PERSONALIZE
1260	explorer.exe	0xaa0f9299e900	0x36d8	Key	0x20019	MACHINE\SOFTWARE\MICROSOFT\WINDOWS\CURRENTVERSION\EXPLORER\FOLDERDESCRIPTIONS\{B6EBFB86-6907-413C-9AF7-4FC2ABF07CC5}\PROPERTYBAG
1260	explorer.exe	0xe38ff863e930	0x36dc	EtwRegistration	0x804	-
1260	explorer.exe	0xe38ff7e4f160	0x36e0	Semaphore	0x100003	-
1260	explorer.exe	0xe38ff80a9c60	0x36e8	Event	0x1f0003	-
1260	explorer.exe	0xe38ff844f5e0	0x36f0	Semaphore	0x100003	-
1260	explorer.exe	0xe38ff8450160	0x36f4	Semaphore	0x100003	-
1260	explorer.exe	0xe38ffbf27e10	0x36f8	EtwRegistration	0x804	-
1260	explorer.exe	0xe38ff7afba80	0x3700	ALPC Port	0x1f0001	-
1260	explorer.exe	0xe38ffa37bad0	0x3704	EtwRegistration	0x804	-
1260	explorer.exe	0xe38ff844eae0	0x3708	Semaphore	0x100003	-
1260	explorer.exe	0xe38ff7e5c960	0x3710	Event	0x1f0003	-
1260	explorer.exe	0xe38ff844e4e0	0x3718	Semaphore	0x100003	-
1260	explorer.exe	0xe38ffa37b3d0	0x371c	EtwRegistration	0x804	-
1260	explorer.exe	0xaa0f92994450	0x3724	Key	0x20019	MACHINE\SYSTEM\CONTROLSET001\CONTROL\NETWORKUXMANAGER
1260	explorer.exe	0xe38ffd5069d0	0x372c	WaitCompletionPacket	0x1	-
1260	explorer.exe	0xe38ff863deb0	0x3734	EtwRegistration	0x804	-
1260	explorer.exe	0xe38ff8449760	0x373c	Event	0x1f0003	-
1260	explorer.exe	0xaa0f8640f6a0	0x3754	Key	0x20019	MACHINE\SOFTWARE
1260	explorer.exe	0xaa0f9868c3c0	0x3758	Key	0x10	MACHINE\SOFTWARE\CLASSES\CLSID\{DFFACDC5-679F-4156-8947-C5C76BC0B67F}\INSTANCE
1260	explorer.exe	0xaa0f92307070	0x3760	DxgkCompositionObject	0x3	-
1260	explorer.exe	0xaa0f92320b70	0x3768	DxgkCompositionObject	0x3	-
1260	explorer.exe	0xe38ff7a43280	0x3774	Process	0x1000	sihost.exe Pid 4324
1260	explorer.exe	0xe38ff9b89e60	0x378c	Event	0x1f0003	-
1260	explorer.exe	0xaa0f85122770	0x3790	DxgkCompositionObject	0x3	-
1260	explorer.exe	0xaa0f925608d0	0x3798	Key	0x10	MACHINE\SOFTWARE\CLASSES\CLSID\{1F3427C8-5C10-4210-AA03-2EE45287D668}\INSTANCE
1260	explorer.exe	0xaa0f92304270	0x379c	DxgkCompositionObject	0x3	-
1260	explorer.exe	0xe38ff863d970	0x37a8	EtwRegistration	0x804	-
1260	explorer.exe	0xe38ff73bf540	0x37ac	Thread	0x1fffff	Tid 4776 Pid 1260
1260	explorer.exe	0xe38ffd509820	0x37b0	WaitCompletionPacket	0x1	-
1260	explorer.exe	0xe38ffad5a070	0x37c0	IoCompletionReserve	0xf0003	-
1260	explorer.exe	0xe38ffc0e4360	0x37c4	Event	0x1f0003	-
1260	explorer.exe	0xe38ff8725630	0x37d0	WaitCompletionPacket	0x1	-
1260	explorer.exe	0xaa0f929a3e00	0x37d8	Key	0x2001d	USER\S-1-5-21-77607562-1836748022-3122067425-1001\SOFTWARE\MICROSOFT\WINDOWS\CURRENTVERSION\INTERNET SETTINGS\P3P\HISTORY
1260	explorer.exe	0xe38ffcaa9b70	0x37dc	File	0x100001	\Device\HarddiskVolume3\Program Files\WindowsApps\Microsoft.LanguageExperiencePacken-GB_19041.62.219.0_neutral__8wekyb3d8bbwe\Windows\System32\en-GB\crypt32.dll.mui
1260	explorer.exe	0xe38ffa735950	0x37e4	File	0x100020	\Device\HarddiskVolume3\Windows\WinSxS\amd64_microsoft.windows.common-controls_6595b64144ccf1df_6.0.19041.6456_none_60b8a6cb71f64256
1260	explorer.exe	0xe38ff84357e0	0x37e8	Event	0x1f0003	-
1260	explorer.exe	0xe38ff863e5b0	0x37ec	EtwRegistration	0x804	-
1260	explorer.exe	0xaa0f7e376550	0x37f0	Section	0xf0007	-
1260	explorer.exe	0xe38ff8633cd0	0x37fc	EtwRegistration	0x804	-
1260	explorer.exe	0xe38ff822ccd0	0x3804	ALPC Port	0x1f0001	-
1260	explorer.exe	0xaa0f986a0d20	0x3810	Key	0x10	MACHINE\SOFTWARE\CLASSES\CLSID\{DFFACDC5-679F-4156-8947-C5C76BC0B67F}\INSTANCE
1260	explorer.exe	0xe38ff9b852e0	0x381c	Event	0x1f0003	-
1260	explorer.exe	0xe38ffbab1dc0	0x3828	IoCompletion	0x1f0003	-
1260	explorer.exe	0xe38ff86ced60	0x3844	Event	0x1f0003	-
1260	explorer.exe	0xe38ffa3a30d0	0x3850	EtwRegistration	0x804	-
1260	explorer.exe	0xe38ff9b8be60	0x3864	Event	0x1f0003	-
1260	explorer.exe	0xe38ff8635630	0x386c	EtwRegistration	0x804	-
1260	explorer.exe	0xe38ff87b3080	0x3874	Thread	0x100000	Tid 7696 Pid 7692
1260	explorer.exe	0xe38ffa3a3a70	0x3878	EtwRegistration	0x804	-
1260	explorer.exe	0xaa0f9299e7f0	0x387c	Key	0x20019	MACHINE\SOFTWARE\MICROSOFT\WINDOWS\CURRENTVERSION\EXPLORER\FOLDERDESCRIPTIONS\{2400183A-6185-49FB-A2D8-4A392A602BA3}\PROPERTYBAG
1260	explorer.exe	0xe38ff84469e0	0x3880	Event	0x1f0003	-
1260	explorer.exe	0xe38ff8636eb0	0x3884	EtwRegistration	0x804	-
1260	explorer.exe	0xe38ff862f7b0	0x3888	EtwRegistration	0x804	-
1260	explorer.exe	0xe38ffd3d4080	0x388c	Thread	0x1fffff	Tid 5560 Pid 1260
1260	explorer.exe	0xe38ff8637cb0	0x38a0	EtwRegistration	0x804	-
1260	explorer.exe	0xe38ff8637d90	0x38a4	EtwRegistration	0x804	-
1260	explorer.exe	0xe38ffa2f0a80	0x38a8	ALPC Port	0x1f0001	-
1260	explorer.exe	0xe38ff86350f0	0x38ac	EtwRegistration	0x804	-
1260	explorer.exe	0xe38ff780a2e0	0x38b0	Event	0x1f0003	-
1260	explorer.exe	0xe38ff863df90	0x38b8	EtwRegistration	0x804	-
1260	explorer.exe	0xe38ff8440060	0x38c0	Event	0x1f0003	-
1260	explorer.exe	0xaa0f9299e4c0	0x38c8	Key	0x20019	MACHINE\SOFTWARE\MICROSOFT\WINDOWS\CURRENTVERSION\EXPLORER\FOLDERDESCRIPTIONS\{56784854-C6CB-462B-8169-88E350ACB882}\PROPERTYBAG
1260	explorer.exe	0xaa0f9299f3a0	0x38cc	Key	0x20019	MACHINE\SOFTWARE\MICROSOFT\WINDOWS\CURRENTVERSION\EXPLORER\FOLDERDESCRIPTIONS\{491E922F-5643-4AF4-A7EB-4E7A138D8174}\PROPERTYBAG
1260	explorer.exe	0xe38ffd509750	0x38d4	WaitCompletionPacket	0x1	-
1260	explorer.exe	0xe38ff8637770	0x38d8	EtwRegistration	0x804	-
1260	explorer.exe	0xaa0fab2cd0f0	0x38ec	Key	0x10	MACHINE\SOFTWARE\CLASSES\CLSID\{A8CDFF1C-4878-43BE-B5FD-F8091C1C60D0}\INSTANCE
1260	explorer.exe	0xe38ff8d91080	0x38f0	Thread	0x1fffff	Tid 10460 Pid 1260
1260	explorer.exe	0xe38ff77c4d40	0x38f4	Event	0x1f0003	ShellDesktopSwitchEvent
1260	explorer.exe	0xaa0f92302970	0x38fc	DxgkCompositionObject	0x3	-
1260	explorer.exe	0xe38ff9385320	0x3904	ALPC Port	0x1f0001	[CoreUI]-PID(1260)-TID(10460) 6a0267d1-94de-4474-8834-c3375d727dd1
1260	explorer.exe	0xaa0f92985760	0x3908	Key	0x20019	MACHINE\SOFTWARE\MICROSOFT\ENTERPRISECERTIFICATES\DISALLOWED
1260	explorer.exe	0xe38ff86d7260	0x391c	Event	0x1f0003	-
1260	explorer.exe	0xaa0f9fb29590	0x3920	Section	0xf0007	4ecHWNDInterface:1082c
1260	explorer.exe	0xaa0f986b8100	0x392c	Key	0x9	MACHINE\SOFTWARE\MICROSOFT\WINDOWS\CURRENTVERSION\EXPLORER\COMMANDSTORE\SHELL\WINDOWS.RIBBONDELETE
1260	explorer.exe	0xe38ff9b953e0	0x3930	Event	0x1f0003	-
1260	explorer.exe	0xaa0f9299e080	0x3934	Key	0x20019	MACHINE\SOFTWARE\MICROSOFT\WINDOWS\CURRENTVERSION\EXPLORER\FOLDERDESCRIPTIONS\{DE92C1C7-837F-4F69-A3BB-86E631204A23}\PROPERTYBAG
1260	explorer.exe	0xe38ff7e4f660	0x3938	Semaphore	0x100003	-
1260	explorer.exe	0xe38ff86e3e60	0x393c	Event	0x1f0003	-
1260	explorer.exe	0xe38ffbf280c0	0x3940	IoCompletion	0x1f0003	-
1260	explorer.exe	0xe38ff8053860	0x3944	Event	0x1f0003	-
1260	explorer.exe	0xe38ff9185670	0x3948	Event	0x100000	{44ea083b-899c-4440-8338-2469fd4681cf}
1260	explorer.exe	0xe38ff66fb100	0x394c	WaitCompletionPacket	0x1	-
1260	explorer.exe	0xe38ffc721950	0x3950	Timer	0x1f0003	-
1260	explorer.exe	0xe38ffa3903d0	0x3958	EtwRegistration	0x804	-
1260	explorer.exe	0xe38ff6d924e0	0x395c	Event	0x1f0003	-
1260	explorer.exe	0xe38ffdc48c80	0x3964	File	0x100081	\Device\HarddiskVolume3\Users\Patrick\AppData\Local\Microsoft\Windows\Burn\Burn
1260	explorer.exe	0xe38ff86cf060	0x396c	Event	0x1f0003	-
1260	explorer.exe	0xe38ff862c6b0	0x3970	EtwRegistration	0x804	-
1260	explorer.exe	0xe38ff731c280	0x3974	Thread	0x100000	Tid 7860 Pid 7856
1260	explorer.exe	0xe38ff8638570	0x398c	EtwRegistration	0x804	-
1260	explorer.exe	0xe38ffc0d8f60	0x3990	Event	0x1f0003	-
1260	explorer.exe	0xe38ff7b29f50	0x399c	EtwRegistration	0x804	-
1260	explorer.exe	0xe38ffd3f7270	0x39a0	Timer	0x1f0003	-
1260	explorer.exe	0xaa0f9299f180	0x39a4	Key	0x20019	MACHINE\SOFTWARE\MICROSOFT\WINDOWS\CURRENTVERSION\EXPLORER\FOLDERDESCRIPTIONS\{A990AE9F-A03B-4E80-94BC-9912D7504104}\PROPERTYBAG
1260	explorer.exe	0xaa0f986b3d00	0x39b0	Key	0x20019	MACHINE\SOFTWARE\MICROSOFT\WINDOWS\CURRENTVERSION\EXPLORER\COMMANDSTORE
1260	explorer.exe	0xe38ff7bdd6e0	0x39b4	Event	0x1f0003	-
1260	explorer.exe	0xe38ffa36f5f0	0x39bc	EtwRegistration	0x804	-
1260	explorer.exe	0xaa0f9299ee50	0x39c0	Key	0x20019	MACHINE\SOFTWARE\MICROSOFT\WINDOWS\CURRENTVERSION\EXPLORER\FOLDERDESCRIPTIONS\{E25B5812-BE88-4BD9-94B0-29233477B6C3}\PROPERTYBAG
1260	explorer.exe	0xe38ff862d670	0x39c4	EtwRegistration	0x804	-
1260	explorer.exe	0xe38ff862dbb0	0x39c8	EtwRegistration	0x804	-
1260	explorer.exe	0xe38ff863ecb0	0x39cc	EtwRegistration	0x804	-
1260	explorer.exe	0xe38ff9b95160	0x39d0	Event	0x1f0003	-
1260	explorer.exe	0xe38ff862f890	0x39d4	EtwRegistration	0x804	-
1260	explorer.exe	0xaa0f9299b930	0x39d8	Key	0x20019	MACHINE\SOFTWARE\MICROSOFT\WINDOWS\CURRENTVERSION\EXPLORER\FOLDERDESCRIPTIONS\{2112AB0A-C86A-4FFE-A368-0DE96E47012E}\PROPERTYBAG
1260	explorer.exe	0xe38ff862eb70	0x39dc	EtwRegistration	0x804	-
1260	explorer.exe	0xe38ff862c5d0	0x39e4	EtwRegistration	0x804	-
1260	explorer.exe	0xe38ff86cbf60	0x39e8	Event	0x1f0003	-
1260	explorer.exe	0xe38ffa3796f0	0x39ec	EtwRegistration	0x804	-
1260	explorer.exe	0xe38ff780dee0	0x39f0	Event	0x1f0003	-
1260	explorer.exe	0xe38ff8634670	0x39f8	EtwRegistration	0x804	-
1260	explorer.exe	0xe38ffbab2f40	0x3a00	IoCompletion	0x1f0003	-
1260	explorer.exe	0xe38ff805d260	0x3a0c	Event	0x1f0003	-
1260	explorer.exe	0xe38ff906adb0	0x3a14	WaitCompletionPacket	0x1	-
1260	explorer.exe	0xaa0f80164650	0x3a18	Key	0x20019	USER\S-1-5-21-77607562-1836748022-3122067425-1001_CLASSES\LOCAL SETTINGS\SOFTWARE\MICROSOFT\WINDOWS\SHELL\BAGS\1\SHELL
1260	explorer.exe	0xe38ff7893450	0x3a1c	EtwRegistration	0x804	-
1260	explorer.exe	0xaa0f9868c2b0	0x3a24	Key	0x10	MACHINE\SOFTWARE\CLASSES\CLSID\{374DE290-123F-4565-9164-39C4925E467B}\INSTANCE
1260	explorer.exe	0xe38ff906ae80	0x3a30	WaitCompletionPacket	0x1	-
1260	explorer.exe	0xe38ffa379df0	0x3a40	EtwRegistration	0x804	-
1260	explorer.exe	0xe38ff8391080	0x3a44	Thread	0x1fffff	Tid 8556 Pid 1260
1260	explorer.exe	0xe38ff9b87360	0x3a48	Event	0x1f0003	-
1260	explorer.exe	0xe38ffd76db30	0x3a4c	WaitCompletionPacket	0x1	-
1260	explorer.exe	0xe38ff6d929e0	0x3a50	Event	0x1f0003	-
1260	explorer.exe	0xe38ff7bdd1e0	0x3a54	Event	0x1f0003	-
1260	explorer.exe	0xe38ff843d3e0	0x3a68	Event	0x1f0003	-
1260	explorer.exe	0xaa0f9298d900	0x3a6c	Key	0x20019	MACHINE\SOFTWARE\MICROSOFT\WINDOWS\CURRENTVERSION\EXPLORER\COMMANDSTORE\SHELL\WINDOWS.HELP
1260	explorer.exe	0xe38ff862f350	0x3a70	EtwRegistration	0x804	-
1260	explorer.exe	0xe38ff6c702e0	0x3a74	EtwRegistration	0x804	-
1260	explorer.exe	0xe38ff7ef2070	0x3a7c	ALPC Port	0x1f0001	-
1260	explorer.exe	0xe38ff862e550	0x3a80	EtwRegistration	0x804	-
1260	explorer.exe	0xe38ffb172940	0x3a84	File	0x100020	\Device\HarddiskVolume3\Windows\WinSxS\amd64_microsoft.windows.common-controls_6595b64144ccf1df_6.0.19041.6456_none_60b8a6cb71f64256
1260	explorer.exe	0xe38ff862ca30	0x3a88	EtwRegistration	0x804	-
1260	explorer.exe	0xaa0f92544dc0	0x3a90	Key	0x10	USER\S-1-5-21-77607562-1836748022-3122067425-1001\CONTROL PANEL\COLORS
1260	explorer.exe	0xe38ffd76cbc0	0x3a94	WaitCompletionPacket	0x1	-
1260	explorer.exe	0xe38ff7097860	0x3a98	Event	0x1f0003	-
1260	explorer.exe	0xe38ff6e50aa0	0x3a9c	ALPC Port	0x1f0001	[CoreUI]-PID(1260)-TID(5560) bc479743-6971-4e52-b5df-c90418d8d52b
1260	explorer.exe	0xe38ffd3d4080	0x3aa0	Thread	0x1fffff	Tid 5560 Pid 1260
1260	explorer.exe	0xe38ff8634210	0x3aa4	EtwRegistration	0x804	-
1260	explorer.exe	0xe38ffd76adb0	0x3aa8	WaitCompletionPacket	0x1	-
1260	explorer.exe	0xe38ffd3d4080	0x3aac	Thread	0x1fffff	Tid 5560 Pid 1260
1260	explorer.exe	0xe38ff8634750	0x3ab0	EtwRegistration	0x804	-
1260	explorer.exe	0xe38ff8634830	0x3ab4	EtwRegistration	0x804	-
1260	explorer.exe	0xaa0f9299c920	0x3ab8	Key	0x20019	MACHINE\SOFTWARE\MICROSOFT\WINDOWS\CURRENTVERSION\EXPLORER\FOLDERDESCRIPTIONS\{7B0DB17D-9CD2-4A93-9733-46CC89022E7C}\PROPERTYBAG
1260	explorer.exe	0xe38ff7e4fee0	0x3ac0	Semaphore	0x100003	-
1260	explorer.exe	0xe38ff7e4e4e0	0x3ac4	Semaphore	0x100003	-
1260	explorer.exe	0xe38ff862e710	0x3ac8	EtwRegistration	0x804	-
1260	explorer.exe	0xe38ff7e8a7f0	0x3ad4	Semaphore	0x100003	CDP_CALLBACK_E4A4786D-5050-6550-5E32-F0B4A15C9125
1260	explorer.exe	0xe38ff862ea90	0x3adc	EtwRegistration	0x804	-
1260	explorer.exe	0xe38ff843d460	0x3ae4	Event	0x1f0003	-
1260	explorer.exe	0xe38ff80b0ee0	0x3ae8	Event	0x1f0003	-
1260	explorer.exe	0xe38ff86375b0	0x3aec	EtwRegistration	0x804	-
1260	explorer.exe	0xe38ffb6735c0	0x3af0	File	0x120089	\Device\DeviceApi\CMNotify
1260	explorer.exe	0xe38ff7e4e460	0x3af4	Semaphore	0x100003	-
1260	explorer.exe	0xe38ffcdcc080	0x3af8	Thread	0x100010	Tid 3120 Pid 1260
1260	explorer.exe	0xe38ff85e51b0	0x3afc	Timer	0x1f0003	-
1260	explorer.exe	0xe38ff8633b10	0x3b00	EtwRegistration	0x804	-
1260	explorer.exe	0xaa0f7ed2fd50	0x3b04	Section	0x0	-
1260	explorer.exe	0xe38ff7e4f460	0x3b08	Semaphore	0x100003	-
1260	explorer.exe	0xe38ff7e4f360	0x3b0c	Semaphore	0x100003	-
1260	explorer.exe	0xe38ffd2c5ac0	0x3b18	ALPC Port	0x1f0001	-
1260	explorer.exe	0xaa0f89906270	0x3b24	Section	0x0	-
1260	explorer.exe	0xe38fff73e5f0	0x3b28	File	0x100001	\Device\HarddiskVolume3\Windows\System32\en-GB\ieframe.dll.mui
1260	explorer.exe	0xe38ffa393850	0x3b30	EtwRegistration	0x804	-
1260	explorer.exe	0xaa0f8640f7b0	0x3b34	Key	0x10	MACHINE\SOFTWARE\CLASSES\CLSID\{374DE290-123F-4565-9164-39C4925E467B}\INSTANCE
1260	explorer.exe	0xaa0f91615ed0	0x3b38	Section	0xf0007	4ecHWNDInterface:300b04
1260	explorer.exe	0xe38ff80606e0	0x3b40	Event	0x1f0003	-
1260	explorer.exe	0xe38ff780e5e0	0x3b44	Event	0x1f0003	-
1260	explorer.exe	0xe38ff82094d0	0x3b48	WaitCompletionPacket	0x1	-
1260	explorer.exe	0xe38ff847c080	0x3b4c	Thread	0x1fffff	Tid 10868 Pid 1260
1260	explorer.exe	0xaa0f86422460	0x3b54	Key	0x10	MACHINE\SOFTWARE\MICROSOFT\WINDOWS\CURRENTVERSION\EXPLORER\SYNCROOTMANAGER
1260	explorer.exe	0xe38ff80604e0	0x3b58	Event	0x1f0003	-
1260	explorer.exe	0xe38ff87047b0	0x3b5c	WaitCompletionPacket	0x1	-
1260	explorer.exe	0xe38ffdc44630	0x3b64	File	0x100081	\Device\HarddiskVolume3\Users\Patrick\AppData\Roaming\Microsoft\Windows\Libraries
1260	explorer.exe	0xaa0f8e255870	0x3b68	Key	0x20019	USER\S-1-5-21-77607562-1836748022-3122067425-1001\SOFTWARE\MICROSOFT\SYSTEMCERTIFICATES\TRUSTEDPEOPLE
1260	explorer.exe	0xe38ff84382e0	0x3b6c	Event	0x1f0003	-
1260	explorer.exe	0xe38ff8060260	0x3b80	Event	0x1f0003	-
1260	explorer.exe	0xaa0f92984bb0	0x3b84	Key	0x20019	USER\S-1-5-21-77607562-1836748022-3122067425-1001\SOFTWARE\MICROSOFT\SYSTEMCERTIFICATES\DISALLOWED
1260	explorer.exe	0xe38001107190	0x3b88	File	0x100001	\Device\HarddiskVolume3\Windows\System32\en-US\ole32.dll.mui
1260	explorer.exe	0xe38ffbf26f30	0x3b8c	EtwRegistration	0x804	-
1260	explorer.exe	0xe38ff6b89080	0x3b90	Thread	0x1fffff	Tid 7324 Pid 1260
1260	explorer.exe	0xe38ff7803060	0x3ba4	Event	0x1f0003	-
1260	explorer.exe	0xe38ffb26b730	0x3bac	File	0x100001	\Device\HarddiskVolume3\Program Files\WindowsApps\Microsoft.LanguageExperiencePacken-GB_19041.62.219.0_neutral__8wekyb3d8bbwe\Windows\System32\en-GB\zipfldr.dll.mui
1260	explorer.exe	0xe38ffcfe2040	0x3bb4	Thread	0x1fffff	Tid 4744 Pid 1260
1260	explorer.exe	0xaa0f8e257850	0x3bd4	Key	0x20019	USER\S-1-5-21-77607562-1836748022-3122067425-1001
1260	explorer.exe	0xaa0fab2ae720	0x3bdc	Key	0x10	MACHINE\SOFTWARE\CLASSES\CLSID\{1CF1260C-4DD0-4EBB-811F-33C572699FDE}\INSTANCE
1260	explorer.exe	0xe38ffd506900	0x3be4	WaitCompletionPacket	0x1	-
1260	explorer.exe	0xaa0f7c0af070	0x3bec	Key	0x10	USER\S-1-5-21-77607562-1836748022-3122067425-1001_CLASSES\CLSID\{018D5C66-4533-4307-9B53-224DE2ED1FE6}\INSTANCE
1260	explorer.exe	0xe38ffca437d0	0x3bf8	Mutant	0x100001	_!SHMSFTHISTORY!_
1260	explorer.exe	0xe38ff80610e0	0x3c04	Event	0x1f0003	-
1260	explorer.exe	0xaa0f986b59b0	0x3c14	Key	0x9	MACHINE\SOFTWARE\MICROSOFT\WINDOWS\CURRENTVERSION\EXPLORER\COMMANDSTORE\SHELL\WINDOWS.NEWFOLDER
1260	explorer.exe	0xe38ff8209330	0x3c28	WaitCompletionPacket	0x1	-
1260	explorer.exe	0xe38ff5122280	0x3c38	ALPC Port	0x1f0001	-
1260	explorer.exe	0xe38ffd507940	0x3c44	WaitCompletionPacket	0x1	-
1260	explorer.exe	0xe38ff9b95e60	0x3c48	Event	0x1f0003	-
1260	explorer.exe	0xe38ffd5e70c0	0x3c50	Thread	0x1fffff	Tid 10524 Pid 1260
1260	explorer.exe	0xe38ffc84f6f0	0x3c5c	WaitCompletionPacket	0x1	-
1260	explorer.exe	0xe38ffbf28890	0x3c6c	EtwRegistration	0x804	-
1260	explorer.exe	0xaa0f8a502a30	0x3c84	Section	0x0	-
1260	explorer.exe	0xaa0f86412670	0x3c8c	Key	0x10	MACHINE\SOFTWARE\CLASSES\CLSID\{1CF1260C-4DD0-4EBB-811F-33C572699FDE}\INSTANCE
1260	explorer.exe	0xe38ff6da29e0	0x3c94	Event	0x1f0003	-
1260	explorer.exe	0xe38ffd505580	0x3ca0	WaitCompletionPacket	0x1	-
1260	explorer.exe	0xe38ff780b9e0	0x3cb8	Event	0x1f0003	-
1260	explorer.exe	0xe38ff8827c50	0x3cc0	EtwRegistration	0x804	-
1260	explorer.exe	0xaa0fa84966d0	0x3ccc	Section	0xf0007	4ecHWNDInterface:8073a
1260	explorer.exe	0xe38ff9b890e0	0x3cd4	Event	0x1f0003	-
1260	explorer.exe	0xe38ffaa2dcf0	0x3cd8	ALPC Port	0x1f0001	-
1260	explorer.exe	0xaa0f8e257630	0x3ce0	Key	0x20019	MACHINE\SOFTWARE\MICROSOFT\SYSTEMCERTIFICATES\SMARTCARDROOT
1260	explorer.exe	0xe38ff780be60	0x3ce4	Event	0x1f0003	-
1260	explorer.exe	0xe38ff6acbce0	0x3cec	Event	0x1f0003	-
1260	explorer.exe	0xaa0faba02bb0	0x3cf4	Key	0x20006	USER\S-1-5-21-77607562-1836748022-3122067425-1001_CLASSES\LOCAL SETTINGS\SOFTWARE\MICROSOFT\WINDOWS\SHELL\BAGS\ALLFOLDERS\SHELL
1260	explorer.exe	0xe38ff70f69c0	0x3d10	ALPC Port	0x1f0001	-
1260	explorer.exe	0xe38ff6926380	0x3d18	IoCompletion	0x1f0003	-
1260	explorer.exe	0xe38ff8615490	0x3d1c	EtwRegistration	0x804	-
1260	explorer.exe	0xe38ffb45b6f0	0x3d24	File	0x100001	\Device\HarddiskVolume3\Windows\System32\en-GB\explorerframe.dll.mui
1260	explorer.exe	0xe38ffc0d5460	0x3d28	Event	0x1f0003	-
1260	explorer.exe	0xaa0f86418830	0x3d2c	Key	0x10	USER\S-1-5-21-77607562-1836748022-3122067425-1001\SOFTWARE\MICROSOFT\WINDOWS\CURRENTVERSION\EXPLORER\STORAGEPROVIDER
1260	explorer.exe	0xe3800111d440	0x3d30	File	0x100020	\Device\HarddiskVolume3\Windows\WinSxS\amd64_microsoft.windows.common-controls_6595b64144ccf1df_6.0.19041.6456_none_60b8a6cb71f64256
1260	explorer.exe	0xe38ffd125910	0x3d34	File	0x12019f	\Device\HarddiskVolume3\Users\Patrick\AppData\Local\Microsoft\Windows\Explorer\thumbcache_48.db
1260	explorer.exe	0xe38ffb269ca0	0x3d44	File	0x100001	\Device\HarddiskVolume3\Windows\SystemResources\zipfldr.dll.mun
1260	explorer.exe	0xaa0f8f4af190	0x3d50	Section	0xf0007	4ecHWNDInterface:70b9a
1260	explorer.exe	0xaa0f92987300	0x3d64	Key	0x20019	MACHINE\SOFTWARE\MICROSOFT\SYSTEMCERTIFICATES\AUTHROOT
1260	explorer.exe	0xe38ffc0d8060	0x3d6c	Event	0x1f0003	-
1260	explorer.exe	0xe38ff708d660	0x3d7c	Event	0x1f0003	-
1260	explorer.exe	0xe38ff86d21e0	0x3d80	Event	0x1f0003	-
1260	explorer.exe	0xe38ff8838810	0x3d84	EtwRegistration	0x804	-
1260	explorer.exe	0xaa0f986b6560	0x3d88	Key	0x20019	MACHINE\SOFTWARE\MICROSOFT\WINDOWS\CURRENTVERSION\EXPLORER\COMMANDSTORE\SHELL\WINDOWS.HELP
1260	explorer.exe	0xe38ffd506eb0	0x3d90	WaitCompletionPacket	0x1	-
1260	explorer.exe	0xaa0f85114870	0x3da4	DxgkCompositionObject	0x3	-
1260	explorer.exe	0xe38ff87c2380	0x3da8	ALPC Port	0x1f0001	-
1260	explorer.exe	0xaa0f8640f8c0	0x3dac	Key	0x20019	USER\S-1-5-21-77607562-1836748022-3122067425-1001\SOFTWARE\POLICIES
1260	explorer.exe	0xe38ff9448460	0x3db0	Semaphore	0x1f0003	-
1260	explorer.exe	0xe38ffc0e2d60	0x3db4	Event	0x1f0003	-
1260	explorer.exe	0xe38ff9b88fe0	0x3dbc	Semaphore	0x100003	-
1260	explorer.exe	0xe38ffd031620	0x3dc0	File	0x100020	\Device\HarddiskVolume3\Windows\WinSxS\amd64_microsoft.windows.common-controls_6595b64144ccf1df_6.0.19041.6456_none_60b8a6cb71f64256
1260	explorer.exe	0xe38ff882c950	0x3dd0	EtwRegistration	0x804	-
1260	explorer.exe	0xe38ff818d080	0x3e08	Thread	0x1fffff	Tid 8648 Pid 1260
1260	explorer.exe	0xe38ff9b95460	0x3e0c	Event	0x1f0003	-
1260	explorer.exe	0xe38ff9b954e0	0x3e10	Event	0x1f0003	-
1260	explorer.exe	0xe38ff9127080	0x3e18	Thread	0x1fffff	Tid 9764 Pid 1260
1260	explorer.exe	0xe38ff882c790	0x3e2c	EtwRegistration	0x804	-
1260	explorer.exe	0xe38ffba91610	0x3e30	EtwRegistration	0x804	-
1260	explorer.exe	0xe38ffeb500d0	0x3e34	EtwRegistration	0x804	-
1260	explorer.exe	0xaa0f986b6ef0	0x3e38	Key	0x9	MACHINE\SOFTWARE\MICROSOFT\WINDOWS\CURRENTVERSION\EXPLORER\COMMANDSTORE\SHELL\WINDOWS.UNDO
1260	explorer.exe	0xe38ff7806960	0x3e40	Event	0x1f0003	-
1260	explorer.exe	0xe38ff8838730	0x3e44	EtwRegistration	0x804	-
1260	explorer.exe	0xaa0f98694340	0x3e50	Key	0x10	MACHINE\SOFTWARE\CLASSES\CLSID\{1F3427C8-5C10-4210-AA03-2EE45287D668}\INSTANCE
1260	explorer.exe	0xe38ff9427a90	0x3e54	Mutant	0x1f0001	C::Users:Patrick:AppData:Local:Microsoft:Windows:Explorer:iconcache_32.db!dfMaintainer
1260	explorer.exe	0xaa0fa8495d10	0x3e60	Section	0xf0007	4ecHWNDInterface:1206f6
1260	explorer.exe	0xe380012e8c60	0x3e64	Event	0x1f0003	-
1260	explorer.exe	0xe38ff86eb080	0x3e68	Thread	0x1fffff	Tid 4076 Pid 1260
1260	explorer.exe	0xe38ff86cebe0	0x3e6c	Event	0x1f0003	-
1260	explorer.exe	0xe38ff86eb080	0x3e78	Thread	0x1fffff	Tid 4076 Pid 1260
1260	explorer.exe	0xe38ff7805460	0x3e8c	Event	0x1f0003	-
1260	explorer.exe	0xe38fff7021e0	0x3e94	File	0x100020	\Device\HarddiskVolume3\Windows\WinSxS\amd64_microsoft.windows.common-controls_6595b64144ccf1df_6.0.19041.6456_none_60b8a6cb71f64256
1260	explorer.exe	0xe38ffc851910	0x3ea4	WaitCompletionPacket	0x1	-
1260	explorer.exe	0xe38ff8839290	0x3eac	EtwRegistration	0x804	-
1260	explorer.exe	0xe38ff86e49e0	0x3eb0	Event	0x1f0003	-
1260	explorer.exe	0xaa0f98685ed0	0x3eb8	Key	0x10	MACHINE\SOFTWARE\CLASSES\CLSID\{A8CDFF1C-4878-43BE-B5FD-F8091C1C60D0}\INSTANCE
1260	explorer.exe	0xaa0f899045b0	0x3ec8	Section	0x0	-
1260	explorer.exe	0xe38ff93b1400	0x3ed0	File	0x100081	\Device\HarddiskVolume3\Users\Patrick\Downloads\magnet RAM Capture
1260	explorer.exe	0xaa0f98692be0	0x3ed8	Key	0x10	MACHINE\SOFTWARE\CLASSES\CLSID\{F86FA3AB-70D2-4FC7-9C99-FCBF05467F3A}\INSTANCE
1260	explorer.exe	0xe38ff6927440	0x3edc	IoCompletion	0x1f0003	-
1260	explorer.exe	0xe38ff70a21e0	0x3ee0	Event	0x1f0003	-
1260	explorer.exe	0xe38ffbf23730	0x3f10	EtwRegistration	0x804	-
1260	explorer.exe	0xe38ffc723e70	0x3f1c	Timer	0x1f0003	-
1260	explorer.exe	0xe38ff94a9080	0x3f30	Thread	0x1fffff	Tid 2428 Pid 1260
1260	explorer.exe	0xaa0f986b5ac0	0x3f40	Key	0x20019	MACHINE\SOFTWARE\MICROSOFT\WINDOWS\CURRENTVERSION\EXPLORER\COMMANDSTORE
1260	explorer.exe	0xe38fff7069c0	0x3f5c	File	0x100001	\Device\HarddiskVolume3\Windows\SystemResources\shell32.dll.mun
1260	explorer.exe	0xe38ffbb06dd0	0x3f7c	Semaphore	0x100003	CDP_CALLBACK_C81CCB08-4809-918B-73A8-D61BE37EB126
1260	explorer.exe	0xe38ff9b934e0	0x3f88	Event	0x1f0003	-
1260	explorer.exe	0xe38ff69268c0	0x3f94	IoCompletion	0x1f0003	-
1260	explorer.exe	0xaa0f84a05410	0x3fa4	Section	0xf0005	-
1260	explorer.exe	0xe380009070e0	0x3fa8	Event	0x1f0003	-
1260	explorer.exe	0xe38ff8827470	0x3fac	EtwRegistration	0x804	-
1260	explorer.exe	0xe38ff96f2ce0	0x3fb8	ALPC Port	0x1f0001	-
1260	explorer.exe	0xaa0f986b8320	0x3fbc	Key	0x9	MACHINE\SOFTWARE\MICROSOFT\WINDOWS\CURRENTVERSION\EXPLORER\COMMANDSTORE\SHELL\WINDOWS.REDO
1260	explorer.exe	0xaa0f85118f70	0x3fc4	DxgkCompositionObject	0x3	-
1260	explorer.exe	0xe38ff805d3e0	0x3fc8	Event	0x1f0003	-
1260	explorer.exe	0xe38ff882ce90	0x3fcc	EtwRegistration	0x804	-
1260	explorer.exe	0xe38ff780b260	0x3fd0	Event	0x1f0003	-
1260	explorer.exe	0xaa0fab2c34c0	0x3fd4	Key	0x10	MACHINE\SOFTWARE\CLASSES\CLSID\{1CF1260C-4DD0-4EBB-811F-33C572699FDE}\INSTANCE
1260	explorer.exe	0xaa0f84a05550	0x3fd8	Section	0xf0005	-
1260	explorer.exe	0xaa0f986b6ab0	0x3fdc	Key	0x20019	MACHINE\SOFTWARE\MICROSOFT\WINDOWS\CURRENTVERSION\EXPLORER\COMMANDSTORE
1260	explorer.exe	0xaa0f864381f0	0x3fe0	Key	0x20019	MACHINE\SOFTWARE\MICROSOFT\WINDOWS\CURRENTVERSION\MMDEVICES\AUDIO\RENDER\{1CDBF261-9720-4D01-8A25-8074BE30D2A3}\PROPERTIES
1260	explorer.exe	0xaa0f80166a70	0x3fe4	Key	0x20019	MACHINE\SOFTWARE\MICROSOFT\SYSTEMCERTIFICATES\AUTHROOT
1260	explorer.exe	0xaa0f98687410	0x3fe8	Key	0x10	MACHINE\SOFTWARE\CLASSES\CLSID\{D3162B92-9365-467A-956B-92703ACA08AF}\INSTANCE
1260	explorer.exe	0xaa0f86403320	0x3ff0	Key	0x20019	USER\S-1-5-21-77607562-1836748022-3122067425-1001_CLASSES\LOCAL SETTINGS\SOFTWARE\MICROSOFT\WINDOWS\CURRENTVERSION\WORKFOLDERS
1260	explorer.exe	0xaa0f9298d3b0	0x4008	Key	0x20019	MACHINE\SOFTWARE\MICROSOFT\WINDOWS\CURRENTVERSION\EXPLORER\COMMANDSTORE\SHELL\WINDOWS.PROPERTIES
1260	explorer.exe	0xaa0f89903250	0x4010	Section	0x0	-
1260	explorer.exe	0xe38ff871e950	0x4014	WaitCompletionPacket	0x1	-
1260	explorer.exe	0xaa0f7e98fce0	0x401c	Key	0x10	MACHINE\SOFTWARE\CLASSES\CLSID\{374DE290-123F-4565-9164-39C4925E467B}\INSTANCE
1260	explorer.exe	0xe38ff8827e10	0x4034	EtwRegistration	0x804	-
1260	explorer.exe	0xe38ff8b35fe0	0x4044	Event	0x1f0003	-
1260	explorer.exe	0xe38ff8060ce0	0x4048	Event	0x1f0003	-
1260	explorer.exe	0xe38ff8b37b60	0x404c	Event	0x1f0003	-
1260	explorer.exe	0xe38ffbab5090	0x405c	EtwRegistration	0x804	-
1260	explorer.exe	0xe38ff86145b0	0x4068	EtwRegistration	0x804	-
1260	explorer.exe	0xe38ff780c0e0	0x4074	Event	0x1f0003	-
1260	explorer.exe	0xaa0f98685210	0x407c	Key	0x10	MACHINE\SOFTWARE\CLASSES\CLSID\{374DE290-123F-4565-9164-39C4925E467B}\INSTANCE
1260	explorer.exe	0xe38ff9b8b660	0x4080	Event	0x1f0003	-
1260	explorer.exe	0xe38ff805e160	0x4094	Event	0x1f0003	-
1260	explorer.exe	0xe38ffdc476a0	0x40a0	File	0x100081	\Device\HarddiskVolume3\Users\Patrick\3D Objects
1260	explorer.exe	0xe38ff805d060	0x40a4	Semaphore	0x1f0003	-
1260	explorer.exe	0xe38ff8f74760	0x40ac	ALPC Port	0x1f0001	-
1260	explorer.exe	0xe38ff6a87310	0x40b0	EtwRegistration	0x804	-
1260	explorer.exe	0xe38ffbf1edb0	0x40b4	EtwRegistration	0x804	-
1260	explorer.exe	0xe38ff871e880	0x40b8	WaitCompletionPacket	0x1	-
1260	explorer.exe	0xe38ff96c6d20	0x40c0	ALPC Port	0x1f0001	-
1260	explorer.exe	0xe38ffc726c00	0x40c4	Timer	0x1f0003	-
1260	explorer.exe	0xe38ff86cee60	0x40c8	Event	0x1f0003	-
1260	explorer.exe	0xe380009102e0	0x40d0	Event	0x1f0003	-
1260	explorer.exe	0xe38ffd505a60	0x40d4	WaitCompletionPacket	0x1	-
1260	explorer.exe	0xe38ff86d5260	0x40d8	Semaphore	0x1f0003	-
1260	explorer.exe	0xe38ff9b93be0	0x40e0	Event	0x1f0003	-
1260	explorer.exe	0xe38ff6fd7080	0x40e4	Thread	0x1fffff	Tid 10128 Pid 1260
1260	explorer.exe	0xaa0f86414980	0x40ec	Key	0x10	MACHINE\SOFTWARE\CLASSES\CLSID\{F86FA3AB-70D2-4FC7-9C99-FCBF05467F3A}\INSTANCE
1260	explorer.exe	0xe38ff88280b0	0x40f4	EtwRegistration	0x804	-
1260	explorer.exe	0xe38ff8b3f1e0	0x40fc	Event	0x1f0003	-
1260	explorer.exe	0xaa0fab2b04e0	0x4100	Key	0x20019	USER\S-1-5-21-77607562-1836748022-3122067425-1001_CLASSES\LOCAL SETTINGS\SOFTWARE\MICROSOFT\WINDOWS\SHELL\BAGS\ALLFOLDERS\SHELL
1260	explorer.exe	0xe38ff780abe0	0x4104	Event	0x1f0003	-
1260	explorer.exe	0xaa0f9281d150	0x410c	Section	0xf0007	-
1260	explorer.exe	0xe38ffc405b30	0x411c	EtwRegistration	0x804	-
1260	explorer.exe	0xe38ff9b95260	0x4134	Event	0x1f0003	-
1260	explorer.exe	0xe38ff9b8d660	0x4140	Event	0x1f0003	-
1260	explorer.exe	0xe38ffe01c290	0x4150	File	0x100001	\Device\HarddiskVolume3\Windows\WinSxS\amd64_microsoft.windows.c..-controls.resources_6595b64144ccf1df_6.0.19041.1_en-gb_c3d871e478025c14\comctl32.dll.mui
1260	explorer.exe	0xe38ffbf37cb0	0x4158	EtwRegistration	0x804	-
1260	explorer.exe	0xe38ff75766e0	0x415c	ALPC Port	0x1f0001	-
1260	explorer.exe	0xe38ff79d6160	0x4160	Event	0x1f0003	-
1260	explorer.exe	0xe38ff79d5e60	0x4164	Event	0x1f0003	-
1260	explorer.exe	0xe38ff8614f40	0x4168	IoCompletion	0x1f0003	-
1260	explorer.exe	0xaa0f9280b590	0x416c	Section	0xf0007	-
1260	explorer.exe	0xe38ff78c4070	0x4174	ALPC Port	0x1f0001	-
1260	explorer.exe	0xe38ff8061fe0	0x4178	Event	0x1f0003	-
1260	explorer.exe	0xe38ff22a8780	0x417c	Timer	0x1f0003	-
1260	explorer.exe	0xe38ffe00f2c0	0x4180	File	0x100020	\Device\HarddiskVolume3\Windows\WinSxS\amd64_microsoft.windows.common-controls_6595b64144ccf1df_6.0.19041.6456_none_60b8a6cb71f64256
1260	explorer.exe	0xe38ff8b449e0	0x4184	Event	0x1f0003	-
1260	explorer.exe	0xe38ffd8a6ab0	0x4198	Event	0x1f0003	SyncRootManagerRegistryUpdateEvent
1260	explorer.exe	0xe38ffc0e09e0	0x41a8	Event	0x1f0003	-
1260	explorer.exe	0xe38ffb6efb60	0x41ac	Event	0x1f0003	-
1260	explorer.exe	0xe38ff94a9080	0x41b0	Thread	0x1fffff	Tid 2428 Pid 1260
1260	explorer.exe	0xe38ff8202310	0x41b4	WaitCompletionPacket	0x1	-
1260	explorer.exe	0xaa0f8990c5d0	0x41bc	Section	0x0	-
1260	explorer.exe	0xe38ff9736080	0x41c4	Thread	0x1fffff	Tid 5128 Pid 1260
1260	explorer.exe	0xaa0f986b7ee0	0x41c8	Key	0x20019	MACHINE\SOFTWARE\MICROSOFT\WINDOWS\CURRENTVERSION\EXPLORER\COMMANDSTORE\SHELL\WINDOWS.RIBBONDELETE
1260	explorer.exe	0xaa0f86412780	0x41cc	Key	0x10	MACHINE\SOFTWARE\CLASSES\CLSID\{3DFDF296-DBEC-4FB4-81D1-6A3438BCF4DE}\INSTANCE
1260	explorer.exe	0xe38ff80621e0	0x41d0	Event	0x1f0003	-
1260	explorer.exe	0xe38ff878e800	0x41d4	ALPC Port	0x1f0001	-
1260	explorer.exe	0xe38ffd19e950	0x41fc	File	0x100001	\Device\HarddiskVolume3\Program Files\WindowsApps\Microsoft.LanguageExperiencePacken-GB_19041.62.219.0_neutral__8wekyb3d8bbwe\Windows\System32\en-GB\acppage.dll.mui
1260	explorer.exe	0xe38ffc0c7ee0	0x4208	Event	0x1f0003	-
1260	explorer.exe	0xe38ffc3ee590	0x4214	ALPC Port	0x1f0001	-
1260	explorer.exe	0xe38000ba9310	0x4218	Mutant	0x1f0001	C::Users:Patrick:AppData:Local:Microsoft:Windows:Explorer:thumbcache_1920.db!dfMaintainer
1260	explorer.exe	0xe38ff9427c10	0x421c	Mutant	0x1f0001	C::Users:Patrick:AppData:Local:Microsoft:Windows:Explorer:iconcache_wide_alternate.db!dfMaintainer
1260	explorer.exe	0xaa0f98688ea0	0x4220	Key	0x10	MACHINE\SOFTWARE\CLASSES\CLSID\{1CF1260C-4DD0-4EBB-811F-33C572699FDE}\INSTANCE
1260	explorer.exe	0xaa0f8513b270	0x422c	DxgkCompositionObject	0x3	-
1260	explorer.exe	0xaa0f9298f7d0	0x4244	Key	0x9	MACHINE\SOFTWARE\MICROSOFT\WINDOWS\CURRENTVERSION\EXPLORER\COMMANDSTORE\SHELL\WINDOWS.UNDO
1260	explorer.exe	0xe38ff8607570	0x4254	EtwRegistration	0x804	-
1260	explorer.exe	0xe38ff708b5e0	0x425c	Semaphore	0x1f0003	-
1260	explorer.exe	0xe38ff86ce5e0	0x4270	Event	0x1f0003	-
1260	explorer.exe	0xe38ff7805960	0x4274	Event	0x1f0003	-
1260	explorer.exe	0xaa0f986917b0	0x4284	Key	0x10	MACHINE\SOFTWARE\CLASSES\CLSID\{1F3427C8-5C10-4210-AA03-2EE45287D668}\INSTANCE
1260	explorer.exe	0xe38ff9428450	0x4288	Mutant	0x1f0001	C::Users:Patrick:AppData:Local:Microsoft:Windows:Explorer:iconcache_idx.db!rwWriterMutex
1260	explorer.exe	0xe38ff93a9570	0x429c	File	0x100081	\Device\HarddiskVolume3\Users\Patrick\Desktop
1260	explorer.exe	0xe38ff9102c60	0x42ac	Event	0x1f0003	-
1260	explorer.exe	0xe38ff6d67a80	0x42b0	Event	0x1f0003	C::Users:Patrick:AppData:Local:Microsoft:Windows:Explorer:iconcache_idx.db!rwWriterEvent
1260	explorer.exe	0xe38ff9428f90	0x42b8	Mutant	0x1f0001	C::Users:Patrick:AppData:Local:Microsoft:Windows:Explorer:iconcache_1280.db!dfMaintainer
1260	explorer.exe	0xe38ff9428690	0x42bc	Mutant	0x1f0001	C::Users:Patrick:AppData:Local:Microsoft:Windows:Explorer:iconcache_1920.db!dfMaintainer
1260	explorer.exe	0xe38ff9428c90	0x42c0	Mutant	0x1f0001	C::Users:Patrick:AppData:Local:Microsoft:Windows:Explorer:iconcache_768.db!dfMaintainer
1260	explorer.exe	0xe38ff9428510	0x42c4	Mutant	0x1f0001	C::Users:Patrick:AppData:Local:Microsoft:Windows:Explorer:iconcache_96.db!dfMaintainer
1260	explorer.exe	0xe38ff9428ed0	0x42c8	Mutant	0x1f0001	C::Users:Patrick:AppData:Local:Microsoft:Windows:Explorer:iconcache_48.db!dfMaintainer
1260	explorer.exe	0xe38ff780b5e0	0x42cc	Event	0x1f0003	-
1260	explorer.exe	0xe38ff7b12b70	0x42d0	EtwRegistration	0x804	-
1260	explorer.exe	0xe38ff9427a90	0x42dc	Mutant	0x1f0001	C::Users:Patrick:AppData:Local:Microsoft:Windows:Explorer:iconcache_32.db!dfMaintainer
1260	explorer.exe	0xe38ffbaab780	0x42e4	IoCompletion	0x1f0003	-
1260	explorer.exe	0xe38ffb6f16e0	0x42e8	Event	0x1f0003	-
1260	explorer.exe	0xe38ffc4294c0	0x42ec	IoCompletion	0x1f0003	-
1260	explorer.exe	0xe38ff9b912e0	0x42fc	Event	0x1f0003	-
1260	explorer.exe	0xe38ff9b8df60	0x4304	Event	0x1f0003	-
1260	explorer.exe	0xe38ffb6f1960	0x4310	Event	0x1f0003	-
1260	explorer.exe	0xe38ff8d91080	0x4314	Thread	0x1fffff	Tid 10460 Pid 1260
1260	explorer.exe	0xe3800112f230	0x431c	File	0x100001	\Device\HarddiskVolume3\Windows\SystemResources\imageres.dll.mun
1260	explorer.exe	0xaa0f98694670	0x4324	Key	0x10	MACHINE\SOFTWARE\CLASSES\CLSID\{A0953C92-50DC-43BF-BE83-3742FED03C9C}\INSTANCE
1260	explorer.exe	0xe38ffdc4abc0	0x4330	File	0x100081	\Device\HarddiskVolume3\Users\Patrick\AppData\Roaming\Microsoft\Windows\Start Menu\Programs
1260	explorer.exe	0xe38ffc0d4560	0x4334	Event	0x1f0003	-
1260	explorer.exe	0xaa0fab2ab970	0x4338	Key	0x20019	USER\S-1-5-21-77607562-1836748022-3122067425-1001_CLASSES\DIRECTORY\BACKGROUND
1260	explorer.exe	0xe3800090b6e0	0x433c	Event	0x1f0003	-
1260	explorer.exe	0xaa0f9298c3c0	0x4354	Key	0x20019	MACHINE\SOFTWARE\MICROSOFT\WINDOWS\CURRENTVERSION\EXPLORER\COMMANDSTORE
1260	explorer.exe	0xaa0f89907170	0x4380	Section	0x0	-
1260	explorer.exe	0xe38ffd186440	0x4390	File	0x12019f	\Device\HarddiskVolume3\Users\Patrick\AppData\Local\Microsoft\Windows\Explorer\iconcache_32.db
1260	explorer.exe	0xe38ffc4460c0	0x43b0	File	0x100081	\Device\HarddiskVolume3\Users\Patrick\Searches
1260	explorer.exe	0xaa0fab2c44b0	0x43b8	Key	0x10	MACHINE\SOFTWARE\CLASSES\CLSID\{896664F7-12E1-490F-8782-C0835AFD98FC}\INSTANCE
1260	explorer.exe	0xe38ff9b94ce0	0x43c0	Event	0x1f0003	-
1260	explorer.exe	0xe38ffbf159d0	0x43e0	EtwRegistration	0x804	-
1260	explorer.exe	0xaa0f92984770	0x43e8	Key	0x20019	MACHINE\SOFTWARE\MICROSOFT\ENTERPRISECERTIFICATES\CA
1260	explorer.exe	0xe380012e8460	0x43f0	Event	0x1f0003	-
1260	explorer.exe	0xe38ffc4039f0	0x4424	EtwRegistration	0x804	-
1260	explorer.exe	0xe38fface1080	0x442c	Thread	0x1fffff	Tid 11044 Pid 1260
1260	explorer.exe	0xe38ffbaa8900	0x4438	IoCompletion	0x1f0003	-
1260	explorer.exe	0xe38ff9428450	0x4448	Mutant	0x1f0001	C::Users:Patrick:AppData:Local:Microsoft:Windows:Explorer:iconcache_idx.db!rwWriterMutex
1260	explorer.exe	0xe38ffc7d0080	0x4458	Thread	0x1fffff	Tid 5472 Pid 1260
1260	explorer.exe	0xaa0f91652410	0x4464	Section	0xf0007	4ecHWNDInterface:2002ae
1260	explorer.exe	0xe38ffc8568b0	0x4468	WaitCompletionPacket	0x1	-
1260	explorer.exe	0xe38ffb48d2e0	0x446c	Event	0x1f0003	-
1260	explorer.exe	0xaa0f7ed02850	0x4474	Section	0x0	-
1260	explorer.exe	0xe38ff9428690	0x4478	Mutant	0x1f0001	C::Users:Patrick:AppData:Local:Microsoft:Windows:Explorer:iconcache_1920.db!dfMaintainer
1260	explorer.exe	0xaa0f811f7370	0x447c	DxgkCompositionObject	0x3	-
1260	explorer.exe	0xe38ff9b869e0	0x4488	Event	0x1f0003	-
1260	explorer.exe	0xe38ffbab0d40	0x448c	IoCompletion	0x1f0003	-
1260	explorer.exe	0xe38ff8d91080	0x44bc	Thread	0x1fffff	Tid 10460 Pid 1260
1260	explorer.exe	0xe38ffd0126d0	0x44c0	File	0x12019f	\Device\HarddiskVolume3\Users\Patrick\AppData\Local\Microsoft\Windows\Explorer\iconcache_16.db
1260	explorer.exe	0xe38ff780cc60	0x44c8	Event	0x1f0003	-
1260	explorer.exe	0xe38ffbab47d0	0x44f4	EtwRegistration	0x804	-
1260	explorer.exe	0xe38ffb6ee6e0	0x4504	Event	0x1f0003	-
1260	explorer.exe	0xe38ffd195670	0x4508	File	0x100081	\Device\HarddiskVolume3\ProgramData\Microsoft\Windows\Start Menu\Programs
1260	explorer.exe	0xe38000ba8b90	0x4510	Mutant	0x1f0001	C::Users:Patrick:AppData:Local:Microsoft:Windows:Explorer:thumbcache_idx.db!ThumbnailCacheInit
1260	explorer.exe	0xe38ff91d5b60	0x4518	Event	0x1f0003	-
1260	explorer.exe	0xe38ff86ce160	0x4534	Event	0x1f0003	-
1260	explorer.exe	0xe38ff6d67a80	0x4538	Event	0x1f0003	C::Users:Patrick:AppData:Local:Microsoft:Windows:Explorer:iconcache_idx.db!rwWriterEvent
1260	explorer.exe	0xaa0f92a04e70	0x4554	DxgkCompositionObject	0x3	-
1260	explorer.exe	0xe38ff9b95f60	0x4558	Event	0x1f0003	-
1260	explorer.exe	0xaa0f98692f10	0x4560	Key	0x10	MACHINE\SOFTWARE\CLASSES\CLSID\{1CF1260C-4DD0-4EBB-811F-33C572699FDE}\INSTANCE
1260	explorer.exe	0xaa0f85115770	0x4594	DxgkCompositionObject	0x3	-
1260	explorer.exe	0xe38ff86d0260	0x45a8	Event	0x1f0003	-
1260	explorer.exe	0xaa0f92984330	0x45ec	Key	0x20019	MACHINE\SOFTWARE\MICROSOFT\SYSTEMCERTIFICATES\ROOT
1260	explorer.exe	0xe38ff69277c0	0x45f8	IoCompletion	0x1f0003	-
1260	explorer.exe	0xe38ffbab1880	0x4600	IoCompletion	0x1f0003	-
1260	explorer.exe	0xaa0f82558e90	0x460c	Section	0xf0007	4ecHWNDInterface:21087a
1260	explorer.exe	0xe38ff8391080	0x4630	Thread	0x1fffff	Tid 8556 Pid 1260
1260	explorer.exe	0xe38ff93ab640	0x4650	File	0x100081	\Device\HarddiskVolume3\Users\Patrick\AppData\Roaming\Microsoft\Windows\Network Shortcuts
1260	explorer.exe	0xe38ff83e9080	0x4654	Thread	0x1fffff	Tid 11128 Pid 1260
1260	explorer.exe	0xe38000ba8ad0	0x465c	Mutant	0x1f0001	C::Users:Patrick:AppData:Local:Microsoft:Windows:Explorer:thumbcache_wide_alternate.db!dfMaintainer
1260	explorer.exe	0xe38ff69490f0	0x4660	EtwRegistration	0x804	-
1260	explorer.exe	0xaa0f8f4aef50	0x466c	Section	0xf0007	4ecHWNDInterface:140794
1260	explorer.exe	0xe38ff83e9080	0x4684	Thread	0x1fffff	Tid 11128 Pid 1260
1260	explorer.exe	0xe38ffc723960	0x4688	Timer	0x1f0003	-
1260	explorer.exe	0xe38ff9427b50	0x46cc	Mutant	0x1f0001	C::Users:Patrick:AppData:Local:Microsoft:Windows:Explorer:iconcache_2560.db!dfMaintainer
1260	explorer.exe	0xe38ff80638e0	0x4700	Event	0x1f0003	-
1260	explorer.exe	0xe38ffd4ef080	0x4708	Thread	0x1fffff	Tid 6688 Pid 1260
1260	explorer.exe	0xe38ff86ce360	0x4714	Event	0x1f0003	-
1260	explorer.exe	0xe38ffba91370	0x4724	EtwRegistration	0x804	-
1260	explorer.exe	0xaa0f91616110	0x4728	Section	0xf0007	4ecHWNDInterface:d0926
1260	explorer.exe	0xe38ffd18e910	0x474c	File	0x100081	\Device\CdRom0\
1260	explorer.exe	0xe38ffd508e60	0x4764	WaitCompletionPacket	0x1	-
1260	explorer.exe	0xaa0f98686a80	0x476c	Key	0x10	MACHINE\SOFTWARE\CLASSES\CLSID\{B4BFCC3A-DB2C-424C-B029-7FE99A87C641}\INSTANCE
1260	explorer.exe	0xe38ff9b951e0	0x4774	Event	0x1f0003	-
1260	explorer.exe	0xe38ff286a4e0	0x4780	Event	0x1f0003	-
1260	explorer.exe	0xe38000ba9910	0x47a0	Mutant	0x1f0001	C::Users:Patrick:AppData:Local:Microsoft:Windows:Explorer:thumbcache_2560.db!dfMaintainer
1260	explorer.exe	0xe38ff9428ed0	0x47a4	Mutant	0x1f0001	C::Users:Patrick:AppData:Local:Microsoft:Windows:Explorer:iconcache_48.db!dfMaintainer
1260	explorer.exe	0xe38ffc84d400	0x47d8	WaitCompletionPacket	0x1	-
1260	explorer.exe	0xe38ffd88a810	0x47f8	Event	0x1f0003	Shell.FileExplorer.WindowOpen
1260	explorer.exe	0xaa0f9868ae80	0x480c	Key	0x10	MACHINE\SOFTWARE\CLASSES\CLSID\{24AD3AD4-A569-4530-98E1-AB02F9417AA8}\INSTANCE
1260	explorer.exe	0xe38ff9b8a160	0x4814	Event	0x1f0003	-
1260	explorer.exe	0xe38ffb6ee4e0	0x4818	Event	0x1f0003	-
1260	explorer.exe	0xaa0f9255e6d0	0x4820	Key	0x10	MACHINE\SOFTWARE\CLASSES\CLSID\{1CF1260C-4DD0-4EBB-811F-33C572699FDE}\INSTANCE
1260	explorer.exe	0xe38ff78642f0	0x4824	EtwRegistration	0x804	-
1260	explorer.exe	0xaa0f9298c800	0x4844	Key	0x9	MACHINE\SOFTWARE\MICROSOFT\WINDOWS\CURRENTVERSION\EXPLORER\COMMANDSTORE\SHELL\WINDOWS.NEWFOLDER
1260	explorer.exe	0xe38ff9b89ee0	0x484c	Event	0x1f0003	-
1260	explorer.exe	0xaa0f80166410	0x4860	Key	0x20019	MACHINE\SOFTWARE\MICROSOFT\SYSTEMCERTIFICATES\CA
1260	explorer.exe	0xe38ff7e44b60	0x4874	Event	0x1f0003	-
1260	explorer.exe	0xaa0f92550f20	0x4878	Key	0x10	MACHINE\SOFTWARE\CLASSES\CLSID\{3DFDF296-DBEC-4FB4-81D1-6A3438BCF4DE}\INSTANCE
1260	explorer.exe	0xe38ffcfe2040	0x4884	Thread	0x1fffff	Tid 4744 Pid 1260
1260	explorer.exe	0xe38ffb397080	0x488c	Thread	0x1fffff	Tid 5424 Pid 1260
1260	explorer.exe	0xe38ffc722d90	0x489c	Timer	0x1f0003	-
1260	explorer.exe	0xe38ff9b8ab60	0x48a0	Event	0x1f0003	-
1260	explorer.exe	0xaa0f80163dd0	0x48b4	Key	0x20019	MACHINE\SOFTWARE\MICROSOFT\SYSTEMCERTIFICATES\ROOT
1260	explorer.exe	0xe38ff82bf080	0x48e8	Thread	0x1fffff	Tid 5400 Pid 1260
1260	explorer.exe	0xe38ffbf22930	0x48f4	EtwRegistration	0x804	-
1260	explorer.exe	0xe38ff7b59080	0x48f8	Thread	0x1fffff	Tid 8056 Pid 1260
1260	explorer.exe	0xe38ffd8a6ab0	0x4910	Event	0x1f0003	SyncRootManagerRegistryUpdateEvent
1260	explorer.exe	0xe38ff89a8080	0x4914	Thread	0x100010	Tid 9800 Pid 1260
1260	explorer.exe	0xaa0f98695110	0x491c	Key	0x10	MACHINE\SOFTWARE\CLASSES\CLSID\{A8CDFF1C-4878-43BE-B5FD-F8091C1C60D0}\INSTANCE
1260	explorer.exe	0xaa0f8e258ea0	0x492c	Key	0x20019	MACHINE\SOFTWARE\MICROSOFT\ENTERPRISECERTIFICATES\TRUSTEDPEOPLE
1260	explorer.exe	0xaa0f9869fa00	0x4938	Key	0x10	MACHINE\SOFTWARE\CLASSES\CLSID\{B4BFCC3A-DB2C-424C-B029-7FE99A87C641}\INSTANCE
1260	explorer.exe	0xe38ff94a9080	0x493c	Thread	0x1fffff	Tid 2428 Pid 1260
1260	explorer.exe	0xe38ff80622e0	0x4974	Event	0x1f0003	-
1260	explorer.exe	0xe38000ba9190	0x497c	Mutant	0x1f0001	C::Users:Patrick:AppData:Local:Microsoft:Windows:Explorer:thumbcache_exif.db!dfMaintainer
1260	explorer.exe	0xe38ff8062360	0x4980	Event	0x1f0003	-
1260	explorer.exe	0xe38ffb6ee560	0x4988	Event	0x1f0003	-
1260	explorer.exe	0xe38ffbf37d80	0x498c	IoCompletion	0x1f0003	-
1260	explorer.exe	0xe38ffdc64200	0x49b8	File	0x12019f	\Device\HarddiskVolume3\Users\Patrick\AppData\Local\Microsoft\Windows\Explorer\thumbcache_32.db
1260	explorer.exe	0xaa0f80163880	0x49c8	Key	0x20019	USER\S-1-5-21-77607562-1836748022-3122067425-1001_CLASSES\LOCAL SETTINGS\SOFTWARE\MICROSOFT\WINDOWS\SHELL\BAGS\ALLFOLDERS\SHELL
1260	explorer.exe	0xaa0f8e259b60	0x49cc	Key	0x20019	USER\S-1-5-21-77607562-1836748022-3122067425-1001
1260	explorer.exe	0xe38ffaf029b0	0x49d4	File	0x100020	\Device\HarddiskVolume3\Windows\WinSxS\amd64_microsoft.windows.common-controls_6595b64144ccf1df_6.0.19041.6456_none_60b8a6cb71f64256
1260	explorer.exe	0xaa0f9282a7b0	0x49ec	Section	0x0	-
1260	explorer.exe	0xe38ff7863cd0	0x49f4	EtwRegistration	0x804	-
1260	explorer.exe	0xe38ff9b946e0	0x49f8	Event	0x1f0003	-
1260	explorer.exe	0xaa0f85113d70	0x4a10	DxgkCompositionObject	0x3	-
1260	explorer.exe	0xe38ff286a9e0	0x4a20	Event	0x1f0003	-
1260	explorer.exe	0xe38ffc0d06e0	0x4a2c	Event	0x1f0003	-
1260	explorer.exe	0xaa0f8e258510	0x4a50	Key	0x20019	MACHINE\SOFTWARE\MICROSOFT\SYSTEMCERTIFICATES\TRUSTEDPEOPLE
1260	explorer.exe	0xe38ffb1dc080	0x4a5c	Thread	0x1fffff	Tid 7956 Pid 1260
1260	explorer.exe	0xaa0f929871f0	0x4a64	Key	0x20019	USER\S-1-5-21-77607562-1836748022-3122067425-1001_CLASSES\DIRECTORY\BACKGROUND
1260	explorer.exe	0xe38ffc8519e0	0x4a6c	WaitCompletionPacket	0x1	-
1260	explorer.exe	0xe38ffc850800	0x4a74	WaitCompletionPacket	0x1	-
1260	explorer.exe	0xe38000906460	0x4a88	Event	0x1f0003	-
1260	explorer.exe	0xe38ff8e2fd20	0x4a9c	File	0x12019f	\Device\HarddiskVolume3\Users\Patrick\AppData\Local\Microsoft\Windows\Explorer\iconcache_32.db
1260	explorer.exe	0xe38ff9b8d360	0x4aa4	Event	0x1f0003	-
1260	explorer.exe	0xe38ff780dfe0	0x4ab0	Event	0x1f0003	-
1260	explorer.exe	0xaa0f85c9bc70	0x4adc	DxgkCompositionObject	0x3	-
1260	explorer.exe	0xaa0f92837eb0	0x4ae0	Section	0x0	-
1260	explorer.exe	0xe38ffd196c50	0x4b10	File	0x100081	\Device\HarddiskVolume3\ProgramData\Microsoft\Windows\Start Menu
1260	explorer.exe	0xe38ff780f160	0x4b18	Event	0x1f0003	-
1260	explorer.exe	0xe38ff780aee0	0x4b24	Event	0x1f0003	-
1260	explorer.exe	0xe38ffdc46bb0	0x4b34	File	0x100081	\Device\HarddiskVolume3\Users\Patrick\Videos
1260	explorer.exe	0xe38ffdca1fb0	0x4b3c	Event	0x1f0003	C::Users:Patrick:AppData:Local:Microsoft:Windows:Explorer:thumbcache_idx.db!rwWriterEvent
1260	explorer.exe	0xe38ff9427c10	0x4b40	Mutant	0x1f0001	C::Users:Patrick:AppData:Local:Microsoft:Windows:Explorer:iconcache_wide_alternate.db!dfMaintainer
1260	explorer.exe	0xaa0f98691d00	0x4b54	Key	0x10	MACHINE\SOFTWARE\CLASSES\CLSID\{088E3905-0323-4B02-9826-5D99428E115F}\INSTANCE
1260	explorer.exe	0xe38ffcfe2040	0x4b60	Thread	0x1fffff	Tid 4744 Pid 1260
1260	explorer.exe	0xaa0f8e26b600	0x4b68	Key	0x10	USER\S-1-5-21-77607562-1836748022-3122067425-1001_CLASSES\CLSID\{018D5C66-4533-4307-9B53-224DE2ED1FE6}\INSTANCE
1260	explorer.exe	0xe38ff9b96160	0x4b74	Event	0x1f0003	-
1260	explorer.exe	0xe38ffc0c5660	0x4b88	Event	0x1f0003	-
1260	explorer.exe	0xe38ffdbdb080	0x4b94	Process	0x100000	LogonUI.exe Pid 7080
1260	explorer.exe	0xe38ff82bf080	0x4bb0	Thread	0x1fffff	Tid 5400 Pid 1260
1260	explorer.exe	0xaa0f8511d870	0x4bb8	DxgkCompositionObject	0x3	-
1260	explorer.exe	0xe38ff93a9ed0	0x4bc8	File	0x100081	\Device\HarddiskVolume3\Users\Patrick\Desktop
1260	explorer.exe	0xaa0f8512b770	0x4be0	DxgkCompositionObject	0x3	-
1260	explorer.exe	0xe38ff7863db0	0x4bec	EtwRegistration	0x804	-
1260	explorer.exe	0xe38ffbedb080	0x4bf4	Thread	0x1fffff	Tid 6596 Pid 1260
1260	explorer.exe	0xe38ffba90900	0x4bf8	IoCompletion	0x1f0003	-
1260	explorer.exe	0xaa0f92313e70	0x4c10	DxgkCompositionObject	0x3	-
1260	explorer.exe	0xaa0f92303970	0x4c44	DxgkCompositionObject	0x3	-
1260	explorer.exe	0xe38ff944e860	0x4c4c	Event	0x1f0003	-
1260	explorer.exe	0xe38ff9b8d060	0x4c88	Event	0x1f0003	-
1260	explorer.exe	0xaa0f8e25b0a0	0x4cd0	Key	0x20006	USER\S-1-5-21-77607562-1836748022-3122067425-1001_CLASSES\LOCAL SETTINGS\SOFTWARE\MICROSOFT\WINDOWS\SHELL\BAGS\30\SHELL
1260	explorer.exe	0xe38000ba9850	0x4cd8	Mutant	0x1f0001	C::Users:Patrick:AppData:Local:Microsoft:Windows:Explorer:thumbcache_sr.db!dfMaintainer
1260	explorer.exe	0xaa0f92992250	0x4cf4	Key	0x20019	MACHINE\SOFTWARE\MICROSOFT\WINDOWS\CURRENTVERSION\EXPLORER\COMMANDSTORE
1260	explorer.exe	0xe38ff86cb860	0x4d08	Event	0x1f0003	-
1260	explorer.exe	0xe38ff780f0e0	0x4d28	Event	0x1f0003	-
1260	explorer.exe	0xaa0f8e25b920	0x4d3c	Key	0x20019	USER\S-1-5-21-77607562-1836748022-3122067425-1001_CLASSES\LOCAL SETTINGS\SOFTWARE\MICROSOFT\WINDOWS\SHELL\BAGS\30\SHELL
1260	explorer.exe	0xe38ffd00f340	0x4d78	File	0x12019f	\Device\HarddiskVolume3\Users\Patrick\AppData\Local\Microsoft\Windows\Explorer\iconcache_32.db
1260	explorer.exe	0xe3800090a1e0	0x4d84	Event	0x1f0003	-
1260	explorer.exe	0xe38000ba96d0	0x4d88	Mutant	0x1f0001	C::Users:Patrick:AppData:Local:Microsoft:Windows:Explorer:thumbcache_96.db!dfMaintainer
1260	explorer.exe	0xaa0f80783570	0x4de8	DxgkCompositionObject	0x3	-
1260	explorer.exe	0xaa0f9868b2c0	0x4e00	Key	0x10	MACHINE\SOFTWARE\CLASSES\CLSID\{A0953C92-50DC-43BF-BE83-3742FED03C9C}\INSTANCE
1260	explorer.exe	0xe38ffc0d0ae0	0x4e10	Event	0x1f0003	-
1260	explorer.exe	0xe38ff9a4ebd0	0x4e6c	File	0x12019f	\Device\HarddiskVolume3\Users\Patrick\AppData\Local\Microsoft\Windows\Explorer\thumbcache_idx.db
1260	explorer.exe	0xe38ffbde6a40	0x4e74	ALPC Port	0x1f0001	-
1260	explorer.exe	0xe38ff8e29920	0x4e78	File	0x12019f	\Device\HarddiskVolume3\Users\Patrick\AppData\Local\Microsoft\Windows\Explorer\thumbcache_256.db
1260	explorer.exe	0xaa0f9298f390	0x4e80	Key	0x20019	MACHINE\SOFTWARE\MICROSOFT\WINDOWS\CURRENTVERSION\EXPLORER\COMMANDSTORE
1260	explorer.exe	0xe38ff9b87f60	0x4eb4	Event	0x1f0003	-
1260	explorer.exe	0xe38000907360	0x4ec4	Event	0x1f0003	-
1260	explorer.exe	0xe38ff7ee9080	0x4ee8	Thread	0x1fffff	Tid 1916 Pid 1260
1260	explorer.exe	0xe38ffdc4b840	0x4f08	File	0x100081	\Device\HarddiskVolume3\Users\Patrick\AppData\Roaming\Microsoft\Internet Explorer\Quick Launch\User Pinned
1260	explorer.exe	0xaa0f92028690	0x4f30	Section	0x0	-
1260	explorer.exe	0xe38ffd18d7e0	0x4f90	File	0x100081	\Device\CdRom0\
1260	explorer.exe	0xaa0f92987410	0x4f98	Key	0x20019	MACHINE\SOFTWARE\MICROSOFT\WINDOWS\CURRENTVERSION\EXPLORER\COMMANDSTORE
1260	explorer.exe	0xe38ff6fd7080	0x4fc8	Thread	0x1fffff	Tid 10128 Pid 1260
1260	explorer.exe	0xe38ff8899070	0x4fd0	ALPC Port	0x1f0001	-
1260	explorer.exe	0xaa0f9298fb00	0x4fe0	Key	0x20019	MACHINE\SOFTWARE\MICROSOFT\WINDOWS\CURRENTVERSION\EXPLORER\COMMANDSTORE
1260	explorer.exe	0xe38ff692e350	0x4fec	EtwRegistration	0x804	-
1260	explorer.exe	0xe380009102e0	0x500c	Event	0x1f0003	-
1260	explorer.exe	0xe38ff9b8afe0	0x502c	Event	0x1f0003	-
1260	explorer.exe	0xe38ff9427e50	0x5054	Mutant	0x1f0001	C::Users:Patrick:AppData:Local:Microsoft:Windows:Explorer:iconcache_idx.db!IconCacheInit
1260	explorer.exe	0xe38ff6cd17a0	0x506c	ALPC Port	0x1f0001	-
1260	explorer.exe	0xe38ffd509dd0	0x5098	WaitCompletionPacket	0x1	-
1260	explorer.exe	0xe38ff78024e0	0x50b4	Event	0x1f0003	-
1260	explorer.exe	0xe38ff9b92460	0x50c0	Event	0x1f0003	-
1260	explorer.exe	0xe38ffd5087e0	0x50c4	WaitCompletionPacket	0x1	-
1260	explorer.exe	0xe38ff8c27080	0x50e0	Thread	0x1fffff	Tid 10944 Pid 1260
1260	explorer.exe	0xe38ff780b8e0	0x5120	Event	0x1f0003	-
1260	explorer.exe	0xe38ffd507c80	0x5140	WaitCompletionPacket	0x1	-
1260	explorer.exe	0xe380009029e0	0x5174	Event	0x1f0003	-
1260	explorer.exe	0xe38ffc0c5d60	0x5198	Event	0x1f0003	-
1260	explorer.exe	0xaa0f929905a0	0x51f0	Key	0x9	MACHINE\SOFTWARE\MICROSOFT\WINDOWS\CURRENTVERSION\EXPLORER\COMMANDSTORE\SHELL\WINDOWS.REDO
1260	explorer.exe	0xaa0f92a03970	0x51f4	DxgkCompositionObject	0x3	-
1260	explorer.exe	0xe38ff86cd1e0	0x5294	Event	0x1f0003	-
1260	explorer.exe	0xe38ffc0c94e0	0x52a0	Event	0x1f0003	-
1260	explorer.exe	0xe38ffbbfa280	0x52c4	Timer	0x1f0003	-
1260	explorer.exe	0xe38ff9428390	0x52c8	Mutant	0x1f0001	C::Users:Patrick:AppData:Local:Microsoft:Windows:Explorer:iconcache_16.db!dfMaintainer
1260	explorer.exe	0xe38ff9428bd0	0x52d4	Mutant	0x1f0001	C::Users:Patrick:AppData:Local:Microsoft:Windows:Explorer:iconcache_exif.db!dfMaintainer
1260	explorer.exe	0xe38000ba9490	0x52d8	Mutant	0x1f0001	C::Users:Patrick:AppData:Local:Microsoft:Windows:Explorer:thumbcache_1280.db!dfMaintainer
1260	explorer.exe	0xe38ffbab4df0	0x52dc	EtwRegistration	0x804	-
1260	explorer.exe	0xe38ffd507870	0x5358	WaitCompletionPacket	0x1	-
1260	explorer.exe	0xe38ff780de60	0x53d4	Event	0x1f0003	-
1260	explorer.exe	0xe38ffd195e40	0x540c	File	0x100081	\Device\HarddiskVolume3\ProgramData\Microsoft\Windows\Start Menu
1260	explorer.exe	0xe38ff807a080	0x542c	Thread	0x1fffff	Tid 1756 Pid 1260
1260	explorer.exe	0xaa0f8f4af190	0x545c	Section	0xf0007	4ecHWNDInterface:70b9a
1260	explorer.exe	0xe38ff93aae70	0x547c	File	0x100081	\Device\HarddiskVolume3\Users\Patrick\AppData\Roaming\Microsoft\Windows\Network Shortcuts
1260	explorer.exe	0xe38ff86d10e0	0x54a0	Event	0x1f0003	-
1260	explorer.exe	0xe38ffd18fa40	0x54bc	File	0x120089	\Device\DeviceApi\CMNotify
1260	explorer.exe	0xe38000ba8650	0x54c8	Mutant	0x1f0001	C::Users:Patrick:AppData:Local:Microsoft:Windows:Explorer:thumbcache_16.db!dfMaintainer
1260	explorer.exe	0xaa0f92a04970	0x5560	DxgkCompositionObject	0x3	-
1260	explorer.exe	0xe38ffbab0e00	0x556c	IoCompletion	0x1f0003	-
1260	explorer.exe	0xe38ff78070e0	0x557c	Event	0x1f0003	-
1260	explorer.exe	0xe38000ba9550	0x5588	Mutant	0x1f0001	C::Users:Patrick:AppData:Local:Microsoft:Windows:Explorer:thumbcache_idx.db!rwWriterMutex
1260	explorer.exe	0xe38ff94291d0	0x55d4	Mutant	0x1f0001	C::Users:Patrick:AppData:Local:Microsoft:Windows:Explorer:iconcache_wide.db!dfMaintainer
1260	explorer.exe	0xe38ff86ce8e0	0x5600	Event	0x1f0003	-
1260	explorer.exe	0xaa0f8e25a0b0	0x5628	Key	0x10	MACHINE\SOFTWARE\CLASSES\CLSID\{374DE290-123F-4565-9164-39C4925E467B}\INSTANCE
1260	explorer.exe	0xe38ff86ce060	0x5630	Event	0x1f0003	-
1260	explorer.exe	0xaa0f92990380	0x5720	Key	0x20019	MACHINE\SOFTWARE\MICROSOFT\WINDOWS\CURRENTVERSION\EXPLORER\COMMANDSTORE\SHELL\WINDOWS.REDO
1260	explorer.exe	0xe38ffc0cfbe0	0x572c	Event	0x1f0003	-
1260	explorer.exe	0xe38ff9b85e60	0x577c	Event	0x1f0003	-
1260	explorer.exe	0xe38ffdc4a8a0	0x5798	File	0x100081	\Device\HarddiskVolume3\Users\Patrick\AppData\Roaming\Microsoft\Internet Explorer\Quick Launch\User Pinned
1260	explorer.exe	0xe38ff7e485e0	0x57a0	Event	0x1f0003	-
1260	explorer.exe	0xe38ffdc49770	0x57d0	File	0x100081	\Device\HarddiskVolume3\Users\Patrick\Documents
1260	explorer.exe	0xe38ffeabe830	0x582c	IoCompletionReserve	0xf0003	-
1260	explorer.exe	0xaa0f81a299b0	0x5870	Section	0xf0007	-
1260	explorer.exe	0xe38000906d60	0x5884	Event	0x1f0003	-
1260	explorer.exe	0xaa0f85116a70	0x58d4	DxgkCompositionObject	0x3	-
1260	explorer.exe	0xe38ffc0c7fe0	0x58e4	Event	0x1f0003	-
1260	explorer.exe	0xe38ff6d45810	0x5914	ALPC Port	0x1f0001	-
1260	explorer.exe	0xe38ffbaaa0c0	0x5918	IoCompletion	0x1f0003	-
1260	explorer.exe	0xe38ff807a080	0x5920	Thread	0x1fffff	Tid 1756 Pid 1260
1260	explorer.exe	0xe38ffdc4ad50	0x5940	File	0x100081	\Device\HarddiskVolume3\Users\Patrick\AppData\Roaming\Microsoft\Windows\Start Menu
1260	explorer.exe	0xe38ff87042d0	0x594c	WaitCompletionPacket	0x1	-
1260	explorer.exe	0xe38ff94a9080	0x5958	Thread	0x1fffff	Tid 2428 Pid 1260
1260	explorer.exe	0xe38ffea9dbf0	0x596c	IoCompletionReserve	0xf0003	-
1260	explorer.exe	0xe38ff86cece0	0x5990	Event	0x1f0003	-
1260	explorer.exe	0xaa0f8f4af850	0x5998	Section	0xf0007	4ecHWNDInterface:240664
1260	explorer.exe	0xe38ffba84c00	0x59a4	IoCompletion	0x1f0003	-
1260	explorer.exe	0xe38ff86cfde0	0x59c8	Event	0x1f0003	-
1260	explorer.exe	0xaa0f929927a0	0x59cc	Key	0x9	MACHINE\SOFTWARE\MICROSOFT\WINDOWS\CURRENTVERSION\EXPLORER\COMMANDSTORE\SHELL\WINDOWS.RIBBONDELETE
1260	explorer.exe	0xe38ffdc87550	0x59ec	Mutant	0x1f0001	-
1260	explorer.exe	0xaa0f9868ff40	0x5a10	Key	0x10	MACHINE\SOFTWARE\CLASSES\CLSID\{3DFDF296-DBEC-4FB4-81D1-6A3438BCF4DE}\INSTANCE
1260	explorer.exe	0xe38ffbac1e30	0x5a3c	EtwRegistration	0x804	-
1260	explorer.exe	0xaa0f92992cf0	0x5a40	Key	0x9	MACHINE\SOFTWARE\MICROSOFT\WINDOWS\CURRENTVERSION\EXPLORER\COMMANDSTORE\SHELL\WINDOWS.RENAME
1260	explorer.exe	0xe38ffd5099c0	0x5a7c	WaitCompletionPacket	0x1	-
1260	explorer.exe	0xe38ffd505da0	0x5ab0	WaitCompletionPacket	0x1	-
1260	explorer.exe	0xe38ff7805f60	0x5acc	Event	0x1f0003	-
1260	explorer.exe	0xaa0f98692470	0x5ad8	Key	0x20019	MACHINE\SOFTWARE\MICROSOFT\CRYPTOGRAPHY\OID\ENCODINGTYPE 0\CERTDLLCREATECERTIFICATECHAINENGINE\CONFIG
1260	explorer.exe	0xe38ff9b95860	0x5aec	Event	0x1f0003	-
1260	explorer.exe	0xe38ff86d0760	0x5af0	Event	0x1f0003	-
1260	explorer.exe	0xe38ff9a53220	0x5b00	File	0x12019f	\Device\HarddiskVolume3\Users\Patrick\AppData\Local\Microsoft\Windows\Explorer\thumbcache_96.db
1260	explorer.exe	0xe38ff86cb8e0	0x5b0c	Event	0x1f0003	-
1260	explorer.exe	0xe38ffc84d190	0x5b1c	WaitCompletionPacket	0x1	-
1260	explorer.exe	0xaa0fab703490	0x5b44	Section	0xf0007	4ecHWNDInterface:50c26
1260	explorer.exe	0xaa0f9298a4f0	0x5b48	Key	0x20019	MACHINE\SOFTWARE\MICROSOFT\WINDOWS\CURRENTVERSION\EXPLORER\COMMANDSTORE\SHELL\WINDOWS.NEWFOLDER
1260	explorer.exe	0xe38ff666e8c0	0x5b50	File	0x100081	\Device\HarddiskVolume3\Users\Patrick\AppData\Local\Microsoft\Windows\Burn
1260	explorer.exe	0xe38ff77e4080	0x5b60	Thread	0x1fffff	Tid 4356 Pid 1260
1260	explorer.exe	0xe38ffdc4bb60	0x5bb4	File	0x100081	\Device\HarddiskVolume3\Users\Patrick\AppData\Roaming\Microsoft\Windows\Start Menu\Programs
1260	explorer.exe	0xe38ff9427d90	0x5bcc	Mutant	0x1f0001	C::Users:Patrick:AppData:Local:Microsoft:Windows:Explorer:iconcache_custom_stream.db!dfMaintainer
1260	explorer.exe	0xaa0f81a32330	0x5be0	Section	0xf0007	-
1260	explorer.exe	0xe38ff86cb360	0x5be8	Event	0x1f0003	-
1260	explorer.exe	0xe38000ba8590	0x5bec	Mutant	0x1f0001	C::Users:Patrick:AppData:Local:Microsoft:Windows:Explorer:thumbcache_custom_stream.db!dfMaintainer
1260	explorer.exe	0xaa0f8e269620	0x5bf0	Key	0x10	USER\S-1-5-21-77607562-1836748022-3122067425-1001_CLASSES\CLSID\{018D5C66-4533-4307-9B53-224DE2ED1FE6}\INSTANCE
